DOI,Created Date,Missing Field
10.7554/elife.96286,2024-1-24,References
10.7554/elife.55543,2020-2-10,References
10.7554/elife.02490,2014-2-11,References
10.7554/elife.03521,2014-6-3,References
10.7554/elife.94305,2023-11-9,References
10.7554/elife.37048,2018-4-12,References
10.7554/elife.40515,2018-8-2,References
10.7554/elife.52397,2019-10-4,References
10.7554/elife.92968,2023-10-13,References
10.7554/elife.80570,2022-6-28,References
10.7554/elife.27970,2017-4-25,References
10.7554/elife.65227,2020-12-3,References
10.7554/elife.06536,2015-4-13,References
10.7554/elife.00477,2013-1-22,References
10.7554/elife.71583,2021-7-2,References
10.7554/elife.50543,2019-8-20,References
10.7554/elife.84262,2023-1-20,References
10.7554/elife.110124,2025-12-1,References
10.7554/elife.11514,2015-9-25,References
10.7554/elife.06400,2015-3-26,References
10.7554/elife.52847,2019-10-18,References
10.7554/elife.79841,2022-5-19,References
10.7554/elife.87888,2023-3-21,References
10.7554/elife.59538,2020-6-2,References
10.7554/elife.82831,2022-9-5,References
10.7554/elife.17181,2016-4-27,References
10.7554/elife.05087,2014-10-13,References
10.7554/elife.05394,2014-11-7,References
10.7554/elife.101107,2024-7-1,References
10.7554/elife.96183,2024-1-22,References
10.7554/elife.33307,2017-11-8,References
10.7554/elife.34752,2018-1-8,References
10.7554/elife.86017,2023-1-11,References
10.7554/elife.43237,2018-11-12,References
10.7554/elife.56968,2020-3-18,References
10.7554/elife.65744,2020-12-16,References
10.7554/elife.90408,2023-8-8,References
10.7554/elife.107998,2025-6-11,References
10.7554/elife.79342,2023-1-27,References
10.7554/elife.59587,2020-6-10,References
10.7554/elife.75862,2021-12-13,References
10.7554/elife.30599,2017-8-14,References
10.7554/elife.02945,2014-4-16,References
10.7554/elife.22214,2016-10-20,References
10.7554/elife.07586,2015-3-24,References
10.7554/elife.08656,2015-5-18,References
10.7554/elife.72438,2021-7-26,References
10.7554/elife.74046,2021-9-23,References
10.7554/elife.77091,2022-1-28,References
10.7554/elife.79475,2022-4-26,References
10.7554/elife.50707,2019-8-5,References
10.7554/elife.24506,2016-12-30,References
10.7554/elife.32902,2017-10-19,References
10.7554/elife.94481,2023-11-20,References
10.7554/elife.98284,2024-3-28,References
10.7554/elife.60141,2020-6-18,References
10.7554/elife.32016,2017-9-28,References
10.7554/elife.98891,2024-4-29,References
10.7554/elife.86758,2023-2-10,References
10.7554/elife.01515,2013-11-19,References
10.7554/elife.33173,2017-10-31,References
10.7554/elife.99343,2024-5-7,References
10.7554/elife.01221,2013-7-23,References
10.7554/elife.01252,2013-7-23,References
10.7554/elife.18706,2016-6-16,References
10.7554/elife.05419,2014-11-7,References
10.7554/elife.75743,2021-11-25,References
10.7554/elife.77794,2022-2-18,References
10.7554/elife.50980,2019-8-12,References
10.7554/elife.60401,2020-6-30,References
10.7554/elife.63695,2020-10-5,References
10.7554/elife.106702,2025-3-25,References
10.7554/elife.25412,2017-3-15,References
10.7554/elife.01140,2013-7-23,References
10.7554/elife.06740,2015-2-11,References
10.7554/elife.07532,2015-3-27,References
10.7554/elife.102872,2024-9-6,References
10.7554/elife.103327,2024-9-23,References
10.7554/elife.73737,2021-9-9,References
10.7554/elife.91529,2023-8-8,References
10.7554/elife.79129,2022-4-5,References
10.7554/elife.10095,2015-7-21,References
10.7554/elife.106163,2025-1-27,References
10.7554/elife.84169,2022-10-17,References
10.7554/elife.31482,2017-9-13,References
10.7554/elife.35768,2018-2-12,References
10.7554/elife.46910,2019-4-3,References
10.7554/elife.46993,2019-3-26,References
10.7554/elife.63264,2020-9-24,References
10.7554/elife.05770,2015-1-6,References
10.7554/elife.85166,2022-12-1,References
10.7554/elife.79182,2022-4-13,References
10.7554/elife.52513,2025-12-24,References
10.7554/elife.00676,2013-4-16,References
10.7554/elife.87444,2023-4-4,References
10.7554/elife.87366,2023-3-16,References
10.7554/elife.01328,2013-8-28,References
10.7554/elife.01816,2013-11-7,References
10.7554/elife.24879,2017-1-19,References
10.7554/elife.32516,2017-10-5,References
10.7554/elife.53217,2019-11-4,References
10.7554/elife.54328,2019-12-11,References
10.7554/elife.57036,2020-3-23,References
10.7554/elife.66683,2021-1-25,References
10.7554/elife.101019,2024-7-4,References
10.7554/elife.103865,2024-10-3,References
10.7554/elife.104349,2024-10-15,References
10.7554/elife.78825,2022-4-1,References
10.7554/elife.82643,2022-8-22,References
10.7554/elife.93328,2023-10-12,References
10.7554/elife.49932,2019-7-8,References
10.7554/elife.81548,2022-7-11,References
10.7554/elife.14383,2016-1-27,References
10.7554/elife.15743,2016-3-23,References
10.7554/elife.44814,2019-1-8,References
10.7554/elife.88685,2023-4-19,References
10.7554/elife.29849,2017-6-27,References
10.7554/elife.64094,2020-10-22,References
10.7554/elife.83251,2022-10-12,References
10.7554/elife.36786,2018-4-16,References
10.7554/elife.09169,2015-6-8,References
10.7554/elife.77092,2022-1-28,References
10.7554/elife.26902,2017-3-27,References
10.7554/elife.28212,2017-5-4,References
10.7554/elife.98211,2024-4-25,References
10.7554/elife.37833,2018-5-4,References
10.7554/elife.44302,2018-12-21,References
10.7554/elife.56553,2020-3-5,References
10.7554/elife.69853,2021-4-29,References
10.7554/elife.09944,2015-7-23,References
10.7554/elife.74981,2021-11-5,References
10.7554/elife.21230,2016-9-29,References
10.7554/elife.04741,2014-9-18,References
10.7554/elife.12810,2015-11-6,References
10.7554/elife.08168,2015-4-22,References
10.7554/elife.08663,2015-5-28,References
10.7554/elife.107055,2025-4-3,References
10.7554/elife.93941,2023-11-1,References
10.7554/elife.84187,2022-10-20,References
10.7554/elife.85738,2023-1-3,References
10.7554/elife.22300,2016-10-19,References
10.7554/elife.22495,2016-10-19,References
10.7554/elife.25460,2017-1-31,References
10.7554/elife.58965,2020-6-22,References
10.7554/elife.82928,2022-9-21,References
10.7554/elife.106701,2025-3-27,References
10.7554/elife.18898,2016-8-30,References
10.7554/elife.105750,2024-12-20,References
10.7554/elife.106301,2025-2-7,References
10.7554/elife.79782,2022-5-4,References
10.7554/elife.99599,2024-5-10,References
10.7554/elife.22475,2016-10-24,References
10.7554/elife.34572,2018-1-8,References
10.7554/elife.85158,2022-11-28,References
10.7554/elife.56997,2020-3-18,References
10.7554/elife.101618,2024-7-31,References
10.7554/elife.92403,2023-9-5,References
10.7554/elife.46827,2019-9-20,References
10.7554/elife.01114,2013-7-2,References
10.7554/elife.106198,2025-2-3,References
10.7554/elife.72022,2021-7-9,References
10.7554/elife.83277,2022-9-14,References
10.7554/elife.86893,2023-2-23,References
10.7554/elife.87987,2023-3-22,References
10.7554/elife.37316,2018-4-10,References
10.7554/elife.38361,2018-5-16,References
10.7554/elife.91539,2023-8-2,References
10.7554/elife.31512,2017-9-7,References
10.7554/elife.31550,2017-10-9,References
10.7554/elife.57666,2020-4-16,References
10.7554/elife.70755,2021-5-28,References
10.7554/elife.106710,2025-3-25,References
10.7554/elife.51742,2019-9-11,References
10.7554/elife.48778,2019-5-28,References
10.7554/elife.26528,2017-3-8,References
10.7554/elife.80711,2022-6-28,References
10.7554/elife.59046,2022-1-13,References
10.7554/elife.97360,2024-2-29,References
10.7554/elife.04371,2014-8-22,References
10.7554/elife.108912,2025-8-20,References
10.7554/elife.11547,2015-9-22,References
10.7554/elife.104341,2024-11-11,References
10.7554/elife.107369,2025-5-2,References
10.7554/elife.43690,2018-11-16,References
10.7554/elife.58195,2020-4-27,References
10.7554/elife.74730,2021-10-19,References
10.7554/elife.76247,2021-12-15,References
10.7554/elife.77377,2022-1-27,References
10.7554/elife.26811,2017-3-15,References
10.7554/elife.28205,2017-5-5,References
10.7554/elife.05657,2014-11-24,References
10.7554/elife.06986,2015-2-18,References
10.7554/elife.104114,2024-10-21,References
10.7554/elife.15597,2016-3-16,References
10.7554/elife.91723,2023-8-9,References
10.7554/elife.27642,2017-4-13,References
10.7554/elife.56774,2020-3-10,References
10.7554/elife.45804,2019-2-6,References
10.7554/elife.31641,2017-9-6,References
10.7554/elife.86471,2023-2-9,References
10.7554/elife.33413,2017-11-8,References
10.7554/elife.50527,2019-8-6,References
10.7554/elife.00353,2012-12-13,References
10.7554/elife.01597,2013-10-8,References
10.7554/elife.03602,2014-6-11,References
10.7554/elife.109889,2025-11-14,References
10.7554/elife.14281,2016-2-3,References
10.7554/elife.15893,2016-3-14,References
10.7554/elife.16332,2016-3-31,References
10.7554/elife.101165,2024-7-2,References
10.7554/elife.101706,2024-7-31,References
10.7554/elife.76898,2022-1-19,References
10.7554/elife.77337,2022-1-27,References
10.7554/elife.78088,2022-3-2,References
10.7554/elife.65123,2020-12-1,References
10.7554/elife.78530,2023-2-9,References
10.7554/elife.90402,2023-6-27,References
10.7554/elife.36992,2018-4-9,References
10.7554/elife.36366,2018-4-4,References
10.7554/elife.106706,2025-3-26,References
10.7554/elife.16606,2016-4-25,References
10.7554/elife.19432,2016-7-14,References
10.7554/elife.85366,2022-12-14,References
10.7554/elife.85479,2022-12-15,References
10.7554/elife.91492,2023-8-1,References
10.7554/elife.10084,2015-7-24,References
10.7554/elife.101848,2024-10-3,References
10.7554/elife.10328,2015-7-29,References
10.7554/elife.63994,2020-10-15,References
10.7554/elife.64623,2020-11-9,References
10.7554/elife.71338,2021-6-24,References
10.7554/elife.44441,2018-12-20,References
10.7554/elife.106704,2025-3-25,References
10.7554/elife.37432,2018-4-23,References
10.7554/elife.106819,2025-3-27,References
10.7554/elife.01700,2013-10-22,References
10.7554/elife.12968,2015-11-18,References
10.7554/elife.05179,2014-10-21,References
10.7554/elife.103278,2024-9-13,References
10.7554/elife.104576,2024-10-22,References
10.7554/elife.32061,2017-9-18,References
10.7554/elife.95305,2023-12-20,References
10.7554/elife.96151,2024-2-5,References
10.7554/elife.60055,2020-6-19,References
10.7554/elife.84343,2022-11-9,References
10.7554/elife.05846,2015-1-13,References
10.7554/elife.81228,2022-6-28,References
10.7554/elife.82988,2022-9-2,References
10.7554/elife.86472,2023-2-13,References
10.7554/elife.46860,2019-3-21,References
10.7554/elife.25660,2017-2-6,References
10.7554/elife.93253,2023-10-20,References
10.7554/elife.109153,2025-9-22,References
10.7554/elife.91607,2023-9-6,References
10.7554/elife.02094,2013-12-20,References
10.7554/elife.05256,2014-10-28,References
10.7554/elife.100253,2024-6-3,References
10.7554/elife.107190,2025-4-14,References
10.7554/elife.80871,2022-7-1,References
10.7554/elife.83998,2022-10-10,References
10.7554/elife.36853,2018-4-4,References
10.7554/elife.99846,2024-5-20,References
10.7554/elife.55647,2020-2-5,References
10.7554/elife.23066,2016-11-9,References
10.7554/elife.56027,2020-2-14,References
10.7554/elife.60938,2020-7-14,References
10.7554/elife.49823,2019-7-2,References
10.7554/elife.22672,2016-11-8,References
10.7554/elife.24307,2016-12-20,References
10.7554/elife.33738,2017-11-22,References
10.7554/elife.69260,2021-4-13,References
10.7554/elife.109758,2025-10-31,References
10.7554/elife.13015,2015-11-24,References
10.7554/elife.13038,2015-11-25,References
10.7554/elife.74986,2021-11-2,References
10.7554/elife.85169,2022-11-29,References
10.7554/elife.06494,2015-1-28,References
10.7554/elife.91312,2023-7-25,References
10.7554/elife.106705,2025-3-26,References
10.7554/elife.77719,2022-2-17,References
10.7554/elife.04563,2014-9-4,References
10.7554/elife.07482,2015-3-18,References
10.7554/elife.100599,2024-6-26,References
10.7554/elife.81959,2022-8-1,References
10.7554/elife.42543,2018-10-11,References
10.7554/elife.31295,2017-8-22,References
10.7554/elife.54265,2020-1-14,References
10.7554/elife.89322,2023-5-18,References
10.7554/elife.54867,2020-2-21,References
10.7554/elife.12522,2015-11-24,References
10.7554/elife.18204,2016-6-9,References
10.7554/elife.08186,2015-4-27,References
10.7554/elife.83258,2022-9-8,References
10.7554/elife.107584,2025-5-8,References
10.7554/elife.79034,2022-4-1,References
10.7554/elife.79304,2022-4-20,References
10.7554/elife.38781,2018-6-4,References
10.7554/elife.38909,2018-6-29,References
10.7554/elife.30948,2017-8-31,References
10.7554/elife.107690,2025-5-19,References
10.7554/elife.66677,2021-1-27,References
10.7554/elife.69225,2021-4-13,References
10.7554/elife.00270,2012-10-15,References
10.7554/elife.35006,2018-7-5,References
10.7554/elife.00488,2013-2-20,References
10.7554/elife.04998,2014-10-8,References
10.7554/elife.66685,2021-1-21,References
10.7554/elife.28407,2017-5-11,References
10.7554/elife.06720,2015-2-6,References
10.7554/elife.100778,2024-7-2,References
10.7554/elife.105903,2025-1-7,References
10.7554/elife.51082,2019-8-19,References
10.7554/elife.52671,2019-10-18,References
10.7554/elife.59147,2020-5-27,References
10.7554/elife.25410,2017-3-15,References
10.7554/elife.109109,2025-9-10,References
10.7554/elife.109210,2025-9-11,References
10.7554/elife.21585,2016-9-27,References
10.7554/elife.06900,2015-2-12,References
10.7554/elife.09993,2015-7-17,References
10.7554/elife.72188,2021-7-22,References
10.7554/elife.26228,2017-3-2,References
10.7554/elife.28693,2017-5-22,References
10.7554/elife.97099,2024-2-20,References
10.7554/elife.95068,2023-12-11,References
10.7554/elife.45734,2019-3-7,References
10.7554/elife.39915,2018-7-11,References
10.7554/elife.01663,2013-10-11,References
10.7554/elife.108677,2025-8-12,References
10.7554/elife.08658,2015-5-18,References
10.7554/elife.90048,2023-6-12,References
10.7554/elife.34464,2017-12-20,References
10.7554/elife.65803,2020-12-17,References
10.7554/elife.08172,2015-7-7,References
10.7554/elife.47985,2019-5-7,References
10.7554/elife.02516,2014-2-18,References
10.7554/elife.00992,2013-6-11,References
10.7554/elife.108911,2025-8-20,References
10.7554/elife.109900,2025-11-14,References
10.7554/elife.06656,2015-2-2,References
10.7554/elife.103529,2024-9-26,References
10.7554/elife.103993,2024-10-3,References
10.7554/elife.108007,2025-6-18,References
10.7554/elife.46989,2019-4-2,References
10.7554/elife.47174,2019-3-29,References
10.7554/elife.31708,2017-9-6,References
10.7554/elife.75422,2021-11-11,References
10.7554/elife.77538,2022-2-14,References
10.7554/elife.84310,2022-10-27,References
10.7554/elife.59154,2020-5-26,References
10.7554/elife.00856,2013-5-28,References
10.7554/elife.52669,2019-10-25,References
10.7554/elife.77184,2022-1-28,References
10.7554/elife.94879,2023-12-5,References
10.7554/elife.100571,2024-7-23,References
10.7554/elife.01108,2013-7-2,References
10.7554/elife.104437,2024-10-15,References
10.7554/elife.107151,2025-4-15,References
10.7554/elife.74328,2021-10-5,References
10.7554/elife.87504,2023-3-7,References
10.7554/elife.90007,2023-6-22,References
10.7554/elife.28013,2017-4-25,References
10.7554/elife.29876,2017-6-26,References
10.7554/elife.35974,2018-3-7,References
10.7554/elife.42513,2018-10-10,References
10.7554/elife.92566,2023-9-14,References
10.7554/elife.93330,2023-10-12,References
10.7554/elife.108860,2025-8-21,References
10.7554/elife.110283,2025-12-19,References
10.7554/elife.88586,2023-4-18,References
10.7554/elife.29017,2017-6-5,References
10.7554/elife.29743,2017-6-20,References
10.7554/elife.41593,2018-11-1,References
10.7554/elife.30537,2017-7-19,References
10.7554/elife.49040,2019-6-5,References
10.7554/elife.62018,2020-10-2,References
10.7554/elife.11988,2015-10-9,References
10.7554/elife.19109,2016-7-1,References
10.7554/elife.100526,2024-6-14,References
10.7554/elife.78698,2022-3-22,References
10.7554/elife.25532,2017-2-1,References
10.7554/elife.44029,2018-11-30,References
10.7554/elife.44851,2019-1-7,References
10.7554/elife.65214,2020-12-4,References
10.7554/elife.57162,2020-3-25,References
10.7554/elife.27982,2017-5-4,References
10.7554/elife.03178,2014-5-6,References
10.7554/elife.14128,2016-1-22,References
10.7554/elife.14282,2016-1-28,References
10.7554/elife.09036,2015-6-4,References
10.7554/elife.89419,2023-5-18,References
10.7554/elife.40684,2018-8-3,References
10.7554/elife.94414,2023-11-14,References
10.7554/elife.92931,2023-9-26,References
10.7554/elife.97640,2024-3-15,References
10.7554/elife.01979,2013-12-3,References
10.7554/elife.11383,2015-9-14,References
10.7554/elife.11802,2015-10-1,References
10.7554/elife.12289,2015-10-21,References
10.7554/elife.05570,2014-11-20,References
10.7554/elife.105985,2025-1-15,References
10.7554/elife.96697,2024-2-9,References
10.7554/elife.32342,2017-10-17,References
10.7554/elife.34573,2018-1-8,References
10.7554/elife.63032,2020-9-17,References
10.7554/elife.65689,2020-12-16,References
10.7554/elife.70785,2021-6-4,References
10.7554/elife.64910,2020-12-1,References
10.7554/elife.54551,2020-1-8,References
10.7554/elife.11935,2015-10-5,References
10.7554/elife.108498,2025-12-12,References
10.7554/elife.01214,2013-7-23,References
10.7554/elife.14311,2016-1-21,References
10.7554/elife.14954,2016-3-2,References
10.7554/elife.95782,2024-1-3,References
10.7554/elife.96613,2024-2-6,References
10.7554/elife.07239,2015-3-4,References
10.7554/elife.106838,2025-3-21,References
10.7554/elife.40642,2018-8-2,References
10.7554/elife.41300,2018-8-23,References
10.7554/elife.07157,2015-3-17,References
10.7554/elife.00565,2013-2-11,References
10.7554/elife.01045,2013-6-14,References
10.7554/elife.69256,2021-4-21,References
10.7554/elife.108230,2025-7-9,References
10.7554/elife.108668,2025-7-31,References
10.7554/elife.20672,2016-8-18,References
10.7554/elife.107890,2025-6-4,References
10.7554/elife.80233,2022-5-18,References
10.7554/elife.27150,2017-3-30,References
10.7554/elife.83117,2022-9-5,References
10.7554/elife.21723,2016-10-19,References
10.7554/elife.92367,2023-8-31,References
10.7554/elife.02322,2014-1-21,References
10.7554/elife.02897,2014-4-1,References
10.7554/elife.108297,2025-7-9,References
10.7554/elife.08843,2015-5-27,References
10.7554/elife.107691,2025-5-16,References
10.7554/elife.37049,2018-4-5,References
10.7554/elife.37324,2018-4-19,References
10.7554/elife.91314,2023-7-25,References
10.7554/elife.02619,2014-4-29,References
10.7554/elife.60403,2020-6-30,References
10.7554/elife.61021,2020-7-21,References
10.7554/elife.64678,2020-11-9,References
10.7554/elife.108945,2025-8-22,References
10.7554/elife.84431,2022-11-2,References
10.7554/elife.02490,2014-2-11,Abstracts
10.7554/elife.03521,2014-6-3,Abstracts
10.7554/elife.94305,2023-11-9,Abstracts
10.7554/elife.78579,2022-3-18,Abstracts
10.7554/elife.37048,2018-4-12,Abstracts
10.7554/elife.40515,2018-8-2,Abstracts
10.7554/elife.52397,2019-10-4,Abstracts
10.7554/elife.92968,2023-10-13,Abstracts
10.7554/elife.80570,2022-6-28,Abstracts
10.7554/elife.27970,2017-4-25,Abstracts
10.7554/elife.65227,2020-12-3,Abstracts
10.7554/elife.110124,2025-12-1,Abstracts
10.7554/elife.11514,2015-9-25,Abstracts
10.7554/elife.06400,2015-3-26,Abstracts
10.7554/elife.52847,2019-10-18,Abstracts
10.7554/elife.79841,2022-5-19,Abstracts
10.7554/elife.87507,2023-3-13,Abstracts
10.7554/elife.87888,2023-3-21,Abstracts
10.7554/elife.59538,2020-6-2,Abstracts
10.7554/elife.17181,2016-4-27,Abstracts
10.7554/elife.05087,2014-10-13,Abstracts
10.7554/elife.05394,2014-11-7,Abstracts
10.7554/elife.101107,2024-7-1,Abstracts
10.7554/elife.96183,2024-1-22,Abstracts
10.7554/elife.33307,2017-11-8,Abstracts
10.7554/elife.34752,2018-1-8,Abstracts
10.7554/elife.86017,2023-1-11,Abstracts
10.7554/elife.43237,2018-11-12,Abstracts
10.7554/elife.56968,2020-3-18,Abstracts
10.7554/elife.65744,2020-12-16,Abstracts
10.7554/elife.90408,2023-8-8,Abstracts
10.7554/elife.107998,2025-6-11,Abstracts
10.7554/elife.02945,2014-4-16,Abstracts
10.7554/elife.109449,2025-10-15,Abstracts
10.7554/elife.22214,2016-10-20,Abstracts
10.7554/elife.07586,2015-3-24,Abstracts
10.7554/elife.08656,2015-5-18,Abstracts
10.7554/elife.72438,2021-7-26,Abstracts
10.7554/elife.74046,2021-9-23,Abstracts
10.7554/elife.77091,2022-1-28,Abstracts
10.7554/elife.79475,2022-4-26,Abstracts
10.7554/elife.50707,2019-8-5,Abstracts
10.7554/elife.24506,2016-12-30,Abstracts
10.7554/elife.32902,2017-10-19,Abstracts
10.7554/elife.94481,2023-11-20,Abstracts
10.7554/elife.98284,2024-3-28,Abstracts
10.7554/elife.60141,2020-6-18,Abstracts
10.7554/elife.33173,2017-10-31,Abstracts
10.7554/elife.99343,2024-5-7,Abstracts
10.7554/elife.01221,2013-7-23,Abstracts
10.7554/elife.01252,2013-7-23,Abstracts
10.7554/elife.18706,2016-6-16,Abstracts
10.7554/elife.05419,2014-11-7,Abstracts
10.7554/elife.75743,2021-11-25,Abstracts
10.7554/elife.77794,2022-2-18,Abstracts
10.7554/elife.50980,2019-8-12,Abstracts
10.7554/elife.60401,2020-6-30,Abstracts
10.7554/elife.63695,2020-10-5,Abstracts
10.7554/elife.06740,2015-2-11,Abstracts
10.7554/elife.07532,2015-3-27,Abstracts
10.7554/elife.102872,2024-9-6,Abstracts
10.7554/elife.103327,2024-9-23,Abstracts
10.7554/elife.73737,2021-9-9,Abstracts
10.7554/elife.91529,2023-8-8,Abstracts
10.7554/elife.79129,2022-4-5,Abstracts
10.7554/elife.10095,2015-7-21,Abstracts
10.7554/elife.106163,2025-1-27,Abstracts
10.7554/elife.31482,2017-9-13,Abstracts
10.7554/elife.84169,2022-10-17,Abstracts
10.7554/elife.35768,2018-2-12,Abstracts
10.7554/elife.63264,2020-9-24,Abstracts
10.7554/elife.46910,2019-4-3,Abstracts
10.7554/elife.46993,2019-3-26,Abstracts
10.7554/elife.01328,2013-8-28,Abstracts
10.7554/elife.01816,2013-11-7,Abstracts
10.7554/elife.24879,2017-1-19,Abstracts
10.7554/elife.32516,2017-10-5,Abstracts
10.7554/elife.53217,2019-11-4,Abstracts
10.7554/elife.54328,2019-12-11,Abstracts
10.7554/elife.57036,2020-3-23,Abstracts
10.7554/elife.66683,2021-1-25,Abstracts
10.7554/elife.101019,2024-7-4,Abstracts
10.7554/elife.103865,2024-10-3,Abstracts
10.7554/elife.104349,2024-10-15,Abstracts
10.7554/elife.78825,2022-4-1,Abstracts
10.7554/elife.14383,2016-1-27,Abstracts
10.7554/elife.15743,2016-3-23,Abstracts
10.7554/elife.29849,2017-6-27,Abstracts
10.7554/elife.44814,2019-1-8,Abstracts
10.7554/elife.88685,2023-4-19,Abstracts
10.7554/elife.64094,2020-10-22,Abstracts
10.7554/elife.09169,2015-6-8,Abstracts
10.7554/elife.77092,2022-1-28,Abstracts
10.7554/elife.26902,2017-3-27,Abstracts
10.7554/elife.28212,2017-5-4,Abstracts
10.7554/elife.98211,2024-4-25,Abstracts
10.7554/elife.37833,2018-5-4,Abstracts
10.7554/elife.44302,2018-12-21,Abstracts
10.7554/elife.56553,2020-3-5,Abstracts
10.7554/elife.69853,2021-4-29,Abstracts
10.7554/elife.04741,2014-9-18,Abstracts
10.7554/elife.12810,2015-11-6,Abstracts
10.7554/elife.08168,2015-4-22,Abstracts
10.7554/elife.08663,2015-5-28,Abstracts
10.7554/elife.107055,2025-4-3,Abstracts
10.7554/elife.93941,2023-11-1,Abstracts
10.7554/elife.75278,2021-11-29,Abstracts
10.7554/elife.84187,2022-10-20,Abstracts
10.7554/elife.85738,2023-1-3,Abstracts
10.7554/elife.22300,2016-10-19,Abstracts
10.7554/elife.22495,2016-10-19,Abstracts
10.7554/elife.25460,2017-1-31,Abstracts
10.7554/elife.18898,2016-8-30,Abstracts
10.7554/elife.105750,2024-12-20,Abstracts
10.7554/elife.106301,2025-2-7,Abstracts
10.7554/elife.79782,2022-5-4,Abstracts
10.7554/elife.99599,2024-5-10,Abstracts
10.7554/elife.22475,2016-10-24,Abstracts
10.7554/elife.34572,2018-1-8,Abstracts
10.7554/elife.85158,2022-11-28,Abstracts
10.7554/elife.36711,2018-5-4,Abstracts
10.7554/elife.56997,2020-3-18,Abstracts
10.7554/elife.01114,2013-7-2,Abstracts
10.7554/elife.106198,2025-2-3,Abstracts
10.7554/elife.72022,2021-7-9,Abstracts
10.7554/elife.83277,2022-9-14,Abstracts
10.7554/elife.86893,2023-2-23,Abstracts
10.7554/elife.87987,2023-3-22,Abstracts
10.7554/elife.37316,2018-4-10,Abstracts
10.7554/elife.38361,2018-5-16,Abstracts
10.7554/elife.91539,2023-8-2,Abstracts
10.7554/elife.31512,2017-9-7,Abstracts
10.7554/elife.31550,2017-10-9,Abstracts
10.7554/elife.57666,2020-4-16,Abstracts
10.7554/elife.70755,2021-5-28,Abstracts
10.7554/elife.51742,2019-9-11,Abstracts
10.7554/elife.48778,2019-5-28,Abstracts
10.7554/elife.26528,2017-3-8,Abstracts
10.7554/elife.43690,2018-11-16,Abstracts
10.7554/elife.58195,2020-4-27,Abstracts
10.7554/elife.26811,2017-3-15,Abstracts
10.7554/elife.28205,2017-5-5,Abstracts
10.7554/elife.04371,2014-8-22,Abstracts
10.7554/elife.108912,2025-8-20,Abstracts
10.7554/elife.11547,2015-9-22,Abstracts
10.7554/elife.104341,2024-11-11,Abstracts
10.7554/elife.107369,2025-5-2,Abstracts
10.7554/elife.74730,2021-10-19,Abstracts
10.7554/elife.76247,2021-12-15,Abstracts
10.7554/elife.77377,2022-1-27,Abstracts
10.7554/elife.05657,2014-11-24,Abstracts
10.7554/elife.06986,2015-2-18,Abstracts
10.7554/elife.104114,2024-10-21,Abstracts
10.7554/elife.45804,2019-2-6,Abstracts
10.7554/elife.91723,2023-8-9,Abstracts
10.7554/elife.31641,2017-9-6,Abstracts
10.7554/elife.33413,2017-11-8,Abstracts
10.7554/elife.56774,2020-3-10,Abstracts
10.7554/elife.15597,2016-3-16,Abstracts
10.7554/elife.86471,2023-2-9,Abstracts
10.7554/elife.27642,2017-4-13,Abstracts
10.7554/elife.01597,2013-10-8,Abstracts
10.7554/elife.03602,2014-6-11,Abstracts
10.7554/elife.109889,2025-11-14,Abstracts
10.7554/elife.14281,2016-2-3,Abstracts
10.7554/elife.15893,2016-3-14,Abstracts
10.7554/elife.16332,2016-3-31,Abstracts
10.7554/elife.101165,2024-7-2,Abstracts
10.7554/elife.101706,2024-7-31,Abstracts
10.7554/elife.76898,2022-1-19,Abstracts
10.7554/elife.77337,2022-1-27,Abstracts
10.7554/elife.78088,2022-3-2,Abstracts
10.7554/elife.65123,2020-12-1,Abstracts
10.7554/elife.16606,2016-4-25,Abstracts
10.7554/elife.19432,2016-7-14,Abstracts
10.7554/elife.85366,2022-12-14,Abstracts
10.7554/elife.85479,2022-12-15,Abstracts
10.7554/elife.36350,2018-3-13,Abstracts
10.7554/elife.91492,2023-8-1,Abstracts
10.7554/elife.10084,2015-7-24,Abstracts
10.7554/elife.101848,2024-10-3,Abstracts
10.7554/elife.10328,2015-7-29,Abstracts
10.7554/elife.63994,2020-10-15,Abstracts
10.7554/elife.64623,2020-11-9,Abstracts
10.7554/elife.71338,2021-6-24,Abstracts
10.7554/elife.01700,2013-10-22,Abstracts
10.7554/elife.12968,2015-11-18,Abstracts
10.7554/elife.05179,2014-10-21,Abstracts
10.7554/elife.103278,2024-9-13,Abstracts
10.7554/elife.104576,2024-10-22,Abstracts
10.7554/elife.32061,2017-9-18,Abstracts
10.7554/elife.95305,2023-12-20,Abstracts
10.7554/elife.96151,2024-2-5,Abstracts
10.7554/elife.60055,2020-6-19,Abstracts
10.7554/elife.07546,2015-8-28,Abstracts
10.7554/elife.81228,2022-6-28,Abstracts
10.7554/elife.82988,2022-9-2,Abstracts
10.7554/elife.86472,2023-2-13,Abstracts
10.7554/elife.46860,2019-3-21,Abstracts
10.7554/elife.25660,2017-2-6,Abstracts
10.7554/elife.93253,2023-10-20,Abstracts
10.7554/elife.02094,2013-12-20,Abstracts
10.7554/elife.05256,2014-10-28,Abstracts
10.7554/elife.100253,2024-6-3,Abstracts
10.7554/elife.107190,2025-4-14,Abstracts
10.7554/elife.80871,2022-7-1,Abstracts
10.7554/elife.83998,2022-10-10,Abstracts
10.7554/elife.36853,2018-4-4,Abstracts
10.7554/elife.99846,2024-5-20,Abstracts
10.7554/elife.55647,2020-2-5,Abstracts
10.7554/elife.23066,2016-11-9,Abstracts
10.7554/elife.56027,2020-2-14,Abstracts
10.7554/elife.60938,2020-7-14,Abstracts
10.7554/elife.49823,2019-7-2,Abstracts
10.7554/elife.22672,2016-11-8,Abstracts
10.7554/elife.24307,2016-12-20,Abstracts
10.7554/elife.33738,2017-11-22,Abstracts
10.7554/elife.69260,2021-4-13,Abstracts
10.7554/elife.109758,2025-10-31,Abstracts
10.7554/elife.13015,2015-11-24,Abstracts
10.7554/elife.13038,2015-11-25,Abstracts
10.7554/elife.74986,2021-11-2,Abstracts
10.7554/elife.85169,2022-11-29,Abstracts
10.7554/elife.06494,2015-1-28,Abstracts
10.7554/elife.91312,2023-7-25,Abstracts
10.7554/elife.04563,2014-9-4,Abstracts
10.7554/elife.07482,2015-3-18,Abstracts
10.7554/elife.100599,2024-6-26,Abstracts
10.7554/elife.35178,2018-2-15,Abstracts
10.7554/elife.81959,2022-8-1,Abstracts
10.7554/elife.42543,2018-10-11,Abstracts
10.7554/elife.31295,2017-8-22,Abstracts
10.7554/elife.55718,2020-7-13,Abstracts
10.7554/elife.12522,2015-11-24,Abstracts
10.7554/elife.18204,2016-6-9,Abstracts
10.7554/elife.08186,2015-4-27,Abstracts
10.7554/elife.83258,2022-9-8,Abstracts
10.7554/elife.107584,2025-5-8,Abstracts
10.7554/elife.79034,2022-4-1,Abstracts
10.7554/elife.79304,2022-4-20,Abstracts
10.7554/elife.38781,2018-6-4,Abstracts
10.7554/elife.38909,2018-6-29,Abstracts
10.7554/elife.30948,2017-8-31,Abstracts
10.7554/elife.107690,2025-5-19,Abstracts
10.7554/elife.66677,2021-1-27,Abstracts
10.7554/elife.69225,2021-4-13,Abstracts
10.7554/elife.35006,2018-7-5,Abstracts
10.7554/elife.00488,2013-2-20,Abstracts
10.7554/elife.04998,2014-10-8,Abstracts
10.7554/elife.66685,2021-1-21,Abstracts
10.7554/elife.28407,2017-5-11,Abstracts
10.7554/elife.06720,2015-2-6,Abstracts
10.7554/elife.100778,2024-7-2,Abstracts
10.7554/elife.105903,2025-1-7,Abstracts
10.7554/elife.51082,2019-8-19,Abstracts
10.7554/elife.52671,2019-10-18,Abstracts
10.7554/elife.109109,2025-9-10,Abstracts
10.7554/elife.109210,2025-9-11,Abstracts
10.7554/elife.21585,2016-9-27,Abstracts
10.7554/elife.72188,2021-7-22,Abstracts
10.7554/elife.97099,2024-2-20,Abstracts
10.7554/elife.26228,2017-3-2,Abstracts
10.7554/elife.28693,2017-5-22,Abstracts
10.7554/elife.06900,2015-2-12,Abstracts
10.7554/elife.09993,2015-7-17,Abstracts
10.7554/elife.01663,2013-10-11,Abstracts
10.7554/elife.108677,2025-8-12,Abstracts
10.7554/elife.08658,2015-5-18,Abstracts
10.7554/elife.90048,2023-6-12,Abstracts
10.7554/elife.34464,2017-12-20,Abstracts
10.7554/elife.65803,2020-12-17,Abstracts
10.7554/elife.08172,2015-7-7,Abstracts
10.7554/elife.02516,2014-2-18,Abstracts
10.7554/elife.00992,2013-6-11,Abstracts
10.7554/elife.108911,2025-8-20,Abstracts
10.7554/elife.109900,2025-11-14,Abstracts
10.7554/elife.06656,2015-2-2,Abstracts
10.7554/elife.103529,2024-9-26,Abstracts
10.7554/elife.103993,2024-10-3,Abstracts
10.7554/elife.108007,2025-6-18,Abstracts
10.7554/elife.46989,2019-4-2,Abstracts
10.7554/elife.47174,2019-3-29,Abstracts
10.7554/elife.31708,2017-9-6,Abstracts
10.7554/elife.75422,2021-11-11,Abstracts
10.7554/elife.77538,2022-2-14,Abstracts
10.7554/elife.84310,2022-10-27,Abstracts
10.7554/elife.59154,2020-5-26,Abstracts
10.7554/elife.01108,2013-7-2,Abstracts
10.7554/elife.104437,2024-10-15,Abstracts
10.7554/elife.107151,2025-4-15,Abstracts
10.7554/elife.74328,2021-10-5,Abstracts
10.7554/elife.87504,2023-3-7,Abstracts
10.7554/elife.90007,2023-6-22,Abstracts
10.7554/elife.28013,2017-4-25,Abstracts
10.7554/elife.29876,2017-6-26,Abstracts
10.7554/elife.35974,2018-3-7,Abstracts
10.7554/elife.36414,2018-3-12,Abstracts
10.7554/elife.42513,2018-10-10,Abstracts
10.7554/elife.108860,2025-8-21,Abstracts
10.7554/elife.110283,2025-12-19,Abstracts
10.7554/elife.88586,2023-4-18,Abstracts
10.7554/elife.29017,2017-6-5,Abstracts
10.7554/elife.29743,2017-6-20,Abstracts
10.7554/elife.41593,2018-11-1,Abstracts
10.7554/elife.30537,2017-7-19,Abstracts
10.7554/elife.49040,2019-6-5,Abstracts
10.7554/elife.11988,2015-10-9,Abstracts
10.7554/elife.19109,2016-7-1,Abstracts
10.7554/elife.100526,2024-6-14,Abstracts
10.7554/elife.78698,2022-3-22,Abstracts
10.7554/elife.25532,2017-2-1,Abstracts
10.7554/elife.44029,2018-11-30,Abstracts
10.7554/elife.44851,2019-1-7,Abstracts
10.7554/elife.65214,2020-12-4,Abstracts
10.7554/elife.03178,2014-5-6,Abstracts
10.7554/elife.14128,2016-1-22,Abstracts
10.7554/elife.14282,2016-1-28,Abstracts
10.7554/elife.09036,2015-6-4,Abstracts
10.7554/elife.89419,2023-5-18,Abstracts
10.7554/elife.40684,2018-8-3,Abstracts
10.7554/elife.94414,2023-11-14,Abstracts
10.7554/elife.32342,2017-10-17,Abstracts
10.7554/elife.34573,2018-1-8,Abstracts
10.7554/elife.63032,2020-9-17,Abstracts
10.7554/elife.65689,2020-12-16,Abstracts
10.7554/elife.70785,2021-6-4,Abstracts
10.7554/elife.01979,2013-12-3,Abstracts
10.7554/elife.11383,2015-9-14,Abstracts
10.7554/elife.11802,2015-10-1,Abstracts
10.7554/elife.12289,2015-10-21,Abstracts
10.7554/elife.05570,2014-11-20,Abstracts
10.7554/elife.105985,2025-1-15,Abstracts
10.7554/elife.96697,2024-2-9,Abstracts
10.7554/elife.11935,2015-10-5,Abstracts
10.7554/elife.01214,2013-7-23,Abstracts
10.7554/elife.14311,2016-1-21,Abstracts
10.7554/elife.14954,2016-3-2,Abstracts
10.7554/elife.19317,2016-11-17,Abstracts
10.7554/elife.95782,2024-1-3,Abstracts
10.7554/elife.96613,2024-2-6,Abstracts
10.7554/elife.07239,2015-3-4,Abstracts
10.7554/elife.106838,2025-3-21,Abstracts
10.7554/elife.40642,2018-8-2,Abstracts
10.7554/elife.41300,2018-8-23,Abstracts
10.7554/elife.00565,2013-2-11,Abstracts
10.7554/elife.01045,2013-6-14,Abstracts
10.7554/elife.69256,2021-4-21,Abstracts
10.7554/elife.108230,2025-7-9,Abstracts
10.7554/elife.108668,2025-7-31,Abstracts
10.7554/elife.20672,2016-8-18,Abstracts
10.7554/elife.107890,2025-6-4,Abstracts
10.7554/elife.80233,2022-5-18,Abstracts
10.7554/elife.27150,2017-3-30,Abstracts
10.7554/elife.83117,2022-9-5,Abstracts
10.7554/elife.92367,2023-8-31,Abstracts
10.7554/elife.02322,2014-1-21,Abstracts
10.7554/elife.02897,2014-4-1,Abstracts
10.7554/elife.108297,2025-7-9,Abstracts
10.7554/elife.08843,2015-5-27,Abstracts
10.7554/elife.107691,2025-5-16,Abstracts
10.7554/elife.37049,2018-4-5,Abstracts
10.7554/elife.37324,2018-4-19,Abstracts
10.7554/elife.91314,2023-7-25,Abstracts
10.7554/elife.60403,2020-6-30,Abstracts
10.7554/elife.61021,2020-7-21,Abstracts
10.7554/elife.64678,2020-11-9,Abstracts
10.7554/elife.108945,2025-8-22,Abstracts
10.7554/elife.84431,2022-11-2,Abstracts
10.7554/elife.06758,2015-3-3,ORCID iDs
10.7554/elife.06877,2015-3-12,ORCID iDs
10.7554/elife.01608,2013-11-5,ORCID iDs
10.7554/elife.00385,2012-12-18,ORCID iDs
10.7554/elife.03804,2014-7-29,ORCID iDs
10.7554/elife.04997,2014-10-28,ORCID iDs
10.7554/elife.14729,2016-2-19,ORCID iDs
10.7554/elife.10161,2015-8-19,ORCID iDs
10.7554/elife.02784,2014-5-19,ORCID iDs
10.7554/elife.07780,2015-10-13,ORCID iDs
10.7554/elife.00184,2012-12-13,ORCID iDs
10.7554/elife.03658,2014-11-21,ORCID iDs
10.7554/elife.03110,2014-7-8,ORCID iDs
10.7554/elife.01637,2014-2-25,ORCID iDs
10.7554/elife.11299,2015-12-15,ORCID iDs
10.7554/elife.04630,2014-12-12,ORCID iDs
10.7554/elife.04346,2015-3-17,ORCID iDs
10.7554/elife.10510,2015-11-2,ORCID iDs
10.7554/elife.00415,2013-4-16,ORCID iDs
10.7554/elife.05996,2015-7-29,ORCID iDs
10.7554/elife.07125,2015-7-7,ORCID iDs
10.7554/elife.02206,2014-5-27,ORCID iDs
10.7554/elife.06377,2015-4-28,ORCID iDs
10.7554/elife.10567,2015-12-14,ORCID iDs
10.7554/elife.03635,2014-11-19,ORCID iDs
10.7554/elife.01211,2013-10-22,ORCID iDs
10.7554/elife.00861,2013-8-13,ORCID iDs
10.7554/elife.02740,2014-5-16,ORCID iDs
10.7554/elife.04249,2014-11-25,ORCID iDs
10.7554/elife.05701,2015-2-2,ORCID iDs
10.7554/elife.03205,2014-7-28,ORCID iDs
10.7554/elife.02626,2014-10-3,ORCID iDs
10.7554/elife.01465,2014-3-25,ORCID iDs
10.7554/elife.09391,2015-9-15,ORCID iDs
10.7554/elife.09351,2015-8-19,ORCID iDs
10.7554/elife.03785,2014-12-9,ORCID iDs
10.7554/elife.01501,2013-12-17,ORCID iDs
10.7554/elife.02736,2014-6-24,ORCID iDs
10.7554/elife.00750,2013-9-24,ORCID iDs
10.7554/elife.06996,2015-7-16,ORCID iDs
10.7554/elife.01299,2013-12-17,ORCID iDs
10.7554/elife.02490,2014-2-11,ORCID iDs
10.7554/elife.03521,2014-6-3,ORCID iDs
10.7554/elife.37048,2018-4-12,ORCID iDs
10.7554/elife.00116,2013-1-8,ORCID iDs
10.7554/elife.06234,2015-8-12,ORCID iDs
10.7554/elife.15928,2016-3-31,ORCID iDs
10.7554/elife.02224,2014-6-14,ORCID iDs
10.7554/elife.02882,2014-6-11,ORCID iDs
10.7554/elife.02872,2014-6-4,ORCID iDs
10.7554/elife.08314,2015-7-11,ORCID iDs
10.7554/elife.04123,2014-10-16,ORCID iDs
10.7554/elife.05005,2015-8-12,ORCID iDs
10.7554/elife.02046,2014-2-12,ORCID iDs
10.7554/elife.03640,2014-9-23,ORCID iDs
10.7554/elife.10032,2015-8-31,ORCID iDs
10.7554/elife.00792,2013-7-30,ORCID iDs
10.7554/elife.20542,2016-11-16,ORCID iDs
10.7554/elife.06041,2015-5-18,ORCID iDs
10.7554/elife.10903,2016-5-11,ORCID iDs
10.7554/elife.11571,2015-11-27,ORCID iDs
10.7554/elife.00683,2013-9-10,ORCID iDs
10.7554/elife.01633,2013-10-22,ORCID iDs
10.7554/elife.01873,2013-12-24,ORCID iDs
10.7554/elife.17692,2016-6-29,ORCID iDs
10.7554/elife.00477,2013-1-22,ORCID iDs
10.7554/elife.05259,2014-11-25,ORCID iDs
10.7554/elife.10040,2015-8-25,ORCID iDs
10.7554/elife.05377,2014-12-9,ORCID iDs
10.7554/elife.07527,2015-4-15,ORCID iDs
10.7554/elife.04250,2015-4-30,ORCID iDs
10.7554/elife.05920,2015-5-22,ORCID iDs
10.7554/elife.06394,2015-8-25,ORCID iDs
10.7554/elife.06938,2015-6-18,ORCID iDs
10.7554/elife.01724,2014-3-25,ORCID iDs
10.7554/elife.03239,2014-8-22,ORCID iDs
10.7554/elife.02148,2014-4-8,ORCID iDs
10.7554/elife.07410,2015-5-29,ORCID iDs
10.7554/elife.08411,2015-11-26,ORCID iDs
10.7554/elife.08174,2015-10-9,ORCID iDs
10.7554/elife.08998,2015-11-2,ORCID iDs
10.7554/elife.07361,2015-9-15,ORCID iDs
10.7554/elife.00329,2013-2-5,ORCID iDs
10.7554/elife.04919,2015-1-23,ORCID iDs
10.7554/elife.06114,2015-5-7,ORCID iDs
10.7554/elife.19089,2016-11-18,ORCID iDs
10.7554/elife.01808,2014-4-1,ORCID iDs
10.7554/elife.06229,2015-5-6,ORCID iDs
10.7554/elife.10781,2015-11-9,ORCID iDs
10.7554/elife.03848,2014-10-8,ORCID iDs
10.7554/elife.10072,2015-9-3,ORCID iDs
10.7554/elife.06166,2015-2-4,ORCID iDs
10.7554/elife.03663,2014-9-9,ORCID iDs
10.7554/elife.05733,2015-2-17,ORCID iDs
10.7554/elife.08941,2015-9-28,ORCID iDs
10.7554/elife.11514,2015-9-25,ORCID iDs
10.7554/elife.06400,2015-3-26,ORCID iDs
10.7554/elife.09651,2015-10-3,ORCID iDs
10.7554/elife.01612,2014-2-25,ORCID iDs
10.7554/elife.08088,2015-8-24,ORCID iDs
10.7554/elife.04137,2014-10-10,ORCID iDs
10.7554/elife.08208,2015-10-16,ORCID iDs
10.7554/elife.06259,2015-5-12,ORCID iDs
10.7554/elife.01402,2013-12-17,ORCID iDs
10.7554/elife.03648,2014-10-10,ORCID iDs
10.7554/elife.04177,2014-8-22,ORCID iDs
10.7554/elife.10499,2015-11-27,ORCID iDs
10.7554/elife.07865,2015-7-7,ORCID iDs
10.7554/elife.01749,2013-12-31,ORCID iDs
10.7554/elife.04902,2014-10-17,ORCID iDs
10.7554/elife.05490,2014-12-11,ORCID iDs
10.7554/elife.11284,2015-10-6,ORCID iDs
10.7554/elife.09666,2015-8-5,ORCID iDs
10.7554/elife.00648,2013-3-26,ORCID iDs
10.7554/elife.07083,2015-3-31,ORCID iDs
10.7554/elife.16207,2016-4-19,ORCID iDs
10.7554/elife.01428,2013-9-24,ORCID iDs
10.7554/elife.12760,2015-12-23,ORCID iDs
10.7554/elife.12473,2016-3-22,ORCID iDs
10.7554/elife.11620,2015-12-16,ORCID iDs
10.7554/elife.02999,2014-11-4,ORCID iDs
10.7554/elife.07296,2015-6-23,ORCID iDs
10.7554/elife.00109,2012-12-13,ORCID iDs
10.7554/elife.19887,2016-11-18,ORCID iDs
10.7554/elife.05087,2014-10-13,ORCID iDs
10.7554/elife.05394,2014-11-7,ORCID iDs
10.7554/elife.06951,2015-6-19,ORCID iDs
10.7554/elife.10036,2015-10-19,ORCID iDs
10.7554/elife.03031,2014-5-27,ORCID iDs
10.7554/elife.08025,2015-5-19,ORCID iDs
10.7554/elife.08719,2015-9-24,ORCID iDs
10.7554/elife.04415,2014-12-8,ORCID iDs
10.7554/elife.16290,2016-8-23,ORCID iDs
10.7554/elife.12626,2016-2-26,ORCID iDs
10.7554/elife.11712,2016-2-2,ORCID iDs
10.7554/elife.02069,2014-6-24,ORCID iDs
10.7554/elife.07909,2015-8-19,ORCID iDs
10.7554/elife.05896,2015-2-3,ORCID iDs
10.7554/elife.05473,2015-4-17,ORCID iDs
10.7554/elife.00999,2013-10-15,ORCID iDs
10.7554/elife.00625,2013-3-26,ORCID iDs
10.7554/elife.04135,2014-11-28,ORCID iDs
10.7554/elife.06132,2015-2-16,ORCID iDs
10.7554/elife.07864,2015-6-15,ORCID iDs
10.7554/elife.00093,2012-12-18,ORCID iDs
10.7554/elife.02203,2014-5-20,ORCID iDs
10.7554/elife.06265,2015-5-21,ORCID iDs
10.7554/elife.05856,2015-6-17,ORCID iDs
10.7554/elife.01963,2014-2-25,ORCID iDs
10.7554/elife.01684,2014-4-8,ORCID iDs
10.7554/elife.03468,2014-9-2,ORCID iDs
10.7554/elife.00863,2013-8-20,ORCID iDs
10.7554/elife.01326,2013-12-10,ORCID iDs
10.7554/elife.02109,2014-3-18,ORCID iDs
10.7554/elife.08722,2015-10-17,ORCID iDs
10.7554/elife.09656,2015-11-12,ORCID iDs
10.7554/elife.04106,2014-12-10,ORCID iDs
10.7554/elife.03701,2014-10-21,ORCID iDs
10.7554/elife.03764,2014-11-18,ORCID iDs
10.7554/elife.04969,2014-12-8,ORCID iDs
10.7554/elife.18173,2017-1-19,ORCID iDs
10.7554/elife.06430,2015-2-16,ORCID iDs
10.7554/elife.01029,2013-7-2,ORCID iDs
10.7554/elife.00659,2013-4-9,ORCID iDs
10.7554/elife.08166,2015-5-27,ORCID iDs
10.7554/elife.05427,2014-11-26,ORCID iDs
10.7554/elife.03116,2014-12-15,ORCID iDs
10.7554/elife.03753,2015-1-30,ORCID iDs
10.7554/elife.01138,2013-7-16,ORCID iDs
10.7554/elife.00966,2013-10-22,ORCID iDs
10.7554/elife.02945,2014-4-16,ORCID iDs
10.7554/elife.04288,2014-12-9,ORCID iDs
10.7554/elife.22214,2016-10-20,ORCID iDs
10.7554/elife.05462,2015-5-8,ORCID iDs
10.7554/elife.05553,2014-12-12,ORCID iDs
10.7554/elife.09215,2015-12-10,ORCID iDs
10.7554/elife.02475,2014-3-12,ORCID iDs
10.7554/elife.04246,2014-9-2,ORCID iDs
10.7554/elife.09594,2015-11-2,ORCID iDs
10.7554/elife.03526,2014-10-3,ORCID iDs
10.7554/elife.03498,2014-9-23,ORCID iDs
10.7554/elife.01917,2014-3-12,ORCID iDs
10.7554/elife.09436,2015-10-24,ORCID iDs
10.7554/elife.04247,2014-12-2,ORCID iDs
10.7554/elife.00102,2012-10-30,ORCID iDs
10.7554/elife.07861,2015-7-14,ORCID iDs
10.7554/elife.05224,2015-3-16,ORCID iDs
10.7554/elife.13410,2016-7-26,ORCID iDs
10.7554/elife.00005,2012-10-30,ORCID iDs
10.7554/elife.00291,2013-2-19,ORCID iDs
10.7554/elife.05033,2015-2-26,ORCID iDs
10.7554/elife.02008,2014-4-24,ORCID iDs
10.7554/elife.10721,2015-10-29,ORCID iDs
10.7554/elife.03496,2014-7-22,ORCID iDs
10.7554/elife.01623,2014-2-11,ORCID iDs
10.7554/elife.02478,2014-6-16,ORCID iDs
10.7554/elife.06953,2015-4-22,ORCID iDs
10.7554/elife.06351,2015-2-12,ORCID iDs
10.7554/elife.06782,2015-3-3,ORCID iDs
10.7554/elife.07808,2015-5-5,ORCID iDs
10.7554/elife.11509,2015-10-16,ORCID iDs
10.7554/elife.03285,2014-6-10,ORCID iDs
10.7554/elife.00866,2013-5-28,ORCID iDs
10.7554/elife.01515,2013-11-19,ORCID iDs
10.7554/elife.01968,2013-12-31,ORCID iDs
10.7554/elife.07178,2015-9-11,ORCID iDs
10.7554/elife.06253,2015-3-30,ORCID iDs
10.7554/elife.06266,2015-6-25,ORCID iDs
10.7554/elife.06434,2015-7-31,ORCID iDs
10.7554/elife.09623,2015-10-5,ORCID iDs
10.7554/elife.09590,2015-8-14,ORCID iDs
10.7554/elife.03273,2014-8-12,ORCID iDs
10.7554/elife.08638,2015-10-1,ORCID iDs
10.7554/elife.02511,2014-4-30,ORCID iDs
10.7554/elife.04586,2015-1-26,ORCID iDs
10.7554/elife.04664,2014-12-2,ORCID iDs
10.7554/elife.04726,2015-2-9,ORCID iDs
10.7554/elife.04105,2015-1-26,ORCID iDs
10.7554/elife.01567,2014-2-11,ORCID iDs
10.7554/elife.21070,2016-9-9,ORCID iDs
10.7554/elife.10319,2015-10-31,ORCID iDs
10.7554/elife.07839,2015-7-20,ORCID iDs
10.7554/elife.10778,2015-11-30,ORCID iDs
10.7554/elife.09384,2015-9-25,ORCID iDs
10.7554/elife.00327,2013-3-5,ORCID iDs
10.7554/elife.02758,2014-5-23,ORCID iDs
10.7554/elife.04251,2015-1-6,ORCID iDs
10.7554/elife.04581,2014-12-23,ORCID iDs
10.7554/elife.06203,2015-5-28,ORCID iDs
10.7554/elife.01221,2013-7-23,ORCID iDs
10.7554/elife.01252,2013-7-23,ORCID iDs
10.7554/elife.18706,2016-6-16,ORCID iDs
10.7554/elife.05419,2014-11-7,ORCID iDs
10.7554/elife.17822,2016-11-14,ORCID iDs
10.7554/elife.08887,2015-12-17,ORCID iDs
10.7554/elife.05178,2015-2-10,ORCID iDs
10.7554/elife.02630,2014-6-24,ORCID iDs
10.7554/elife.02557,2014-4-29,ORCID iDs
10.7554/elife.06793,2015-6-4,ORCID iDs
10.7554/elife.00269,2013-3-26,ORCID iDs
10.7554/elife.10421,2016-2-19,ORCID iDs
10.7554/elife.21583,2016-10-25,ORCID iDs
10.7554/elife.14076,2016-2-12,ORCID iDs
10.7554/elife.05041,2014-11-11,ORCID iDs
10.7554/elife.05218,2014-11-4,ORCID iDs
10.7554/elife.10054,2015-8-14,ORCID iDs
10.7554/elife.23624,2017-1-4,ORCID iDs
10.7554/elife.16598,2016-5-20,ORCID iDs
10.7554/elife.02747,2014-4-8,ORCID iDs
10.7554/elife.00605,2013-3-20,ORCID iDs
10.7554/elife.00903,2013-6-11,ORCID iDs
10.7554/elife.12100,2015-11-6,ORCID iDs
10.7554/elife.01516,2013-10-15,ORCID iDs
10.7554/elife.07420,2015-7-31,ORCID iDs
10.7554/elife.09183,2015-10-30,ORCID iDs
10.7554/elife.09394,2016-1-26,ORCID iDs
10.7554/elife.06554,2015-7-9,ORCID iDs
10.7554/elife.06156,2015-2-4,ORCID iDs
10.7554/elife.05660,2015-4-28,ORCID iDs
10.7554/elife.00220,2013-8-20,ORCID iDs
10.7554/elife.17977,2016-10-25,ORCID iDs
10.7554/elife.07068,2015-9-15,ORCID iDs
10.7554/elife.01140,2013-7-23,ORCID iDs
10.7554/elife.01206,2013-12-24,ORCID iDs
10.7554/elife.03502,2014-10-6,ORCID iDs
10.7554/elife.02844,2014-6-24,ORCID iDs
10.7554/elife.00248,2012-12-31,ORCID iDs
10.7554/elife.01098,2013-10-29,ORCID iDs
10.7554/elife.08022,2015-9-22,ORCID iDs
10.7554/elife.01939,2014-3-18,ORCID iDs
10.7554/elife.01832,2014-3-18,ORCID iDs
10.7554/elife.04811,2014-12-2,ORCID iDs
10.7554/elife.08407,2015-7-17,ORCID iDs
10.7554/elife.01149,2013-10-8,ORCID iDs
10.7554/elife.01539,2014-1-7,ORCID iDs
10.7554/elife.06740,2015-2-11,ORCID iDs
10.7554/elife.07532,2015-3-27,ORCID iDs
10.7554/elife.00882,2013-10-8,ORCID iDs
10.7554/elife.01883,2014-5-6,ORCID iDs
10.7554/elife.04120,2014-12-8,ORCID iDs
10.7554/elife.02777,2015-1-9,ORCID iDs
10.7554/elife.00281,2012-10-30,ORCID iDs
10.7554/elife.10479,2015-9-9,ORCID iDs
10.7554/elife.08493,2015-8-26,ORCID iDs
10.7554/elife.04539,2015-3-25,ORCID iDs
10.7554/elife.05608,2015-2-25,ORCID iDs
10.7554/elife.07975,2015-7-9,ORCID iDs
10.7554/elife.04207,2014-11-4,ORCID iDs
10.7554/elife.02257,2014-6-3,ORCID iDs
10.7554/elife.01741,2014-4-15,ORCID iDs
10.7554/elife.01233,2013-9-3,ORCID iDs
10.7554/elife.30280,2017-8-16,ORCID iDs
10.7554/elife.11623,2015-10-24,ORCID iDs
10.7554/elife.01160,2013-9-17,ORCID iDs
10.7554/elife.07433,2015-6-15,ORCID iDs
10.7554/elife.09178,2015-8-22,ORCID iDs
10.7554/elife.05060,2014-11-14,ORCID iDs
10.7554/elife.06453,2015-2-13,ORCID iDs
10.7554/elife.01270,2013-8-20,ORCID iDs
10.7554/elife.01387,2013-9-3,ORCID iDs
10.7554/elife.08366,2015-6-3,ORCID iDs
10.7554/elife.00476,2013-1-22,ORCID iDs
10.7554/elife.02658,2014-3-25,ORCID iDs
10.7554/elife.00646,2013-3-12,ORCID iDs
10.7554/elife.10960,2016-2-19,ORCID iDs
10.7554/elife.01228,2013-12-3,ORCID iDs
10.7554/elife.01386,2014-1-7,ORCID iDs
10.7554/elife.09946,2015-10-27,ORCID iDs
10.7554/elife.09646,2015-12-2,ORCID iDs
10.7554/elife.03416,2014-12-29,ORCID iDs
10.7554/elife.03613,2014-9-10,ORCID iDs
10.7554/elife.04180,2014-12-10,ORCID iDs
10.7554/elife.02272,2014-5-16,ORCID iDs
10.7554/elife.07301,2015-8-19,ORCID iDs
10.7554/elife.05491,2015-3-12,ORCID iDs
10.7554/elife.10841,2015-12-3,ORCID iDs
10.7554/elife.11409,2015-10-9,ORCID iDs
10.7554/elife.05269,2015-1-22,ORCID iDs
10.7554/elife.01388,2013-9-24,ORCID iDs
10.7554/elife.00642,2013-3-26,ORCID iDs
10.7554/elife.07405,2015-6-9,ORCID iDs
10.7554/elife.02910,2014-6-25,ORCID iDs
10.7554/elife.06193,2015-2-3,ORCID iDs
10.7554/elife.06054,2015-3-10,ORCID iDs
10.7554/elife.03583,2014-11-26,ORCID iDs
10.7554/elife.05116,2015-2-4,ORCID iDs
10.7554/elife.06907,2015-6-5,ORCID iDs
10.7554/elife.02726,2014-9-30,ORCID iDs
10.7554/elife.03185,2014-12-8,ORCID iDs
10.7554/elife.08527,2015-12-1,ORCID iDs
10.7554/elife.02200,2014-5-27,ORCID iDs
10.7554/elife.00712,2013-7-9,ORCID iDs
10.7554/elife.05508,2015-2-2,ORCID iDs
10.7554/elife.03433,2014-9-29,ORCID iDs
10.7554/elife.00458,2013-4-16,ORCID iDs
10.7554/elife.02671,2014-9-8,ORCID iDs
10.7554/elife.10095,2015-7-21,ORCID iDs
10.7554/elife.11188,2015-11-14,ORCID iDs
10.7554/elife.11611,2015-11-2,ORCID iDs
10.7554/elife.00736,2013-6-25,ORCID iDs
10.7554/elife.00308,2013-1-22,ORCID iDs
10.7554/elife.00960,2013-11-12,ORCID iDs
10.7554/elife.03811,2014-8-5,ORCID iDs
10.7554/elife.00577,2013-3-8,ORCID iDs
10.7554/elife.08659,2015-6-5,ORCID iDs
10.7554/elife.01944,2014-4-9,ORCID iDs
10.7554/elife.24879,2017-1-19,ORCID iDs
10.7554/elife.01328,2013-8-28,ORCID iDs
10.7554/elife.01816,2013-11-7,ORCID iDs
10.7554/elife.03011,2014-8-5,ORCID iDs
10.7554/elife.04875,2014-11-10,ORCID iDs
10.7554/elife.05606,2015-3-19,ORCID iDs
10.7554/elife.00791,2013-4-30,ORCID iDs
10.7554/elife.09668,2015-11-17,ORCID iDs
10.7554/elife.03638,2014-7-16,ORCID iDs
10.7554/elife.08905,2015-8-14,ORCID iDs
10.7554/elife.12318,2016-3-7,ORCID iDs
10.7554/elife.02171,2014-2-11,ORCID iDs
10.7554/elife.00352,2012-12-18,ORCID iDs
10.7554/elife.00676,2013-4-16,ORCID iDs
10.7554/elife.09790,2015-7-29,ORCID iDs
10.7554/elife.87444,2023-4-4,ORCID iDs
10.7554/elife.22215,2016-11-15,ORCID iDs
10.7554/elife.04869,2014-10-29,ORCID iDs
10.7554/elife.01587,2013-11-12,ORCID iDs
10.7554/elife.02349,2014-6-17,ORCID iDs
10.7554/elife.06376,2015-5-14,ORCID iDs
10.7554/elife.00459,2013-4-16,ORCID iDs
10.7554/elife.01775,2014-1-28,ORCID iDs
10.7554/elife.04506,2014-12-15,ORCID iDs
10.7554/elife.09336,2015-8-14,ORCID iDs
10.7554/elife.07322,2015-3-31,ORCID iDs
10.7554/elife.07539,2015-11-27,ORCID iDs
10.7554/elife.08715,2015-6-16,ORCID iDs
10.7554/elife.10279,2015-10-22,ORCID iDs
10.7554/elife.01169,2013-12-17,ORCID iDs
10.7554/elife.01296,2013-10-1,ORCID iDs
10.7554/elife.02805,2014-5-29,ORCID iDs
10.7554/elife.05334,2014-12-31,ORCID iDs
10.7554/elife.06359,2015-6-3,ORCID iDs
10.7554/elife.08146,2015-11-2,ORCID iDs
10.7554/elife.09580,2015-12-23,ORCID iDs
10.7554/elife.11414,2016-3-21,ORCID iDs
10.7554/elife.11999,2016-2-17,ORCID iDs
10.7554/elife.12095,2016-1-3,ORCID iDs
10.7554/elife.10606,2015-12-29,ORCID iDs
10.7554/elife.04232,2015-3-11,ORCID iDs
10.7554/elife.07616,2015-7-28,ORCID iDs
10.7554/elife.07558,2015-5-19,ORCID iDs
10.7554/elife.01074,2013-9-17,ORCID iDs
10.7554/elife.00862,2013-11-5,ORCID iDs
10.7554/elife.00411,2013-6-4,ORCID iDs
10.7554/elife.06547,2015-5-26,ORCID iDs
10.7554/elife.10382,2016-2-11,ORCID iDs
10.7554/elife.09743,2015-11-9,ORCID iDs
10.7554/elife.05635,2015-3-25,ORCID iDs
10.7554/elife.01462,2013-12-31,ORCID iDs
10.7554/elife.02260,2014-5-27,ORCID iDs
10.7554/elife.04234,2014-9-2,ORCID iDs
10.7554/elife.02734,2014-6-4,ORCID iDs
10.7554/elife.01267,2014-8-12,ORCID iDs
10.7554/elife.02583,2014-3-25,ORCID iDs
10.7554/elife.01514,2013-10-15,ORCID iDs
10.7554/elife.10233,2015-8-25,ORCID iDs
10.7554/elife.07604,2015-4-17,ORCID iDs
10.7554/elife.11375,2015-10-16,ORCID iDs
10.7554/elife.00450,2013-1-8,ORCID iDs
10.7554/elife.01751,2014-3-11,ORCID iDs
10.7554/elife.02001,2014-4-29,ORCID iDs
10.7554/elife.09353,2015-7-22,ORCID iDs
10.7554/elife.04069,2015-1-26,ORCID iDs
10.7554/elife.03189,2015-2-26,ORCID iDs
10.7554/elife.03587,2014-11-25,ORCID iDs
10.7554/elife.08363,2015-10-12,ORCID iDs
10.7554/elife.00691,2013-7-9,ORCID iDs
10.7554/elife.01222,2013-10-29,ORCID iDs
10.7554/elife.04132,2014-11-11,ORCID iDs
10.7554/elife.10874,2015-9-29,ORCID iDs
10.7554/elife.10106,2015-12-29,ORCID iDs
10.7554/elife.02917,2014-8-19,ORCID iDs
10.7554/elife.02938,2014-6-10,ORCID iDs
10.7554/elife.02687,2014-6-23,ORCID iDs
10.7554/elife.02755,2014-11-18,ORCID iDs
10.7554/elife.03251,2014-9-25,ORCID iDs
10.7554/elife.04363,2015-2-25,ORCID iDs
10.7554/elife.00640,2013-6-11,ORCID iDs
10.7554/elife.00380,2013-7-9,ORCID iDs
10.7554/elife.00905,2013-9-24,ORCID iDs
10.7554/elife.06474,2015-5-7,ORCID iDs
10.7554/elife.07398,2015-11-6,ORCID iDs
10.7554/elife.21170,2016-11-24,ORCID iDs
10.7554/elife.07832,2015-9-24,ORCID iDs
10.7554/elife.00594,2013-5-21,ORCID iDs
10.7554/elife.02217,2014-4-8,ORCID iDs
10.7554/elife.09343,2015-7-21,ORCID iDs
10.7554/elife.04235,2014-9-24,ORCID iDs
10.7554/elife.00425,2013-5-28,ORCID iDs
10.7554/elife.03842,2014-10-8,ORCID iDs
10.7554/elife.00299,2013-7-16,ORCID iDs
10.7554/elife.03282,2014-12-5,ORCID iDs
10.7554/elife.14383,2016-1-27,ORCID iDs
10.7554/elife.06959,2015-5-22,ORCID iDs
10.7554/elife.08245,2015-9-3,ORCID iDs
10.7554/elife.10670,2016-2-14,ORCID iDs
10.7554/elife.08497,2015-12-9,ORCID iDs
10.7554/elife.01119,2013-12-24,ORCID iDs
10.7554/elife.01102,2013-10-1,ORCID iDs
10.7554/elife.02772,2014-6-30,ORCID iDs
10.7554/elife.02996,2014-8-26,ORCID iDs
10.7554/elife.12247,2015-12-18,ORCID iDs
10.7554/elife.00260,2013-3-26,ORCID iDs
10.7554/elife.05534,2015-2-19,ORCID iDs
10.7554/elife.20320,2016-12-14,ORCID iDs
10.7554/elife.03582,2014-11-19,ORCID iDs
10.7554/elife.06412,2015-2-27,ORCID iDs
10.7554/elife.02043,2014-4-29,ORCID iDs
10.7554/elife.00036,2013-9-3,ORCID iDs
10.7554/elife.13450,2016-4-28,ORCID iDs
10.7554/elife.05401,2014-12-23,ORCID iDs
10.7554/elife.02112,2014-5-8,ORCID iDs
10.7554/elife.02951,2014-8-19,ORCID iDs
10.7554/elife.09186,2015-12-8,ORCID iDs
10.7554/elife.05434,2015-5-19,ORCID iDs
10.7554/elife.06416,2015-4-28,ORCID iDs
10.7554/elife.07464,2015-6-2,ORCID iDs
10.7554/elife.06828,2015-4-2,ORCID iDs
10.7554/elife.04729,2015-2-25,ORCID iDs
10.7554/elife.07847,2015-7-13,ORCID iDs
10.7554/elife.03197,2014-11-27,ORCID iDs
10.7554/elife.02088,2014-1-21,ORCID iDs
10.7554/elife.01494,2013-10-8,ORCID iDs
10.7554/elife.01680,2013-12-3,ORCID iDs
10.7554/elife.06837,2015-3-9,ORCID iDs
10.7554/elife.03077,2014-10-27,ORCID iDs
10.7554/elife.04693,2015-2-18,ORCID iDs
10.7554/elife.02667,2014-5-27,ORCID iDs
10.7554/elife.00336,2013-3-19,ORCID iDs
10.7554/elife.01457,2014-1-14,ORCID iDs
10.7554/elife.01530,2014-3-11,ORCID iDs
10.7554/elife.01557,2013-12-3,ORCID iDs
10.7554/elife.01812,2014-3-4,ORCID iDs
10.7554/elife.00967,2013-8-13,ORCID iDs
10.7554/elife.08723,2015-9-24,ORCID iDs
10.7554/elife.08505,2015-9-8,ORCID iDs
10.7554/elife.04114,2014-12-17,ORCID iDs
10.7554/elife.00704,2013-6-4,ORCID iDs
10.7554/elife.03728,2014-9-10,ORCID iDs
10.7554/elife.05216,2015-2-24,ORCID iDs
10.7554/elife.04263,2015-1-3,ORCID iDs
10.7554/elife.00573,2013-2-19,ORCID iDs
10.7554/elife.05151,2014-12-23,ORCID iDs
10.7554/elife.02451,2014-4-30,ORCID iDs
10.7554/elife.09169,2015-6-8,ORCID iDs
10.7554/elife.00070,2012-12-13,ORCID iDs
10.7554/elife.00481,2013-4-30,ORCID iDs
10.7554/elife.00632,2013-6-14,ORCID iDs
10.7554/elife.04489,2015-1-27,ORCID iDs
10.7554/elife.00117,2012-12-18,ORCID iDs
10.7554/elife.02236,2014-8-21,ORCID iDs
10.7554/elife.04766,2014-12-15,ORCID iDs
10.7554/elife.01681,2014-7-15,ORCID iDs
10.7554/elife.00461,2013-2-19,ORCID iDs
10.7554/elife.00003,2012-11-13,ORCID iDs
10.7554/elife.00873,2013-5-21,ORCID iDs
10.7554/elife.09944,2015-7-23,ORCID iDs
10.7554/elife.05449,2015-3-4,ORCID iDs
10.7554/elife.13977,2016-2-3,ORCID iDs
10.7554/elife.05169,2015-1-9,ORCID iDs
10.7554/elife.16019,2016-4-12,ORCID iDs
10.7554/elife.02386,2014-3-4,ORCID iDs
10.7554/elife.06545,2015-4-27,ORCID iDs
10.7554/elife.20977,2016-11-25,ORCID iDs
10.7554/elife.03307,2014-11-7,ORCID iDs
10.7554/elife.08811,2015-7-24,ORCID iDs
10.7554/elife.04741,2014-9-18,ORCID iDs
10.7554/elife.12810,2015-11-6,ORCID iDs
10.7554/elife.06535,2015-6-17,ORCID iDs
10.7554/elife.08168,2015-4-22,ORCID iDs
10.7554/elife.09395,2015-11-17,ORCID iDs
10.7554/elife.01345,2013-11-19,ORCID iDs
10.7554/elife.03656,2014-8-27,ORCID iDs
10.7554/elife.09181,2015-10-6,ORCID iDs
10.7554/elife.11553,2015-11-26,ORCID iDs
10.7554/elife.03005,2014-6-14,ORCID iDs
10.7554/elife.08688,2015-9-30,ORCID iDs
10.7554/elife.03941,2014-10-3,ORCID iDs
10.7554/elife.01257,2014-5-9,ORCID iDs
10.7554/elife.03558,2014-10-14,ORCID iDs
10.7554/elife.10051,2016-2-19,ORCID iDs
10.7554/elife.08942,2015-7-31,ORCID iDs
10.7554/elife.08586,2015-9-15,ORCID iDs
10.7554/elife.06744,2015-7-11,ORCID iDs
10.7554/elife.08362,2015-9-3,ORCID iDs
10.7554/elife.01136,2013-7-23,ORCID iDs
10.7554/elife.06068,2015-4-7,ORCID iDs
10.7554/elife.04686,2014-11-21,ORCID iDs
10.7554/elife.00068,2012-11-13,ORCID iDs
10.7554/elife.00542,2013-7-16,ORCID iDs
10.7554/elife.00969,2013-11-5,ORCID iDs
10.7554/elife.00953,2013-7-23,ORCID iDs
10.7554/elife.02439,2014-5-27,ORCID iDs
10.7554/elife.11008,2016-3-14,ORCID iDs
10.7554/elife.10451,2015-11-27,ORCID iDs
10.7554/elife.16931,2016-6-16,ORCID iDs
10.7554/elife.06250,2015-3-18,ORCID iDs
10.7554/elife.11346,2015-12-29,ORCID iDs
10.7554/elife.10130,2016-1-28,ORCID iDs
10.7554/elife.07403,2015-4-22,ORCID iDs
10.7554/elife.00386,2012-12-18,ORCID iDs
10.7554/elife.11709,2015-10-21,ORCID iDs
10.7554/elife.11326,2015-10-7,ORCID iDs
10.7554/elife.08679,2015-6-23,ORCID iDs
10.7554/elife.21263,2016-10-11,ORCID iDs
10.7554/elife.00958,2013-6-25,ORCID iDs
10.7554/elife.01603,2014-2-11,ORCID iDs
10.7554/elife.07141,2016-1-12,ORCID iDs
10.7554/elife.13035,2015-12-30,ORCID iDs
10.7554/elife.01834,2014-2-18,ORCID iDs
10.7554/elife.00340,2012-12-13,ORCID iDs
10.7554/elife.03293,2014-10-30,ORCID iDs
10.7554/elife.04186,2015-3-17,ORCID iDs
10.7554/elife.13150,2016-2-24,ORCID iDs
10.7554/elife.10766,2015-12-9,ORCID iDs
10.7554/elife.07186,2015-5-7,ORCID iDs
10.7554/elife.08501,2015-11-17,ORCID iDs
10.7554/elife.00745,2013-6-11,ORCID iDs
10.7554/elife.00801,2013-7-9,ORCID iDs
10.7554/elife.06847,2015-5-5,ORCID iDs
10.7554/elife.05648,2015-4-23,ORCID iDs
10.7554/elife.02839,2014-7-8,ORCID iDs
10.7554/elife.01004,2013-9-24,ORCID iDs
10.7554/elife.09008,2015-6-22,ORCID iDs
10.7554/elife.08648,2015-10-27,ORCID iDs
10.7554/elife.08401,2015-8-13,ORCID iDs
10.7554/elife.10719,2015-11-17,ORCID iDs
10.7554/elife.02848,2014-6-16,ORCID iDs
10.7554/elife.00090,2012-12-18,ORCID iDs
10.7554/elife.01990,2014-6-23,ORCID iDs
10.7554/elife.00994,2013-10-8,ORCID iDs
10.7554/elife.06914,2015-6-17,ORCID iDs
10.7554/elife.04158,2015-1-8,ORCID iDs
10.7554/elife.04790,2015-3-5,ORCID iDs
10.7554/elife.06489,2015-6-8,ORCID iDs
10.7554/elife.10955,2015-12-10,ORCID iDs
10.7554/elife.00603,2013-6-18,ORCID iDs
10.7554/elife.01236,2013-10-29,ORCID iDs
10.7554/elife.18898,2016-8-30,ORCID iDs
10.7554/elife.01763,2014-5-20,ORCID iDs
10.7554/elife.02950,2014-9-25,ORCID iDs
10.7554/elife.34572,2018-1-8,ORCID iDs
10.7554/elife.04220,2014-12-9,ORCID iDs
10.7554/elife.03357,2014-7-17,ORCID iDs
10.7554/elife.05899,2015-2-17,ORCID iDs
10.7554/elife.03487,2014-12-22,ORCID iDs
10.7554/elife.04775,2015-1-26,ORCID iDs
10.7554/elife.01287,2013-12-24,ORCID iDs
10.7554/elife.03943,2014-10-3,ORCID iDs
10.7554/elife.02403,2014-5-27,ORCID iDs
10.7554/elife.01958,2014-6-4,ORCID iDs
10.7554/elife.01104,2013-10-15,ORCID iDs
10.7554/elife.01202,2013-11-5,ORCID iDs
10.7554/elife.06197,2015-11-6,ORCID iDs
10.7554/elife.00800,2013-7-2,ORCID iDs
10.7554/elife.08469,2015-6-23,ORCID iDs
10.7554/elife.08160,2015-8-31,ORCID iDs
10.7554/elife.03671,2014-7-20,ORCID iDs
10.7554/elife.07197,2015-7-1,ORCID iDs
10.7554/elife.08825,2015-8-31,ORCID iDs
10.7554/elife.04660,2014-12-19,ORCID iDs
10.7554/elife.06585,2015-8-21,ORCID iDs
10.7554/elife.14576,2016-3-1,ORCID iDs
10.7554/elife.02087,2014-2-4,ORCID iDs
10.7554/elife.02715,2014-4-8,ORCID iDs
10.7554/elife.08773,2015-6-16,ORCID iDs
10.7554/elife.14790,2016-3-7,ORCID iDs
10.7554/elife.10504,2015-9-1,ORCID iDs
10.7554/elife.03981,2014-12-10,ORCID iDs
10.7554/elife.17044,2017-1-19,ORCID iDs
10.7554/elife.11092,2015-10-6,ORCID iDs
10.7554/elife.03297,2014-9-23,ORCID iDs
10.7554/elife.04517,2015-1-27,ORCID iDs
10.7554/elife.02907,2014-7-22,ORCID iDs
10.7554/elife.09066,2015-12-19,ORCID iDs
10.7554/elife.21634,2017-1-19,ORCID iDs
10.7554/elife.10820,2016-1-21,ORCID iDs
10.7554/elife.20269,2016-12-6,ORCID iDs
10.7554/elife.00932,2013-10-22,ORCID iDs
10.7554/elife.02501,2014-6-2,ORCID iDs
10.7554/elife.00631,2013-5-14,ORCID iDs
10.7554/elife.02730,2014-5-27,ORCID iDs
10.7554/elife.03700,2015-4-13,ORCID iDs
10.7554/elife.08504,2015-9-8,ORCID iDs
10.7554/elife.03614,2015-2-16,ORCID iDs
10.7554/elife.08483,2015-11-4,ORCID iDs
10.7554/elife.07571,2015-10-28,ORCID iDs
10.7554/elife.10786,2016-2-11,ORCID iDs
10.7554/elife.02559,2014-7-8,ORCID iDs
10.7554/elife.05413,2015-3-6,ORCID iDs
10.7554/elife.04885,2015-1-9,ORCID iDs
10.7554/elife.00288,2013-4-16,ORCID iDs
10.7554/elife.01977,2014-11-18,ORCID iDs
10.7554/elife.09419,2015-11-13,ORCID iDs
10.7554/elife.04876,2015-2-10,ORCID iDs
10.7554/elife.00592,2013-4-30,ORCID iDs
10.7554/elife.00537,2013-5-21,ORCID iDs
10.7554/elife.00422,2013-5-14,ORCID iDs
10.7554/elife.01114,2013-7-2,ORCID iDs
10.7554/elife.00772,2013-8-27,ORCID iDs
10.7554/elife.08760,2015-10-13,ORCID iDs
10.7554/elife.03703,2014-8-19,ORCID iDs
10.7554/elife.00886,2013-8-27,ORCID iDs
10.7554/elife.03599,2015-7-20,ORCID iDs
10.7554/elife.03915,2014-11-7,ORCID iDs
10.7554/elife.01779,2013-12-3,ORCID iDs
10.7554/elife.00321,2013-2-5,ORCID iDs
10.7554/elife.02131,2014-4-8,ORCID iDs
10.7554/elife.01579,2014-3-4,ORCID iDs
10.7554/elife.13232,2015-12-28,ORCID iDs
10.7554/elife.05914,2015-5-8,ORCID iDs
10.7554/elife.08711,2016-3-17,ORCID iDs
10.7554/elife.08697,2015-9-26,ORCID iDs
10.7554/elife.05560,2015-3-5,ORCID iDs
10.7554/elife.03083,2014-8-19,ORCID iDs
10.7554/elife.11692,2015-12-8,ORCID iDs
10.7554/elife.03575,2014-7-8,ORCID iDs
10.7554/elife.12386,2015-12-15,ORCID iDs
10.7554/elife.07431,2015-4-16,ORCID iDs
10.7554/elife.14955,2016-3-15,ORCID iDs
10.7554/elife.03445,2014-12-22,ORCID iDs
10.7554/elife.03522,2015-2-18,ORCID iDs
10.7554/elife.02669,2014-5-7,ORCID iDs
10.7554/elife.03896,2014-11-17,ORCID iDs
10.7554/elife.02130,2014-4-24,ORCID iDs
10.7554/elife.07455,2015-8-12,ORCID iDs
10.7554/elife.00626,2013-5-21,ORCID iDs
10.7554/elife.00533,2013-9-10,ORCID iDs
10.7554/elife.11547,2015-9-22,ORCID iDs
10.7554/elife.08817,2015-11-20,ORCID iDs
10.7554/elife.01831,2014-4-22,ORCID iDs
10.7554/elife.01861,2014-4-15,ORCID iDs
10.7554/elife.09861,2015-11-14,ORCID iDs
10.7554/elife.09262,2015-7-24,ORCID iDs
10.7554/elife.00429,2013-5-21,ORCID iDs
10.7554/elife.00857,2013-7-16,ORCID iDs
10.7554/elife.01967,2014-4-16,ORCID iDs
10.7554/elife.03399,2014-8-22,ORCID iDs
10.7554/elife.01581,2014-2-11,ORCID iDs
10.7554/elife.06878,2015-5-13,ORCID iDs
10.7554/elife.00011,2012-11-13,ORCID iDs
10.7554/elife.03254,2014-8-12,ORCID iDs
10.7554/elife.03115,2014-9-16,ORCID iDs
10.7554/elife.02040,2014-3-18,ORCID iDs
10.7554/elife.06980,2015-5-29,ORCID iDs
10.7554/elife.02935,2014-10-1,ORCID iDs
10.7554/elife.04577,2014-12-23,ORCID iDs
10.7554/elife.05871,2015-4-1,ORCID iDs
10.7554/elife.11815,2016-1-23,ORCID iDs
10.7554/elife.06633,2015-3-6,ORCID iDs
10.7554/elife.06011,2015-10-29,ORCID iDs
10.7554/elife.03523,2014-9-16,ORCID iDs
10.7554/elife.04603,2014-9-30,ORCID iDs
10.7554/elife.01403,2013-9-28,ORCID iDs
10.7554/elife.16156,2016-4-28,ORCID iDs
10.7554/elife.16209,2016-4-29,ORCID iDs
10.7554/elife.11399,2015-10-6,ORCID iDs
10.7554/elife.03374,2014-6-17,ORCID iDs
10.7554/elife.03068,2014-5-20,ORCID iDs
10.7554/elife.01412,2014-1-28,ORCID iDs
10.7554/elife.00218,2013-3-5,ORCID iDs
10.7554/elife.02949,2014-8-13,ORCID iDs
10.7554/elife.04494,2015-1-20,ORCID iDs
10.7554/elife.02504,2014-12-9,ORCID iDs
10.7554/elife.02286,2014-5-23,ORCID iDs
10.7554/elife.08201,2015-9-3,ORCID iDs
10.7554/elife.07320,2015-7-10,ORCID iDs
10.7554/elife.01369,2014-1-14,ORCID iDs
10.7554/elife.03383,2014-8-8,ORCID iDs
10.7554/elife.05808,2015-3-31,ORCID iDs
10.7554/elife.09638,2015-10-1,ORCID iDs
10.7554/elife.08105,2015-10-20,ORCID iDs
10.7554/elife.03104,2014-7-24,ORCID iDs
10.7554/elife.13420,2016-2-15,ORCID iDs
10.7554/elife.05322,2015-12-30,ORCID iDs
10.7554/elife.10067,2015-11-23,ORCID iDs
10.7554/elife.05745,2015-4-21,ORCID iDs
10.7554/elife.00708,2013-7-16,ORCID iDs
10.7554/elife.06500,2015-5-15,ORCID iDs
10.7554/elife.00855,2013-5-16,ORCID iDs
10.7554/elife.03348,2014-9-1,ORCID iDs
10.7554/elife.04390,2014-10-14,ORCID iDs
10.7554/elife.00844,2013-10-1,ORCID iDs
10.7554/elife.02792,2014-6-17,ORCID iDs
10.7554/elife.00884,2013-9-3,ORCID iDs
10.7554/elife.01982,2014-3-25,ORCID iDs
10.7554/elife.02866,2014-5-27,ORCID iDs
10.7554/elife.01828,2014-3-11,ORCID iDs
10.7554/elife.06249,2015-6-5,ORCID iDs
10.7554/elife.03464,2014-12-2,ORCID iDs
10.7554/elife.04637,2015-3-25,ORCID iDs
10.7554/elife.01239,2014-1-21,ORCID iDs
10.7554/elife.02536,2014-5-7,ORCID iDs
10.7554/elife.03706,2014-11-11,ORCID iDs
10.7554/elife.12813,2016-1-29,ORCID iDs
10.7554/elife.03574,2014-9-18,ORCID iDs
10.7554/elife.05849,2015-3-30,ORCID iDs
10.7554/elife.11721,2015-12-16,ORCID iDs
10.7554/elife.00940,2013-11-19,ORCID iDs
10.7554/elife.01574,2013-12-31,ORCID iDs
10.7554/elife.05463,2015-2-4,ORCID iDs
10.7554/elife.00278,2013-4-2,ORCID iDs
10.7554/elife.00723,2013-9-3,ORCID iDs
10.7554/elife.01340,2013-10-29,ORCID iDs
10.7554/elife.00675,2013-6-11,ORCID iDs
10.7554/elife.03949,2014-10-1,ORCID iDs
10.7554/elife.01042,2013-7-9,ORCID iDs
10.7554/elife.01694,2014-4-15,ORCID iDs
10.7554/elife.05657,2014-11-24,ORCID iDs
10.7554/elife.06986,2015-2-18,ORCID iDs
10.7554/elife.00498,2013-5-28,ORCID iDs
10.7554/elife.03819,2015-1-8,ORCID iDs
10.7554/elife.00654,2013-8-6,ORCID iDs
10.7554/elife.01096,2013-12-3,ORCID iDs
10.7554/elife.03128,2014-5-27,ORCID iDs
10.7554/elife.03176,2014-6-3,ORCID iDs
10.7554/elife.04168,2014-9-2,ORCID iDs
10.7554/elife.12686,2016-1-19,ORCID iDs
10.7554/elife.05720,2014-12-30,ORCID iDs
10.7554/elife.02387,2014-3-4,ORCID iDs
10.7554/elife.01294,2013-8-13,ORCID iDs
10.7554/elife.11897,2015-12-29,ORCID iDs
10.7554/elife.02370,2014-4-1,ORCID iDs
10.7554/elife.01695,2014-3-11,ORCID iDs
10.7554/elife.07961,2015-5-12,ORCID iDs
10.7554/elife.02369,2014-3-4,ORCID iDs
10.7554/elife.00353,2012-12-13,ORCID iDs
10.7554/elife.08086,2015-5-13,ORCID iDs
10.7554/elife.04187,2014-10-8,ORCID iDs
10.7554/elife.02419,2014-4-24,ORCID iDs
10.7554/elife.02445,2014-4-30,ORCID iDs
10.7554/elife.01671,2014-3-18,ORCID iDs
10.7554/elife.03032,2014-8-8,ORCID iDs
10.7554/elife.06792,2015-5-23,ORCID iDs
10.7554/elife.07916,2015-11-14,ORCID iDs
10.7554/elife.02750,2014-7-29,ORCID iDs
10.7554/elife.00996,2013-12-31,ORCID iDs
10.7554/elife.09560,2015-9-10,ORCID iDs
10.7554/elife.09158,2015-9-29,ORCID iDs
10.7554/elife.02024,2014-5-19,ORCID iDs
10.7554/elife.02362,2014-4-29,ORCID iDs
10.7554/elife.11583,2016-1-7,ORCID iDs
10.7554/elife.06179,2015-3-16,ORCID iDs
10.7554/elife.11315,2015-11-19,ORCID iDs
10.7554/elife.01479,2014-1-21,ORCID iDs
10.7554/elife.01339,2013-12-20,ORCID iDs
10.7554/elife.09225,2015-6-16,ORCID iDs
10.7554/elife.06496,2015-4-29,ORCID iDs
10.7554/elife.19352,2016-11-22,ORCID iDs
10.7554/elife.00523,2013-6-4,ORCID iDs
10.7554/elife.01201,2014-1-21,ORCID iDs
10.7554/elife.01597,2013-10-8,ORCID iDs
10.7554/elife.01662,2013-11-19,ORCID iDs
10.7554/elife.03602,2014-6-11,ORCID iDs
10.7554/elife.14281,2016-2-3,ORCID iDs
10.7554/elife.16332,2016-3-31,ORCID iDs
10.7554/elife.06074,2015-2-20,ORCID iDs
10.7554/elife.07295,2015-6-15,ORCID iDs
10.7554/elife.03581,2014-10-23,ORCID iDs
10.7554/elife.00367,2013-4-2,ORCID iDs
10.7554/elife.01867,2014-3-25,ORCID iDs
10.7554/elife.06369,2015-3-13,ORCID iDs
10.7554/elife.00333,2013-2-19,ORCID iDs
10.7554/elife.09248,2015-9-3,ORCID iDs
10.7554/elife.00641,2013-3-19,ORCID iDs
10.7554/elife.02589,2014-3-25,ORCID iDs
10.7554/elife.02618,2014-4-1,ORCID iDs
10.7554/elife.00729,2013-4-16,ORCID iDs
10.7554/elife.01127,2013-8-8,ORCID iDs
10.7554/elife.06424,2015-2-10,ORCID iDs
10.7554/elife.14973,2016-3-24,ORCID iDs
10.7554/elife.05861,2015-3-25,ORCID iDs
10.7554/elife.03397,2014-9-26,ORCID iDs
10.7554/elife.08698,2015-10-23,ORCID iDs
10.7554/elife.08177,2015-11-6,ORCID iDs
10.7554/elife.12256,2015-12-18,ORCID iDs
10.7554/elife.12916,2015-12-29,ORCID iDs
10.7554/elife.14052,2016-3-22,ORCID iDs
10.7554/elife.05544,2015-2-25,ORCID iDs
10.7554/elife.03913,2015-3-30,ORCID iDs
10.7554/elife.02981,2014-9-2,ORCID iDs
10.7554/elife.00378,2013-3-19,ORCID iDs
10.7554/elife.07728,2015-7-21,ORCID iDs
10.7554/elife.07236,2015-5-23,ORCID iDs
10.7554/elife.03390,2015-3-27,ORCID iDs
10.7554/elife.08422,2015-10-20,ORCID iDs
10.7554/elife.01888,2014-5-6,ORCID iDs
10.7554/elife.00178,2013-1-22,ORCID iDs
10.7554/elife.06671,2015-9-7,ORCID iDs
10.7554/elife.06883,2015-3-10,ORCID iDs
10.7554/elife.01139,2013-10-1,ORCID iDs
10.7554/elife.10441,2015-10-31,ORCID iDs
10.7554/elife.06181,2015-4-22,ORCID iDs
10.7554/elife.06970,2015-9-1,ORCID iDs
10.7554/elife.00048,2012-10-15,ORCID iDs
10.7554/elife.03722,2014-11-14,ORCID iDs
10.7554/elife.03145,2014-9-19,ORCID iDs
10.7554/elife.00354,2013-3-19,ORCID iDs
10.7554/elife.09561,2015-9-10,ORCID iDs
10.7554/elife.03198,2014-7-3,ORCID iDs
10.7554/elife.10832,2015-11-9,ORCID iDs
10.7554/elife.01914,2014-2-4,ORCID iDs
10.7554/elife.21738,2017-1-3,ORCID iDs
10.7554/elife.00669,2013-6-25,ORCID iDs
10.7554/elife.07789,2015-8-13,ORCID iDs
10.7554/elife.01936,2014-4-24,ORCID iDs
10.7554/elife.02053,2014-4-22,ORCID iDs
10.7554/elife.01179,2013-12-3,ORCID iDs
10.7554/elife.03311,2014-8-13,ORCID iDs
10.7554/elife.10084,2015-7-24,ORCID iDs
10.7554/elife.101848,2024-10-3,ORCID iDs
10.7554/elife.10328,2015-7-29,ORCID iDs
10.7554/elife.05682,2015-11-2,ORCID iDs
10.7554/elife.12997,2015-12-19,ORCID iDs
10.7554/elife.01607,2014-2-4,ORCID iDs
10.7554/elife.05338,2015-3-31,ORCID iDs
10.7554/elife.20516,2016-9-9,ORCID iDs
10.7554/elife.00491,2013-1-22,ORCID iDs
10.7554/elife.05580,2014-12-24,ORCID iDs
10.7554/elife.07390,2015-4-8,ORCID iDs
10.7554/elife.05244,2014-11-25,ORCID iDs
10.7554/elife.06195,2015-3-17,ORCID iDs
10.7554/elife.06421,2015-4-27,ORCID iDs
10.7554/elife.04279,2014-11-24,ORCID iDs
10.7554/elife.01310,2014-3-4,ORCID iDs
10.7554/elife.10012,2016-2-11,ORCID iDs
10.7554/elife.07290,2015-6-17,ORCID iDs
10.7554/elife.09266,2015-11-14,ORCID iDs
10.7554/elife.09462,2016-2-23,ORCID iDs
10.7554/elife.09083,2015-9-30,ORCID iDs
10.7554/elife.01535,2014-2-18,ORCID iDs
10.7554/elife.04854,2014-12-22,ORCID iDs
10.7554/elife.10996,2016-3-7,ORCID iDs
10.7554/elife.06602,2015-5-30,ORCID iDs
10.7554/elife.07426,2015-5-20,ORCID iDs
10.7554/elife.01071,2013-9-17,ORCID iDs
10.7554/elife.00845,2013-7-30,ORCID iDs
10.7554/elife.06225,2015-5-5,ORCID iDs
10.7554/elife.00348,2013-2-26,ORCID iDs
10.7554/elife.02637,2014-7-1,ORCID iDs
10.7554/elife.01256,2013-12-31,ORCID iDs
10.7554/elife.02164,2014-4-24,ORCID iDs
10.7554/elife.01524,2014-2-25,ORCID iDs
10.7554/elife.02535,2014-6-4,ORCID iDs
10.7554/elife.00160,2013-1-8,ORCID iDs
10.7554/elife.01700,2013-10-22,ORCID iDs
10.7554/elife.12968,2015-11-18,ORCID iDs
10.7554/elife.21253,2017-1-19,ORCID iDs
10.7554/elife.05179,2014-10-21,ORCID iDs
10.7554/elife.25306,2017-6-27,ORCID iDs
10.7554/elife.09991,2015-12-15,ORCID iDs
10.7554/elife.04677,2015-5-5,ORCID iDs
10.7554/elife.11190,2015-12-15,ORCID iDs
10.7554/elife.06638,2015-6-2,ORCID iDs
10.7554/elife.03697,2014-12-15,ORCID iDs
10.7554/elife.02030,2014-5-1,ORCID iDs
10.7554/elife.12509,2016-3-8,ORCID iDs
10.7554/elife.07546,2015-8-28,ORCID iDs
10.7554/elife.02409,2014-4-25,ORCID iDs
10.7554/elife.02860,2014-6-19,ORCID iDs
10.7554/elife.06857,2015-3-24,ORCID iDs
10.7554/elife.07217,2015-7-14,ORCID iDs
10.7554/elife.01809,2013-12-10,ORCID iDs
10.7554/elife.01760,2013-11-26,ORCID iDs
10.7554/elife.07364,2015-3-30,ORCID iDs
10.7554/elife.05846,2015-1-13,ORCID iDs
10.7554/elife.02273,2014-2-4,ORCID iDs
10.7554/elife.03371,2014-6-24,ORCID iDs
10.7554/elife.20755,2016-9-19,ORCID iDs
10.7554/elife.09556,2015-7-28,ORCID iDs
10.7554/elife.03997,2014-8-15,ORCID iDs
10.7554/elife.19569,2016-9-8,ORCID iDs
10.7554/elife.07048,2015-8-18,ORCID iDs
10.7554/elife.06104,2015-7-13,ORCID iDs
10.7554/elife.04810,2015-5-1,ORCID iDs
10.7554/elife.04037,2014-12-10,ORCID iDs
10.7554/elife.04287,2014-11-19,ORCID iDs
10.7554/elife.02277,2014-4-1,ORCID iDs
10.7554/elife.10635,2015-11-17,ORCID iDs
10.7554/elife.00205,2012-12-18,ORCID iDs
10.7554/elife.06576,2015-5-12,ORCID iDs
10.7554/elife.03363,2014-10-29,ORCID iDs
10.7554/elife.01433,2014-4-29,ORCID iDs
10.7554/elife.00133,2013-3-6,ORCID iDs
10.7554/elife.05506,2015-4-17,ORCID iDs
10.7554/elife.00181,2012-12-18,ORCID iDs
10.7554/elife.10891,2015-12-17,ORCID iDs
10.7554/elife.10870,2015-11-21,ORCID iDs
10.7554/elife.10982,2015-11-14,ORCID iDs
10.7554/elife.01519,2013-12-3,ORCID iDs
10.7554/elife.01856,2014-1-21,ORCID iDs
10.7554/elife.07739,2015-4-28,ORCID iDs
10.7554/elife.02676,2014-6-26,ORCID iDs
10.7554/elife.05826,2015-3-25,ORCID iDs
10.7554/elife.04407,2014-12-29,ORCID iDs
10.7554/elife.00312,2013-3-20,ORCID iDs
10.7554/elife.01385,2014-1-14,ORCID iDs
10.7554/elife.02510,2014-5-27,ORCID iDs
10.7554/elife.06498,2015-5-12,ORCID iDs
10.7554/elife.06414,2015-8-6,ORCID iDs
10.7554/elife.01949,2014-5-19,ORCID iDs
10.7554/elife.09684,2015-12-15,ORCID iDs
10.7554/elife.07871,2015-10-16,ORCID iDs
10.7554/elife.07091,2015-6-30,ORCID iDs
10.7554/elife.08789,2015-9-18,ORCID iDs
10.7554/elife.14577,2016-4-6,ORCID iDs
10.7554/elife.05198,2015-1-8,ORCID iDs
10.7554/elife.04645,2015-2-2,ORCID iDs
10.7554/elife.01659,2014-4-8,ORCID iDs
10.7554/elife.02245,2014-5-7,ORCID iDs
10.7554/elife.03756,2014-8-13,ORCID iDs
10.7554/elife.00400,2013-2-26,ORCID iDs
10.7554/elife.01498,2014-2-25,ORCID iDs
10.7554/elife.07830,2015-8-24,ORCID iDs
10.7554/elife.03596,2014-10-6,ORCID iDs
10.7554/elife.03679,2014-10-21,ORCID iDs
10.7554/elife.05538,2015-4-14,ORCID iDs
10.7554/elife.03229,2014-10-15,ORCID iDs
10.7554/elife.03952,2015-2-19,ORCID iDs
10.7554/elife.02811,2014-5-29,ORCID iDs
10.7554/elife.11813,2016-1-27,ORCID iDs
10.7554/elife.07770,2015-10-6,ORCID iDs
10.7554/elife.07901,2015-8-4,ORCID iDs
10.7554/elife.04803,2015-3-13,ORCID iDs
10.7554/elife.05614,2014-11-21,ORCID iDs
10.7554/elife.02394,2014-2-11,ORCID iDs
10.7554/elife.00563,2013-1-29,ORCID iDs
10.7554/elife.19351,2016-8-18,ORCID iDs
10.7554/elife.10727,2016-1-11,ORCID iDs
10.7554/elife.11859,2015-11-9,ORCID iDs
10.7554/elife.04631,2014-11-19,ORCID iDs
10.7554/elife.10396,2015-11-28,ORCID iDs
10.7554/elife.01469,2013-10-8,ORCID iDs
10.7554/elife.01120,2013-10-1,ORCID iDs
10.7554/elife.06734,2015-3-30,ORCID iDs
10.7554/elife.14258,2016-4-7,ORCID iDs
10.7554/elife.02615,2014-4-1,ORCID iDs
10.7554/elife.03318,2014-12-17,ORCID iDs
10.7554/elife.09584,2016-1-8,ORCID iDs
10.7554/elife.00031,2012-10-30,ORCID iDs
10.7554/elife.02094,2013-12-20,ORCID iDs
10.7554/elife.02678,2014-6-10,ORCID iDs
10.7554/elife.03191,2014-7-8,ORCID iDs
10.7554/elife.01133,2013-11-5,ORCID iDs
10.7554/elife.10450,2015-12-9,ORCID iDs
10.7554/elife.05361,2015-4-13,ORCID iDs
10.7554/elife.00306,2013-2-5,ORCID iDs
10.7554/elife.00473,2013-4-30,ORCID iDs
10.7554/elife.01439,2014-1-14,ORCID iDs
10.7554/elife.00311,2012-12-18,ORCID iDs
10.7554/elife.02809,2014-9-16,ORCID iDs
10.7554/elife.09221,2015-8-27,ORCID iDs
10.7554/elife.02115,2014-3-26,ORCID iDs
10.7554/elife.01084,2013-8-27,ORCID iDs
10.7554/elife.03545,2014-7-1,ORCID iDs
10.7554/elife.22661,2017-1-19,ORCID iDs
10.7554/elife.02531,2014-3-18,ORCID iDs
10.7554/elife.02590,2014-3-25,ORCID iDs
10.7554/elife.00365,2012-12-13,ORCID iDs
10.7554/elife.00515,2013-2-5,ORCID iDs
10.7554/elife.00933,2013-6-18,ORCID iDs
10.7554/elife.15853,2016-4-19,ORCID iDs
10.7554/elife.01460,2014-2-18,ORCID iDs
10.7554/elife.01030,2013-9-24,ORCID iDs
10.7554/elife.11860,2016-1-12,ORCID iDs
10.7554/elife.00806,2013-12-24,ORCID iDs
10.7554/elife.03043,2014-8-12,ORCID iDs
10.7554/elife.00243,2012-10-15,ORCID iDs
10.7554/elife.08005,2015-7-20,ORCID iDs
10.7554/elife.00633,2013-6-18,ORCID iDs
10.7554/elife.10735,2015-11-17,ORCID iDs
10.7554/elife.12552,2016-3-16,ORCID iDs
10.7554/elife.02077,2014-4-29,ORCID iDs
10.7554/elife.01319,2013-11-5,ORCID iDs
10.7554/elife.13015,2015-11-24,ORCID iDs
10.7554/elife.13038,2015-11-25,ORCID iDs
10.7554/elife.05531,2015-4-14,ORCID iDs
10.7554/elife.06494,2015-1-28,ORCID iDs
10.7554/elife.06848,2015-8-11,ORCID iDs
10.7554/elife.10956,2016-2-16,ORCID iDs
10.7554/elife.04406,2014-10-13,ORCID iDs
10.7554/elife.12677,2016-3-17,ORCID iDs
10.7554/elife.20877,2016-9-27,ORCID iDs
10.7554/elife.05423,2015-3-19,ORCID iDs
10.7554/elife.04970,2015-1-16,ORCID iDs
10.7554/elife.01197,2013-12-17,ORCID iDs
10.7554/elife.01295,2013-11-26,ORCID iDs
10.7554/elife.00290,2013-2-19,ORCID iDs
10.7554/elife.07486,2015-8-11,ORCID iDs
10.7554/elife.08149,2015-12-2,ORCID iDs
10.7554/elife.07582,2015-10-9,ORCID iDs
10.7554/elife.09388,2015-12-15,ORCID iDs
10.7554/elife.05615,2015-4-23,ORCID iDs
10.7554/elife.03245,2014-8-26,ORCID iDs
10.7554/elife.10514,2015-9-15,ORCID iDs
10.7554/elife.08287,2015-10-9,ORCID iDs
10.7554/elife.08954,2015-9-15,ORCID iDs
10.7554/elife.22926,2016-12-13,ORCID iDs
10.7554/elife.01008,2013-9-3,ORCID iDs
10.7554/elife.04402,2014-10-6,ORCID iDs
10.7554/elife.00757,2013-5-14,ORCID iDs
10.7554/elife.00947,2013-8-6,ORCID iDs
10.7554/elife.07938,2015-11-17,ORCID iDs
10.7554/elife.12345,2016-1-18,ORCID iDs
10.7554/elife.05000,2014-11-6,ORCID iDs
10.7554/elife.03475,2014-7-1,ORCID iDs
10.7554/elife.03851,2014-10-23,ORCID iDs
10.7554/elife.02009,2014-5-27,ORCID iDs
10.7554/elife.05868,2015-3-5,ORCID iDs
10.7554/elife.03075,2014-7-14,ORCID iDs
10.7554/elife.03573,2014-11-19,ORCID iDs
10.7554/elife.00572,2013-2-19,ORCID iDs
10.7554/elife.09713,2015-8-5,ORCID iDs
10.7554/elife.03235,2014-6-3,ORCID iDs
10.7554/elife.04014,2014-8-20,ORCID iDs
10.7554/elife.23065,2016-12-13,ORCID iDs
10.7554/elife.00767,2013-4-30,ORCID iDs
10.7554/elife.36882,2018-5-8,ORCID iDs
10.7554/elife.07702,2015-11-17,ORCID iDs
10.7554/elife.06774,2015-5-7,ORCID iDs
10.7554/elife.08733,2015-8-11,ORCID iDs
10.7554/elife.09976,2016-2-16,ORCID iDs
10.7554/elife.07046,2015-5-8,ORCID iDs
10.7554/elife.04008,2014-12-23,ORCID iDs
10.7554/elife.05196,2015-5-19,ORCID iDs
10.7554/elife.10206,2015-9-11,ORCID iDs
10.7554/elife.00924,2013-11-5,ORCID iDs
10.7554/elife.10115,2015-11-27,ORCID iDs
10.7554/elife.03497,2014-8-26,ORCID iDs
10.7554/elife.09648,2015-11-17,ORCID iDs
10.7554/elife.02634,2014-5-2,ORCID iDs
10.7554/elife.01817,2014-5-21,ORCID iDs
10.7554/elife.11009,2015-11-27,ORCID iDs
10.7554/elife.01438,2014-3-26,ORCID iDs
10.7554/elife.04659,2015-4-8,ORCID iDs
10.7554/elife.00780,2013-7-30,ORCID iDs
10.7554/elife.03532,2014-10-1,ORCID iDs
10.7554/elife.04563,2014-9-4,ORCID iDs
10.7554/elife.07482,2015-3-18,ORCID iDs
10.7554/elife.03604,2014-7-31,ORCID iDs
10.7554/elife.02025,2014-4-8,ORCID iDs
10.7554/elife.06683,2015-4-21,ORCID iDs
10.7554/elife.10013,2015-11-11,ORCID iDs
10.7554/elife.06126,2015-12-10,ORCID iDs
10.7554/elife.00007,2012-10-15,ORCID iDs
10.7554/elife.06659,2015-5-7,ORCID iDs
10.7554/elife.12058,2015-11-21,ORCID iDs
10.7554/elife.12966,2016-2-22,ORCID iDs
10.7554/elife.03275,2014-6-30,ORCID iDs
10.7554/elife.12548,2015-12-15,ORCID iDs
10.7554/elife.10140,2015-12-28,ORCID iDs
10.7554/elife.06620,2015-7-23,ORCID iDs
10.7554/elife.06541,2015-10-13,ORCID iDs
10.7554/elife.00672,2013-12-10,ORCID iDs
10.7554/elife.10616,2015-11-27,ORCID iDs
10.7554/elife.03126,2014-8-18,ORCID iDs
10.7554/elife.06120,2015-3-19,ORCID iDs
10.7554/elife.11396,2015-12-1,ORCID iDs
10.7554/elife.03606,2014-12-23,ORCID iDs
10.7554/elife.02061,2014-1-28,ORCID iDs
10.7554/elife.02515,2014-3-18,ORCID iDs
10.7554/elife.18037,2016-6-23,ORCID iDs
10.7554/elife.12615,2016-1-8,ORCID iDs
10.7554/elife.01305,2013-12-24,ORCID iDs
10.7554/elife.06866,2015-7-29,ORCID iDs
10.7554/elife.01355,2014-1-28,ORCID iDs
10.7554/elife.00726,2013-9-3,ORCID iDs
10.7554/elife.02313,2014-3-12,ORCID iDs
10.7554/elife.02078,2014-5-8,ORCID iDs
10.7554/elife.01893,2013-12-24,ORCID iDs
10.7554/elife.13620,2016-6-23,ORCID iDs
10.7554/elife.03650,2014-9-2,ORCID iDs
10.7554/elife.07935,2015-8-24,ORCID iDs
10.7554/elife.10111,2015-11-9,ORCID iDs
10.7554/elife.04745,2015-3-25,ORCID iDs
10.7554/elife.06462,2015-5-30,ORCID iDs
10.7554/elife.02641,2014-6-10,ORCID iDs
10.7554/elife.05161,2015-1-20,ORCID iDs
10.7554/elife.01569,2014-2-11,ORCID iDs
10.7554/elife.00699,2013-7-23,ORCID iDs
10.7554/elife.00899,2013-7-16,ORCID iDs
10.7554/elife.06722,2015-4-23,ORCID iDs
10.7554/elife.03695,2014-10-15,ORCID iDs
10.7554/elife.01916,2014-2-11,ORCID iDs
10.7554/elife.02324,2014-5-20,ORCID iDs
10.7554/elife.08712,2015-9-10,ORCID iDs
10.7554/elife.05835,2015-3-25,ORCID iDs
10.7554/elife.00421,2013-5-14,ORCID iDs
10.7554/elife.01820,2013-12-11,ORCID iDs
10.7554/elife.12522,2015-11-24,ORCID iDs
10.7554/elife.55718,2020-7-13,ORCID iDs
10.7554/elife.03737,2014-10-14,ORCID iDs
10.7554/elife.08186,2015-4-27,ORCID iDs
10.7554/elife.08935,2015-10-20,ORCID iDs
10.7554/elife.04640,2015-8-18,ORCID iDs
10.7554/elife.10308,2015-10-5,ORCID iDs
10.7554/elife.05055,2015-1-16,ORCID iDs
10.7554/elife.79892,2022-11-15,ORCID iDs
10.7554/elife.01901,2014-2-25,ORCID iDs
10.7554/elife.05563,2015-8-6,ORCID iDs
10.7554/elife.00658,2013-5-28,ORCID iDs
10.7554/elife.09652,2015-10-8,ORCID iDs
10.7554/elife.01483,2014-2-4,ORCID iDs
10.7554/elife.09207,2015-9-16,ORCID iDs
10.7554/elife.18391,2016-7-15,ORCID iDs
10.7554/elife.02041,2014-1-29,ORCID iDs
10.7554/elife.18887,2016-7-29,ORCID iDs
10.7554/elife.02189,2014-2-11,ORCID iDs
10.7554/elife.08283,2015-5-22,ORCID iDs
10.7554/elife.02840,2014-4-22,ORCID iDs
10.7554/elife.12093,2015-12-10,ORCID iDs
10.7554/elife.03754,2014-7-22,ORCID iDs
10.7554/elife.00914,2013-6-11,ORCID iDs
10.7554/elife.00954,2013-6-18,ORCID iDs
10.7554/elife.06235,2015-2-6,ORCID iDs
10.7554/elife.01605,2013-10-15,ORCID iDs
10.7554/elife.06717,2015-3-2,ORCID iDs
10.7554/elife.14749,2016-11-22,ORCID iDs
10.7554/elife.10150,2015-11-2,ORCID iDs
10.7554/elife.10116,2016-1-5,ORCID iDs
10.7554/elife.02763,2014-4-15,ORCID iDs
10.7554/elife.00270,2012-10-15,ORCID iDs
10.7554/elife.05242,2015-2-17,ORCID iDs
10.7554/elife.05357,2015-6-16,ORCID iDs
10.7554/elife.05472,2015-3-4,ORCID iDs
10.7554/elife.04380,2014-12-4,ORCID iDs
10.7554/elife.01488,2014-1-21,ORCID iDs
10.7554/elife.07343,2015-7-28,ORCID iDs
10.7554/elife.06567,2015-3-31,ORCID iDs
10.7554/elife.09800,2015-9-2,ORCID iDs
10.7554/elife.08918,2015-10-20,ORCID iDs
10.7554/elife.02057,2014-4-25,ORCID iDs
10.7554/elife.02813,2014-5-20,ORCID iDs
10.7554/elife.03962,2014-12-16,ORCID iDs
10.7554/elife.12223,2015-11-26,ORCID iDs
10.7554/elife.02076,2014-4-22,ORCID iDs
10.7554/elife.11066,2015-12-9,ORCID iDs
10.7554/elife.00190,2013-3-5,ORCID iDs
10.7554/elife.01948,2014-3-25,ORCID iDs
10.7554/elife.00013,2012-10-15,ORCID iDs
10.7554/elife.03422,2014-12-2,ORCID iDs
10.7554/elife.05098,2015-3-24,ORCID iDs
10.7554/elife.04205,2014-12-12,ORCID iDs
10.7554/elife.01503,2013-12-24,ORCID iDs
10.7554/elife.05375,2014-12-31,ORCID iDs
10.7554/elife.06492,2015-8-14,ORCID iDs
10.7554/elife.18544,2016-11-23,ORCID iDs
10.7554/elife.01341,2013-12-10,ORCID iDs
10.7554/elife.06651,2015-5-14,ORCID iDs
10.7554/elife.08351,2015-10-13,ORCID iDs
10.7554/elife.00488,2013-2-20,ORCID iDs
10.7554/elife.01610,2014-1-28,ORCID iDs
10.7554/elife.04998,2014-10-8,ORCID iDs
10.7554/elife.06720,2015-2-6,ORCID iDs
10.7554/elife.01489,2014-2-25,ORCID iDs
10.7554/elife.08714,2016-3-4,ORCID iDs
10.7554/elife.06205,2015-4-7,ORCID iDs
10.7554/elife.10988,2015-11-14,ORCID iDs
10.7554/elife.01308,2014-3-11,ORCID iDs
10.7554/elife.09591,2015-10-2,ORCID iDs
10.7554/elife.05290,2015-1-28,ORCID iDs
10.7554/elife.00785,2013-8-14,ORCID iDs
10.7554/elife.07369,2015-5-22,ORCID iDs
10.7554/elife.01456,2013-9-10,ORCID iDs
10.7554/elife.07771,2015-5-6,ORCID iDs
10.7554/elife.02854,2014-4-29,ORCID iDs
10.7554/elife.03375,2014-6-17,ORCID iDs
10.7554/elife.01928,2014-1-7,ORCID iDs
10.7554/elife.02674,2014-5-19,ORCID iDs
10.7554/elife.06967,2015-4-23,ORCID iDs
10.7554/elife.00183,2013-1-22,ORCID iDs
10.7554/elife.00012,2013-1-22,ORCID iDs
10.7554/elife.02042,2014-4-15,ORCID iDs
10.7554/elife.07242,2015-8-27,ORCID iDs
10.7554/elife.00435,2013-4-2,ORCID iDs
10.7554/elife.04960,2015-3-20,ORCID iDs
10.7554/elife.06088,2015-9-25,ORCID iDs
10.7554/elife.09224,2015-10-9,ORCID iDs
10.7554/elife.08827,2015-9-24,ORCID iDs
10.7554/elife.08193,2015-8-25,ORCID iDs
10.7554/elife.06990,2015-6-10,ORCID iDs
10.7554/elife.08298,2015-7-24,ORCID iDs
10.7554/elife.01738,2013-11-26,ORCID iDs
10.7554/elife.03421,2014-7-29,ORCID iDs
10.7554/elife.04629,2014-10-30,ORCID iDs
10.7554/elife.07277,2015-6-5,ORCID iDs
10.7554/elife.12177,2015-12-8,ORCID iDs
10.7554/elife.00522,2013-8-6,ORCID iDs
10.7554/elife.03790,2014-11-17,ORCID iDs
10.7554/elife.10825,2015-9-14,ORCID iDs
10.7554/elife.08033,2015-6-22,ORCID iDs
10.7554/elife.09832,2015-11-2,ORCID iDs
10.7554/elife.09771,2015-10-5,ORCID iDs
10.7554/elife.01621,2014-6-24,ORCID iDs
10.7554/elife.00759,2013-9-3,ORCID iDs
10.7554/elife.21585,2016-9-27,ORCID iDs
10.7554/elife.06900,2015-2-12,ORCID iDs
10.7554/elife.09993,2015-7-17,ORCID iDs
10.7554/elife.00768,2013-7-30,ORCID iDs
10.7554/elife.01322,2014-3-4,ORCID iDs
10.7554/elife.03159,2014-9-15,ORCID iDs
10.7554/elife.00337,2013-3-5,ORCID iDs
10.7554/elife.07957,2015-8-25,ORCID iDs
10.7554/elife.04940,2015-3-27,ORCID iDs
10.7554/elife.03100,2014-6-5,ORCID iDs
10.7554/elife.04979,2015-3-3,ORCID iDs
10.7554/elife.02956,2014-8-14,ORCID iDs
10.7554/elife.05959,2015-4-15,ORCID iDs
10.7554/elife.10066,2016-1-18,ORCID iDs
10.7554/elife.00615,2013-3-5,ORCID iDs
10.7554/elife.00639,2013-4-2,ORCID iDs
10.7554/elife.12721,2016-1-18,ORCID iDs
10.7554/elife.01291,2013-8-27,ORCID iDs
10.7554/elife.07690,2015-4-29,ORCID iDs
10.7554/elife.20196,2016-9-6,ORCID iDs
10.7554/elife.01926,2013-12-31,ORCID iDs
10.7554/elife.02565,2014-6-4,ORCID iDs
10.7554/elife.02923,2015-1-7,ORCID iDs
10.7554/elife.01604,2014-1-28,ORCID iDs
10.7554/elife.07834,2015-10-12,ORCID iDs
10.7554/elife.09015,2015-11-3,ORCID iDs
10.7554/elife.08997,2015-9-1,ORCID iDs
10.7554/elife.04796,2015-7-16,ORCID iDs
10.7554/elife.12435,2016-1-14,ORCID iDs
10.7554/elife.00813,2013-7-30,ORCID iDs
10.7554/elife.11290,2015-11-26,ORCID iDs
10.7554/elife.13665,2016-3-7,ORCID iDs
10.7554/elife.14274,2016-2-23,ORCID iDs
10.7554/elife.04600,2014-10-13,ORCID iDs
10.7554/elife.09305,2015-6-30,ORCID iDs
10.7554/elife.01699,2014-4-22,ORCID iDs
10.7554/elife.04986,2015-1-2,ORCID iDs
10.7554/elife.00926,2013-9-17,ORCID iDs
10.7554/elife.12844,2015-11-24,ORCID iDs
10.7554/elife.00505,2013-6-11,ORCID iDs
10.7554/elife.01663,2013-10-11,ORCID iDs
10.7554/elife.08658,2015-5-18,ORCID iDs
10.7554/elife.05795,2015-8-25,ORCID iDs
10.7554/elife.01496,2014-1-28,ORCID iDs
10.7554/elife.02875,2014-7-4,ORCID iDs
10.7554/elife.02242,2014-5-13,ORCID iDs
10.7554/elife.04121,2014-12-8,ORCID iDs
10.7554/elife.00590,2014-1-21,ORCID iDs
10.7554/elife.03398,2014-12-18,ORCID iDs
10.7554/elife.00362,2013-4-16,ORCID iDs
10.7554/elife.10921,2016-1-6,ORCID iDs
10.7554/elife.07025,2015-6-26,ORCID iDs
10.7554/elife.02028,2014-5-6,ORCID iDs
10.7554/elife.08172,2015-7-7,ORCID iDs
10.7554/elife.08163,2015-8-4,ORCID iDs
10.7554/elife.06487,2015-8-7,ORCID iDs
10.7554/elife.14345,2016-2-23,ORCID iDs
10.7554/elife.07204,2015-4-2,ORCID iDs
10.7554/elife.05418,2014-12-12,ORCID iDs
10.7554/elife.07552,2015-4-27,ORCID iDs
10.7554/elife.01473,2014-2-4,ORCID iDs
10.7554/elife.06885,2015-8-13,ORCID iDs
10.7554/elife.04476,2014-9-24,ORCID iDs
10.7554/elife.08969,2015-9-24,ORCID iDs
10.7554/elife.08474,2015-11-13,ORCID iDs
10.7554/elife.10399,2015-12-14,ORCID iDs
10.7554/elife.07304,2015-5-11,ORCID iDs
10.7554/elife.03781,2014-9-12,ORCID iDs
10.7554/elife.03892,2014-9-1,ORCID iDs
10.7554/elife.05118,2015-2-24,ORCID iDs
10.7554/elife.02786,2014-6-20,ORCID iDs
10.7554/elife.00868,2013-7-23,ORCID iDs
10.7554/elife.00467,2013-5-14,ORCID iDs
10.7554/elife.20236,2017-1-4,ORCID iDs
10.7554/elife.00666,2013-7-9,ORCID iDs
10.7554/elife.02516,2014-2-18,ORCID iDs
10.7554/elife.07467,2015-8-7,ORCID iDs
10.7554/elife.04165,2014-12-17,ORCID iDs
10.7554/elife.01434,2014-1-28,ORCID iDs
10.7554/elife.01381,2014-4-25,ORCID iDs
10.7554/elife.09418,2015-11-27,ORCID iDs
10.7554/elife.04437,2014-12-1,ORCID iDs
10.7554/elife.20468,2016-9-13,ORCID iDs
10.7554/elife.03720,2014-9-22,ORCID iDs
10.7554/elife.10181,2015-9-22,ORCID iDs
10.7554/elife.02105,2014-5-9,ORCID iDs
10.7554/elife.01641,2014-5-27,ORCID iDs
10.7554/elife.08477,2015-9-21,ORCID iDs
10.7554/elife.08964,2015-7-3,ORCID iDs
10.7554/elife.06306,2015-2-26,ORCID iDs
10.7554/elife.00992,2013-6-11,ORCID iDs
10.7554/elife.03406,2014-8-11,ORCID iDs
10.7554/elife.04851,2015-1-8,ORCID iDs
10.7554/elife.06656,2015-2-2,ORCID iDs
10.7554/elife.00231,2013-1-8,ORCID iDs
10.7554/elife.03579,2014-11-26,ORCID iDs
10.7554/elife.03007,2014-9-2,ORCID iDs
10.7554/elife.00808,2013-6-18,ORCID iDs
10.7554/elife.06322,2015-7-23,ORCID iDs
10.7554/elife.13027,2016-1-8,ORCID iDs
10.7554/elife.00286,2012-10-15,ORCID iDs
10.7554/elife.03372,2014-11-7,ORCID iDs
10.7554/elife.03125,2014-8-29,ORCID iDs
10.7554/elife.06328,2015-4-21,ORCID iDs
10.7554/elife.09206,2015-10-21,ORCID iDs
10.7554/elife.04806,2015-2-2,ORCID iDs
10.7554/elife.02576,2014-4-1,ORCID iDs
10.7554/elife.01892,2014-4-1,ORCID iDs
10.7554/elife.05558,2015-1-27,ORCID iDs
10.7554/elife.01426,2013-12-17,ORCID iDs
10.7554/elife.02893,2014-8-14,ORCID iDs
10.7554/elife.05564,2015-2-19,ORCID iDs
10.7554/elife.00983,2013-12-31,ORCID iDs
10.7554/elife.02190,2014-4-29,ORCID iDs
10.7554/elife.03440,2014-8-18,ORCID iDs
10.7554/elife.07540,2015-6-9,ORCID iDs
10.7554/elife.06845,2015-6-27,ORCID iDs
10.7554/elife.02238,2014-4-15,ORCID iDs
10.7554/elife.06063,2015-6-26,ORCID iDs
10.7554/elife.04565,2014-9-19,ORCID iDs
10.7554/elife.15352,2016-3-29,ORCID iDs
10.7554/elife.04909,2014-10-28,ORCID iDs
10.7554/elife.00301,2012-11-13,ORCID iDs
10.7554/elife.00571,2013-2-19,ORCID iDs
10.7554/elife.09103,2015-7-2,ORCID iDs
10.7554/elife.00856,2013-5-28,ORCID iDs
10.7554/elife.17394,2016-5-23,ORCID iDs
10.7554/elife.01658,2013-11-19,ORCID iDs
10.7554/elife.01541,2013-10-22,ORCID iDs
10.7554/elife.01839,2013-12-17,ORCID iDs
10.7554/elife.04543,2014-12-16,ORCID iDs
10.7554/elife.08881,2015-12-9,ORCID iDs
10.7554/elife.03528,2014-8-21,ORCID iDs
10.7554/elife.03476,2014-8-20,ORCID iDs
10.7554/elife.11418,2016-1-27,ORCID iDs
10.7554/elife.08666,2015-10-22,ORCID iDs
10.7554/elife.04493,2015-7-20,ORCID iDs
10.7554/elife.02208,2014-4-30,ORCID iDs
10.7554/elife.09269,2015-10-13,ORCID iDs
10.7554/elife.09073,2015-8-27,ORCID iDs
10.7554/elife.03270,2015-3-20,ORCID iDs
10.7554/elife.13119,2015-12-23,ORCID iDs
10.7554/elife.10829,2015-9-15,ORCID iDs
10.7554/elife.14953,2016-3-7,ORCID iDs
10.7554/elife.100571,2024-7-23,ORCID iDs
10.7554/elife.07072,2015-6-25,ORCID iDs
10.7554/elife.07404,2015-9-1,ORCID iDs
10.7554/elife.06664,2015-5-8,ORCID iDs
10.7554/elife.06670,2015-4-21,ORCID iDs
10.7554/elife.05397,2015-8-18,ORCID iDs
10.7554/elife.20770,2016-12-9,ORCID iDs
10.7554/elife.00173,2012-11-13,ORCID iDs
10.7554/elife.01849,2014-3-18,ORCID iDs
10.7554/elife.01715,2014-2-11,ORCID iDs
10.7554/elife.02365,2014-4-24,ORCID iDs
10.7554/elife.02375,2014-4-24,ORCID iDs
10.7554/elife.03724,2014-11-18,ORCID iDs
10.7554/elife.09886,2015-10-15,ORCID iDs
10.7554/elife.03868,2015-1-7,ORCID iDs
10.7554/elife.12241,2016-3-14,ORCID iDs
10.7554/elife.02444,2014-5-7,ORCID iDs
10.7554/elife.08525,2015-12-10,ORCID iDs
10.7554/elife.00324,2013-6-18,ORCID iDs
10.7554/elife.00744,2013-6-11,ORCID iDs
10.7554/elife.03206,2014-7-29,ORCID iDs
10.7554/elife.12034,2016-1-26,ORCID iDs
10.7554/elife.05042,2015-4-14,ORCID iDs
10.7554/elife.06619,2015-8-6,ORCID iDs
10.7554/elife.01213,2013-11-12,ORCID iDs
10.7554/elife.02670,2014-7-1,ORCID iDs
10.7554/elife.04265,2014-12-30,ORCID iDs
10.7554/elife.00824,2013-8-27,ORCID iDs
10.7554/elife.01108,2013-7-2,ORCID iDs
10.7554/elife.04389,2014-12-5,ORCID iDs
10.7554/elife.10147,2016-1-7,ORCID iDs
10.7554/elife.35974,2018-3-7,ORCID iDs
10.7554/elife.05125,2014-12-23,ORCID iDs
10.7554/elife.02151,2014-3-25,ORCID iDs
10.7554/elife.00747,2013-6-25,ORCID iDs
10.7554/elife.01440,2014-3-5,ORCID iDs
10.7554/elife.03025,2014-7-29,ORCID iDs
10.7554/elife.13571,2016-2-2,ORCID iDs
10.7554/elife.02137,2014-7-15,ORCID iDs
10.7554/elife.17584,2017-1-19,ORCID iDs
10.7554/elife.23693,2017-1-19,ORCID iDs
10.7554/elife.11760,2015-10-27,ORCID iDs
10.7554/elife.21162,2016-9-30,ORCID iDs
10.7554/elife.14447,2016-2-23,ORCID iDs
10.7554/elife.01135,2013-8-6,ORCID iDs
10.7554/elife.22073,2016-11-11,ORCID iDs
10.7554/elife.14721,2016-2-26,ORCID iDs
10.7554/elife.22915,2017-1-19,ORCID iDs
10.7554/elife.02481,2014-4-30,ORCID iDs
10.7554/elife.07860,2015-7-3,ORCID iDs
10.7554/elife.02391,2014-5-8,ORCID iDs
10.7554/elife.02564,2014-7-15,ORCID iDs
10.7554/elife.00171,2012-12-13,ORCID iDs
10.7554/elife.03711,2014-10-15,ORCID iDs
10.7554/elife.11566,2016-2-19,ORCID iDs
10.7554/elife.01730,2014-4-22,ORCID iDs
10.7554/elife.03405,2014-9-18,ORCID iDs
10.7554/elife.06121,2015-9-29,ORCID iDs
10.7554/elife.05913,2015-3-30,ORCID iDs
10.7554/elife.07113,2015-6-19,ORCID iDs
10.7554/elife.02270,2014-5-13,ORCID iDs
10.7554/elife.00444,2013-4-9,ORCID iDs
10.7554/elife.12856,2016-1-19,ORCID iDs
10.7554/elife.02869,2014-12-11,ORCID iDs
10.7554/elife.00647,2013-6-25,ORCID iDs
10.7554/elife.01273,2013-11-12,ORCID iDs
10.7554/elife.03702,2014-7-22,ORCID iDs
10.7554/elife.02993,2014-5-6,ORCID iDs
10.7554/elife.02384,2014-4-24,ORCID iDs
10.7554/elife.07600,2015-6-2,ORCID iDs
10.7554/elife.01632,2014-3-25,ORCID iDs
10.7554/elife.02443,2014-9-9,ORCID iDs
10.7554/elife.06397,2015-12-23,ORCID iDs
10.7554/elife.17421,2016-8-9,ORCID iDs
10.7554/elife.00247,2013-9-10,ORCID iDs
10.7554/elife.11389,2015-12-15,ORCID iDs
10.7554/elife.18489,2016-11-15,ORCID iDs
10.7554/elife.00762,2013-7-23,ORCID iDs
10.7554/elife.10561,2016-2-2,ORCID iDs
10.7554/elife.08145,2015-10-14,ORCID iDs
10.7554/elife.10972,2015-12-14,ORCID iDs
10.7554/elife.03222,2014-7-14,ORCID iDs
10.7554/elife.06821,2015-6-25,ORCID iDs
10.7554/elife.06807,2015-8-4,ORCID iDs
10.7554/elife.07288,2015-7-8,ORCID iDs
10.7554/elife.08467,2015-9-1,ORCID iDs
10.7554/elife.07888,2015-7-18,ORCID iDs
10.7554/elife.00895,2013-5-28,ORCID iDs
10.7554/elife.00351,2012-12-13,ORCID iDs
10.7554/elife.08232,2015-6-2,ORCID iDs
10.7554/elife.00663,2013-4-9,ORCID iDs
10.7554/elife.26754,2017-4-28,ORCID iDs
10.7554/elife.10482,2015-11-24,ORCID iDs
10.7554/elife.08924,2015-11-19,ORCID iDs
10.7554/elife.09945,2015-12-10,ORCID iDs
10.7554/elife.09532,2015-12-30,ORCID iDs
10.7554/elife.03473,2014-8-21,ORCID iDs
10.7554/elife.03680,2014-9-10,ORCID iDs
10.7554/elife.02555,2014-6-12,ORCID iDs
10.7554/elife.04024,2015-1-26,ORCID iDs
10.7554/elife.05031,2014-12-30,ORCID iDs
10.7554/elife.02172,2014-3-25,ORCID iDs
10.7554/elife.09017,2015-8-5,ORCID iDs
10.7554/elife.00569,2013-7-2,ORCID iDs
10.7554/elife.00558,2013-6-4,ORCID iDs
10.7554/elife.00475,2012-12-31,ORCID iDs
10.7554/elife.02283,2014-5-19,ORCID iDs
10.7554/elife.04491,2014-10-14,ORCID iDs
10.7554/elife.04605,2015-1-6,ORCID iDs
10.7554/elife.07939,2015-7-2,ORCID iDs
10.7554/elife.00334,2013-5-28,ORCID iDs
10.7554/elife.00482,2013-4-2,ORCID iDs
10.7554/elife.01964,2014-5-23,ORCID iDs
10.7554/elife.01911,2014-4-24,ORCID iDs
10.7554/elife.01998,2014-3-18,ORCID iDs
10.7554/elife.05505,2015-5-5,ORCID iDs
10.7554/elife.00499,2013-4-9,ORCID iDs
10.7554/elife.03665,2014-8-13,ORCID iDs
10.7554/elife.06726,2015-5-27,ORCID iDs
10.7554/elife.01566,2014-3-4,ORCID iDs
10.7554/elife.11988,2015-10-9,ORCID iDs
10.7554/elife.07956,2015-8-12,ORCID iDs
10.7554/elife.08127,2015-7-7,ORCID iDs
10.7554/elife.02798,2014-6-26,ORCID iDs
10.7554/elife.04433,2014-11-19,ORCID iDs
10.7554/elife.00731,2013-5-28,ORCID iDs
10.7554/elife.10113,2015-10-6,ORCID iDs
10.7554/elife.00776,2013-10-8,ORCID iDs
10.7554/elife.00065,2012-10-15,ORCID iDs
10.7554/elife.04366,2014-10-6,ORCID iDs
10.7554/elife.03765,2014-7-23,ORCID iDs
10.7554/elife.03061,2014-7-29,ORCID iDs
10.7554/elife.02395,2014-8-19,ORCID iDs
10.7554/elife.07519,2015-8-22,ORCID iDs
10.7554/elife.05360,2015-10-14,ORCID iDs
10.7554/elife.02743,2014-6-3,ORCID iDs
10.7554/elife.01599,2013-10-29,ORCID iDs
10.7554/elife.01845,2013-12-17,ORCID iDs
10.7554/elife.00347,2012-12-13,ORCID iDs
10.7554/elife.14150,2016-2-11,ORCID iDs
10.7554/elife.05983,2015-1-13,ORCID iDs
10.7554/elife.03178,2014-5-6,ORCID iDs
10.7554/elife.14128,2016-1-22,ORCID iDs
10.7554/elife.09036,2015-6-4,ORCID iDs
10.7554/elife.00049,2012-11-13,ORCID iDs
10.7554/elife.06100,2015-3-25,ORCID iDs
10.7554/elife.00078,2012-12-13,ORCID iDs
10.7554/elife.00471,2013-1-29,ORCID iDs
10.7554/elife.12703,2015-12-3,ORCID iDs
10.7554/elife.02948,2015-2-10,ORCID iDs
10.7554/elife.01009,2013-10-8,ORCID iDs
10.7554/elife.05378,2015-1-29,ORCID iDs
10.7554/elife.02450,2014-4-22,ORCID iDs
10.7554/elife.03233,2014-5-28,ORCID iDs
10.7554/elife.02517,2014-4-15,ORCID iDs
10.7554/elife.00170,2013-1-8,ORCID iDs
10.7554/elife.08649,2015-9-15,ORCID iDs
10.7554/elife.00804,2013-5-14,ORCID iDs
10.7554/elife.02304,2014-6-25,ORCID iDs
10.7554/elife.05142,2015-5-7,ORCID iDs
10.7554/elife.01086,2013-11-12,ORCID iDs
10.7554/elife.11206,2016-1-14,ORCID iDs
10.7554/elife.05565,2015-4-29,ORCID iDs
10.7554/elife.05663,2015-1-19,ORCID iDs
10.7554/elife.05165,2015-2-25,ORCID iDs
10.7554/elife.03714,2014-10-13,ORCID iDs
10.7554/elife.04379,2015-2-26,ORCID iDs
10.7554/elife.04387,2014-11-11,ORCID iDs
10.7554/elife.04059,2014-10-20,ORCID iDs
10.7554/elife.00508,2013-9-10,ORCID iDs
10.7554/elife.00710,2013-7-9,ORCID iDs
10.7554/elife.01067,2013-11-26,ORCID iDs
10.7554/elife.01293,2013-11-26,ORCID iDs
10.7554/elife.02196,2014-6-2,ORCID iDs
10.7554/elife.01482,2013-12-17,ORCID iDs
10.7554/elife.20317,2016-11-19,ORCID iDs
10.7554/elife.00799,2013-4-30,ORCID iDs
10.7554/elife.03549,2014-10-24,ORCID iDs
10.7554/elife.03751,2014-12-31,ORCID iDs
10.7554/elife.07423,2015-5-13,ORCID iDs
10.7554/elife.06925,2015-8-10,ORCID iDs
10.7554/elife.06213,2015-5-29,ORCID iDs
10.7554/elife.02812,2014-8-5,ORCID iDs
10.7554/elife.01311,2014-2-19,ORCID iDs
10.7554/elife.11946,2015-12-19,ORCID iDs
10.7554/elife.11050,2016-1-25,ORCID iDs
10.7554/elife.06562,2015-5-13,ORCID iDs
10.7554/elife.18203,2016-6-27,ORCID iDs
10.7554/elife.00302,2012-11-13,ORCID iDs
10.7554/elife.02904,2014-5-8,ORCID iDs
10.7554/elife.10317,2015-8-28,ORCID iDs
10.7554/elife.14239,2016-2-15,ORCID iDs
10.7554/elife.10070,2015-12-3,ORCID iDs
10.7554/elife.04094,2014-9-26,ORCID iDs
10.7554/elife.01180,2013-11-12,ORCID iDs
10.7554/elife.04273,2014-12-2,ORCID iDs
10.7554/elife.06056,2015-4-7,ORCID iDs
10.7554/elife.07383,2016-1-29,ORCID iDs
10.7554/elife.08752,2015-9-15,ORCID iDs
10.7554/elife.07966,2015-9-15,ORCID iDs
10.7554/elife.01906,2014-3-11,ORCID iDs
10.7554/elife.02199,2014-2-5,ORCID iDs
10.7554/elife.08902,2015-9-8,ORCID iDs
10.7554/elife.01979,2013-12-3,ORCID iDs
10.7554/elife.11383,2015-9-14,ORCID iDs
10.7554/elife.11802,2015-10-1,ORCID iDs
10.7554/elife.12289,2015-10-21,ORCID iDs
10.7554/elife.05570,2014-11-20,ORCID iDs
10.7554/elife.06003,2015-3-11,ORCID iDs
10.7554/elife.34573,2018-1-8,ORCID iDs
10.7554/elife.04478,2014-10-30,ORCID iDs
10.7554/elife.12088,2015-12-8,ORCID iDs
10.7554/elife.02020,2014-6-24,ORCID iDs
10.7554/elife.01739,2014-4-15,ORCID iDs
10.7554/elife.05291,2015-3-18,ORCID iDs
10.7554/elife.12631,2016-3-21,ORCID iDs
10.7554/elife.02184,2014-5-30,ORCID iDs
10.7554/elife.08007,2015-7-16,ORCID iDs
10.7554/elife.03977,2015-1-15,ORCID iDs
10.7554/elife.09031,2015-8-18,ORCID iDs
10.7554/elife.00518,2013-6-25,ORCID iDs
10.7554/elife.08133,2016-1-29,ORCID iDs
10.7554/elife.06024,2015-3-25,ORCID iDs
10.7554/elife.00778,2013-7-3,ORCID iDs
10.7554/elife.07380,2015-5-21,ORCID iDs
10.7554/elife.03164,2014-9-16,ORCID iDs
10.7554/elife.03881,2014-11-21,ORCID iDs
10.7554/elife.04266,2014-11-25,ORCID iDs
10.7554/elife.11935,2015-10-5,ORCID iDs
10.7554/elife.07999,2015-6-26,ORCID iDs
10.7554/elife.06763,2015-9-8,ORCID iDs
10.7554/elife.05789,2015-2-24,ORCID iDs
10.7554/elife.00948,2013-6-18,ORCID iDs
10.7554/elife.03779,2014-10-3,ORCID iDs
10.7554/elife.02218,2014-5-27,ORCID iDs
10.7554/elife.01561,2013-10-29,ORCID iDs
10.7554/elife.01298,2013-10-29,ORCID iDs
10.7554/elife.01229,2013-12-10,ORCID iDs
10.7554/elife.02780,2014-6-17,ORCID iDs
10.7554/elife.07969,2015-9-2,ORCID iDs
10.7554/elife.00105,2013-2-5,ORCID iDs
10.7554/elife.07004,2015-7-23,ORCID iDs
10.7554/elife.09003,2015-12-11,ORCID iDs
10.7554/elife.08421,2015-12-10,ORCID iDs
10.7554/elife.08417,2015-8-26,ORCID iDs
10.7554/elife.00822,2013-10-15,ORCID iDs
10.7554/elife.01279,2013-10-1,ORCID iDs
10.7554/elife.01312,2013-12-3,ORCID iDs
10.7554/elife.01584,2014-2-4,ORCID iDs
10.7554/elife.06073,2015-3-30,ORCID iDs
10.7554/elife.05075,2014-12-24,ORCID iDs
10.7554/elife.00655,2013-4-2,ORCID iDs
10.7554/elife.01993,2014-4-1,ORCID iDs
10.7554/elife.12936,2015-12-15,ORCID iDs
10.7554/elife.22492,2016-11-25,ORCID iDs
10.7554/elife.02062,2014-1-21,ORCID iDs
10.7554/elife.00240,2012-10-15,ORCID iDs
10.7554/elife.01061,2013-7-2,ORCID iDs
10.7554/elife.00963,2013-6-18,ORCID iDs
10.7554/elife.03255,2014-7-16,ORCID iDs
10.7554/elife.07270,2015-6-1,ORCID iDs
10.7554/elife.00668,2013-6-18,ORCID iDs
10.7554/elife.01289,2013-12-10,ORCID iDs
10.7554/elife.00047,2012-12-18,ORCID iDs
10.7554/elife.01157,2013-11-19,ORCID iDs
10.7554/elife.01754,2014-1-28,ORCID iDs
10.7554/elife.00829,2014-2-18,ORCID iDs
10.7554/elife.01214,2013-7-23,ORCID iDs
10.7554/elife.01879,2014-3-4,ORCID iDs
10.7554/elife.03908,2014-9-12,ORCID iDs
10.7554/elife.14311,2016-1-21,ORCID iDs
10.7554/elife.19317,2016-11-17,ORCID iDs
10.7554/elife.07239,2015-3-4,ORCID iDs
10.7554/elife.02440,2014-5-13,ORCID iDs
10.7554/elife.00828,2013-8-8,ORCID iDs
10.7554/elife.03023,2014-7-29,ORCID iDs
10.7554/elife.03821,2014-9-12,ORCID iDs
10.7554/elife.05345,2015-4-10,ORCID iDs
10.7554/elife.01776,2014-4-29,ORCID iDs
10.7554/elife.05289,2015-2-18,ORCID iDs
10.7554/elife.10566,2016-1-20,ORCID iDs
10.7554/elife.08687,2015-10-15,ORCID iDs
10.7554/elife.00358,2013-4-30,ORCID iDs
10.7554/elife.01414,2013-9-24,ORCID iDs
10.7554/elife.03435,2014-6-24,ORCID iDs
10.7554/elife.03978,2014-8-19,ORCID iDs
10.7554/elife.15570,2016-4-6,ORCID iDs
10.7554/elife.00842,2013-5-14,ORCID iDs
10.7554/elife.03443,2014-6-24,ORCID iDs
10.7554/elife.01020,2013-12-12,ORCID iDs
10.7554/elife.01833,2014-2-18,ORCID iDs
10.7554/elife.01857,2014-3-11,ORCID iDs
10.7554/elife.17517,2016-12-13,ORCID iDs
10.7554/elife.00971,2013-9-24,ORCID iDs
10.7554/elife.03035,2014-7-10,ORCID iDs
10.7554/elife.03069,2014-8-5,ORCID iDs
10.7554/elife.02863,2014-9-2,ORCID iDs
10.7554/elife.03727,2014-11-21,ORCID iDs
10.7554/elife.11012,2015-12-9,ORCID iDs
10.7554/elife.07157,2015-3-17,ORCID iDs
10.7554/elife.01596,2014-4-15,ORCID iDs
10.7554/elife.03563,2014-10-1,ORCID iDs
10.7554/elife.11795,2015-12-16,ORCID iDs
10.7554/elife.01123,2013-10-29,ORCID iDs
10.7554/elife.02525,2014-4-25,ORCID iDs
10.7554/elife.00387,2012-12-18,ORCID iDs
10.7554/elife.07366,2015-7-13,ORCID iDs
10.7554/elife.03641,2014-11-21,ORCID iDs
10.7554/elife.08428,2015-10-17,ORCID iDs
10.7554/elife.00067,2012-12-13,ORCID iDs
10.7554/elife.00565,2013-2-11,ORCID iDs
10.7554/elife.01045,2013-6-14,ORCID iDs
10.7554/elife.03653,2014-8-5,ORCID iDs
10.7554/elife.04236,2014-12-24,ORCID iDs
10.7554/elife.10415,2016-1-13,ORCID iDs
10.7554/elife.06963,2015-6-8,ORCID iDs
10.7554/elife.04878,2014-12-9,ORCID iDs
10.7554/elife.08352,2015-6-8,ORCID iDs
10.7554/elife.00790,2013-7-2,ORCID iDs
10.7554/elife.00230,2013-1-22,ORCID iDs
10.7554/elife.00943,2013-9-3,ORCID iDs
10.7554/elife.05607,2015-6-12,ORCID iDs
10.7554/elife.01350,2013-11-19,ORCID iDs
10.7554/elife.06380,2015-3-11,ORCID iDs
10.7554/elife.05949,2015-7-14,ORCID iDs
10.7554/elife.02791,2014-4-1,ORCID iDs
10.7554/elife.00242,2012-10-15,ORCID iDs
10.7554/elife.03146,2014-5-28,ORCID iDs
10.7554/elife.00692,2013-4-9,ORCID iDs
10.7554/elife.09249,2015-7-8,ORCID iDs
10.7554/elife.04300,2014-9-9,ORCID iDs
10.7554/elife.01234,2013-8-20,ORCID iDs
10.7554/elife.01710,2013-11-19,ORCID iDs
10.7554/elife.16076,2016-4-27,ORCID iDs
10.7554/elife.17293,2016-6-3,ORCID iDs
10.7554/elife.01089,2013-7-16,ORCID iDs
10.7554/elife.00593,2013-2-26,ORCID iDs
10.7554/elife.01370,2014-4-8,ORCID iDs
10.7554/elife.01481,2014-1-28,ORCID iDs
10.7554/elife.01913,2014-9-8,ORCID iDs
10.7554/elife.02252,2014-4-29,ORCID iDs
10.7554/elife.00951,2013-9-17,ORCID iDs
10.7554/elife.01064,2013-12-10,ORCID iDs
10.7554/elife.04057,2014-12-9,ORCID iDs
10.7554/elife.07051,2015-4-13,ORCID iDs
10.7554/elife.07687,2015-8-28,ORCID iDs
10.7554/elife.06327,2015-4-17,ORCID iDs
10.7554/elife.06467,2015-8-10,ORCID iDs
10.7554/elife.13783,2016-3-21,ORCID iDs
10.7554/elife.10542,2015-11-18,ORCID iDs
10.7554/elife.12470,2016-3-1,ORCID iDs
10.7554/elife.00326,2012-12-13,ORCID iDs
10.7554/elife.05502,2015-5-12,ORCID iDs
10.7554/elife.00426,2013-4-9,ORCID iDs
10.7554/elife.07646,2015-9-11,ORCID iDs
10.7554/elife.08764,2015-7-11,ORCID iDs
10.7554/elife.04534,2015-1-2,ORCID iDs
10.7554/elife.09531,2016-1-27,ORCID iDs
10.7554/elife.01846,2014-4-8,ORCID iDs
10.7554/elife.07424,2015-8-10,ORCID iDs
10.7554/elife.02322,2014-1-21,ORCID iDs
10.7554/elife.02897,2014-4-1,ORCID iDs
10.7554/elife.04718,2015-10-14,ORCID iDs
10.7554/elife.08843,2015-5-27,ORCID iDs
10.7554/elife.01630,2014-3-4,ORCID iDs
10.7554/elife.01323,2013-11-19,ORCID iDs
10.7554/elife.04499,2014-11-28,ORCID iDs
10.7554/elife.03351,2014-10-1,ORCID iDs
10.7554/elife.06564,2015-6-2,ORCID iDs
10.7554/elife.08928,2015-10-8,ORCID iDs
10.7554/elife.06930,2015-7-28,ORCID iDs
10.7554/elife.00638,2013-3-19,ORCID iDs
10.7554/elife.08490,2015-7-22,ORCID iDs
10.7554/elife.00534,2013-4-16,ORCID iDs
10.7554/elife.03678,2014-8-13,ORCID iDs
10.7554/elife.07370,2015-5-22,ORCID iDs
10.7554/elife.07108,2015-4-2,ORCID iDs
10.7554/elife.02289,2014-2-18,ORCID iDs
10.7554/elife.05816,2014-12-30,ORCID iDs
10.7554/elife.01115,2013-7-30,ORCID iDs
10.7554/elife.12724,2015-12-30,ORCID iDs
10.7554/elife.04711,2015-1-27,ORCID iDs
10.7554/elife.06678,2015-6-19,ORCID iDs
10.7554/elife.04585,2015-2-9,ORCID iDs
10.7554/elife.08494,2016-2-1,ORCID iDs
10.7554/elife.10024,2015-12-8,ORCID iDs
10.7554/elife.10774,2015-12-2,ORCID iDs
10.7554/elife.09275,2015-7-24,ORCID iDs
10.7554/elife.02833,2014-7-31,ORCID iDs
10.7554/elife.12260,2015-12-10,ORCID iDs
10.7554/elife.01159,2013-7-30,ORCID iDs
10.7554/elife.09520,2015-12-29,ORCID iDs
10.7554/elife.08932,2015-9-15,ORCID iDs
10.7554/elife.09709,2015-9-2,ORCID iDs
10.7554/elife.05652,2015-5-21,ORCID iDs
10.7554/elife.10167,2016-1-14,ORCID iDs
10.7554/elife.03778,2015-1-29,ORCID iDs
10.7554/elife.04034,2014-12-10,ORCID iDs
10.7554/elife.03683,2014-10-14,ORCID iDs
10.7554/elife.00802,2013-7-16,ORCID iDs
10.7554/elife.00782,2013-7-2,ORCID iDs
10.7554/elife.01085,2013-11-28,ORCID iDs
10.7554/elife.00051,2012-12-13,ORCID iDs
10.7554/elife.07166,2015-6-22,ORCID iDs
10.7554/elife.08916,2015-9-15,ORCID iDs
10.7554/elife.00961,2013-9-28,ORCID iDs
10.7554/elife.30563,2017-9-6,ORCID iDs
10.7554/elife.04551,2014-11-12,ORCID iDs
10.7554/elife.10056,2015-12-24,ORCID iDs
10.7554/elife.00825,2013-7-16,ORCID iDs
10.7554/elife.04006,2014-11-6,ORCID iDs
10.7554/elife.11181,2016-2-15,ORCID iDs
10.7554/elife.07886,2015-8-26,ORCID iDs
10.7554/elife.04066,2014-9-3,ORCID iDs
10.7554/elife.04111,2014-12-9,ORCID iDs
10.7554/elife.09000,2015-12-14,ORCID iDs
10.7554/elife.05521,2015-3-30,ORCID iDs
10.7554/elife.07735,2015-8-19,ORCID iDs
10.7554/elife.01374,2014-2-4,ORCID iDs
10.7554/elife.02407,2014-4-29,ORCID iDs
10.7554/elife.02490,2014-2-11,Affiliations
10.7554/elife.03521,2014-6-3,Affiliations
10.7554/elife.94305,2023-11-9,Affiliations
10.7554/elife.78579,2022-3-18,Affiliations
10.7554/elife.37048,2018-4-12,Affiliations
10.7554/elife.40515,2018-8-2,Affiliations
10.7554/elife.52397,2019-10-4,Affiliations
10.7554/elife.92968,2023-10-13,Affiliations
10.7554/elife.80570,2022-6-28,Affiliations
10.7554/elife.27970,2017-4-25,Affiliations
10.7554/elife.65227,2020-12-3,Affiliations
10.7554/elife.01633,2013-10-22,Affiliations
10.7554/elife.110124,2025-12-1,Affiliations
10.7554/elife.11514,2015-9-25,Affiliations
10.7554/elife.06400,2015-3-26,Affiliations
10.7554/elife.52847,2019-10-18,Affiliations
10.7554/elife.79841,2022-5-19,Affiliations
10.7554/elife.87507,2023-3-13,Affiliations
10.7554/elife.87888,2023-3-21,Affiliations
10.7554/elife.59538,2020-6-2,Affiliations
10.7554/elife.07083,2015-3-31,Affiliations
10.7554/elife.17181,2016-4-27,Affiliations
10.7554/elife.05087,2014-10-13,Affiliations
10.7554/elife.05394,2014-11-7,Affiliations
10.7554/elife.101107,2024-7-1,Affiliations
10.7554/elife.96183,2024-1-22,Affiliations
10.7554/elife.33307,2017-11-8,Affiliations
10.7554/elife.34752,2018-1-8,Affiliations
10.7554/elife.86017,2023-1-11,Affiliations
10.7554/elife.43237,2018-11-12,Affiliations
10.7554/elife.56968,2020-3-18,Affiliations
10.7554/elife.65744,2020-12-16,Affiliations
10.7554/elife.90408,2023-8-8,Affiliations
10.7554/elife.107998,2025-6-11,Affiliations
10.7554/elife.02945,2014-4-16,Affiliations
10.7554/elife.109449,2025-10-15,Affiliations
10.7554/elife.22214,2016-10-20,Affiliations
10.7554/elife.07586,2015-3-24,Affiliations
10.7554/elife.08656,2015-5-18,Affiliations
10.7554/elife.94481,2023-11-20,Affiliations
10.7554/elife.98284,2024-3-28,Affiliations
10.7554/elife.24506,2016-12-30,Affiliations
10.7554/elife.50707,2019-8-5,Affiliations
10.7554/elife.72438,2021-7-26,Affiliations
10.7554/elife.74046,2021-9-23,Affiliations
10.7554/elife.77091,2022-1-28,Affiliations
10.7554/elife.79475,2022-4-26,Affiliations
10.7554/elife.32902,2017-10-19,Affiliations
10.7554/elife.60141,2020-6-18,Affiliations
10.7554/elife.13410,2016-7-26,Affiliations
10.7554/elife.33173,2017-10-31,Affiliations
10.7554/elife.99343,2024-5-7,Affiliations
10.7554/elife.01221,2013-7-23,Affiliations
10.7554/elife.01252,2013-7-23,Affiliations
10.7554/elife.18706,2016-6-16,Affiliations
10.7554/elife.05419,2014-11-7,Affiliations
10.7554/elife.75743,2021-11-25,Affiliations
10.7554/elife.77794,2022-2-18,Affiliations
10.7554/elife.50980,2019-8-12,Affiliations
10.7554/elife.60401,2020-6-30,Affiliations
10.7554/elife.63695,2020-10-5,Affiliations
10.7554/elife.25412,2017-3-15,Affiliations
10.7554/elife.01516,2013-10-15,Affiliations
10.7554/elife.06740,2015-2-11,Affiliations
10.7554/elife.07532,2015-3-27,Affiliations
10.7554/elife.102872,2024-9-6,Affiliations
10.7554/elife.103327,2024-9-23,Affiliations
10.7554/elife.73737,2021-9-9,Affiliations
10.7554/elife.91529,2023-8-8,Affiliations
10.7554/elife.79129,2022-4-5,Affiliations
10.7554/elife.10095,2015-7-21,Affiliations
10.7554/elife.106163,2025-1-27,Affiliations
10.7554/elife.31482,2017-9-13,Affiliations
10.7554/elife.84169,2022-10-17,Affiliations
10.7554/elife.35768,2018-2-12,Affiliations
10.7554/elife.63264,2020-9-24,Affiliations
10.7554/elife.46910,2019-4-3,Affiliations
10.7554/elife.46993,2019-3-26,Affiliations
10.7554/elife.01328,2013-8-28,Affiliations
10.7554/elife.01816,2013-11-7,Affiliations
10.7554/elife.24879,2017-1-19,Affiliations
10.7554/elife.32516,2017-10-5,Affiliations
10.7554/elife.53217,2019-11-4,Affiliations
10.7554/elife.54328,2019-12-11,Affiliations
10.7554/elife.57036,2020-3-23,Affiliations
10.7554/elife.66683,2021-1-25,Affiliations
10.7554/elife.101019,2024-7-4,Affiliations
10.7554/elife.103865,2024-10-3,Affiliations
10.7554/elife.104349,2024-10-15,Affiliations
10.7554/elife.78825,2022-4-1,Affiliations
10.7554/elife.14383,2016-1-27,Affiliations
10.7554/elife.15743,2016-3-23,Affiliations
10.7554/elife.29849,2017-6-27,Affiliations
10.7554/elife.44814,2019-1-8,Affiliations
10.7554/elife.88685,2023-4-19,Affiliations
10.7554/elife.64094,2020-10-22,Affiliations
10.7554/elife.09169,2015-6-8,Affiliations
10.7554/elife.77092,2022-1-28,Affiliations
10.7554/elife.26902,2017-3-27,Affiliations
10.7554/elife.28212,2017-5-4,Affiliations
10.7554/elife.98211,2024-4-25,Affiliations
10.7554/elife.37833,2018-5-4,Affiliations
10.7554/elife.44302,2018-12-21,Affiliations
10.7554/elife.56553,2020-3-5,Affiliations
10.7554/elife.69853,2021-4-29,Affiliations
10.7554/elife.21230,2016-9-29,Affiliations
10.7554/elife.04741,2014-9-18,Affiliations
10.7554/elife.12810,2015-11-6,Affiliations
10.7554/elife.08168,2015-4-22,Affiliations
10.7554/elife.08663,2015-5-28,Affiliations
10.7554/elife.107055,2025-4-3,Affiliations
10.7554/elife.93941,2023-11-1,Affiliations
10.7554/elife.75278,2021-11-29,Affiliations
10.7554/elife.84187,2022-10-20,Affiliations
10.7554/elife.85738,2023-1-3,Affiliations
10.7554/elife.22300,2016-10-19,Affiliations
10.7554/elife.22495,2016-10-19,Affiliations
10.7554/elife.25460,2017-1-31,Affiliations
10.7554/elife.18898,2016-8-30,Affiliations
10.7554/elife.105750,2024-12-20,Affiliations
10.7554/elife.106301,2025-2-7,Affiliations
10.7554/elife.79782,2022-5-4,Affiliations
10.7554/elife.99599,2024-5-10,Affiliations
10.7554/elife.22475,2016-10-24,Affiliations
10.7554/elife.34572,2018-1-8,Affiliations
10.7554/elife.85158,2022-11-28,Affiliations
10.7554/elife.36711,2018-5-4,Affiliations
10.7554/elife.56997,2020-3-18,Affiliations
10.7554/elife.01114,2013-7-2,Affiliations
10.7554/elife.106198,2025-2-3,Affiliations
10.7554/elife.72022,2021-7-9,Affiliations
10.7554/elife.83277,2022-9-14,Affiliations
10.7554/elife.86893,2023-2-23,Affiliations
10.7554/elife.87987,2023-3-22,Affiliations
10.7554/elife.37316,2018-4-10,Affiliations
10.7554/elife.38361,2018-5-16,Affiliations
10.7554/elife.91539,2023-8-2,Affiliations
10.7554/elife.31512,2017-9-7,Affiliations
10.7554/elife.31550,2017-10-9,Affiliations
10.7554/elife.57666,2020-4-16,Affiliations
10.7554/elife.70755,2021-5-28,Affiliations
10.7554/elife.51742,2019-9-11,Affiliations
10.7554/elife.48778,2019-5-28,Affiliations
10.7554/elife.26528,2017-3-8,Affiliations
10.7554/elife.43690,2018-11-16,Affiliations
10.7554/elife.58195,2020-4-27,Affiliations
10.7554/elife.26811,2017-3-15,Affiliations
10.7554/elife.28205,2017-5-5,Affiliations
10.7554/elife.04371,2014-8-22,Affiliations
10.7554/elife.108912,2025-8-20,Affiliations
10.7554/elife.11547,2015-9-22,Affiliations
10.7554/elife.104341,2024-11-11,Affiliations
10.7554/elife.107369,2025-5-2,Affiliations
10.7554/elife.74730,2021-10-19,Affiliations
10.7554/elife.76247,2021-12-15,Affiliations
10.7554/elife.77377,2022-1-27,Affiliations
10.7554/elife.00855,2013-5-16,Affiliations
10.7554/elife.05657,2014-11-24,Affiliations
10.7554/elife.06986,2015-2-18,Affiliations
10.7554/elife.104114,2024-10-21,Affiliations
10.7554/elife.45804,2019-2-6,Affiliations
10.7554/elife.91723,2023-8-9,Affiliations
10.7554/elife.31641,2017-9-6,Affiliations
10.7554/elife.33413,2017-11-8,Affiliations
10.7554/elife.56774,2020-3-10,Affiliations
10.7554/elife.15597,2016-3-16,Affiliations
10.7554/elife.86471,2023-2-9,Affiliations
10.7554/elife.27642,2017-4-13,Affiliations
10.7554/elife.01597,2013-10-8,Affiliations
10.7554/elife.03602,2014-6-11,Affiliations
10.7554/elife.109889,2025-11-14,Affiliations
10.7554/elife.14281,2016-2-3,Affiliations
10.7554/elife.15893,2016-3-14,Affiliations
10.7554/elife.16332,2016-3-31,Affiliations
10.7554/elife.101165,2024-7-2,Affiliations
10.7554/elife.101706,2024-7-31,Affiliations
10.7554/elife.76898,2022-1-19,Affiliations
10.7554/elife.77337,2022-1-27,Affiliations
10.7554/elife.78088,2022-3-2,Affiliations
10.7554/elife.65123,2020-12-1,Affiliations
10.7554/elife.25408,2017-3-15,Affiliations
10.7554/elife.16606,2016-4-25,Affiliations
10.7554/elife.19432,2016-7-14,Affiliations
10.7554/elife.85366,2022-12-14,Affiliations
10.7554/elife.85479,2022-12-15,Affiliations
10.7554/elife.36350,2018-3-13,Affiliations
10.7554/elife.91492,2023-8-1,Affiliations
10.7554/elife.10084,2015-7-24,Affiliations
10.7554/elife.101848,2024-10-3,Affiliations
10.7554/elife.10328,2015-7-29,Affiliations
10.7554/elife.63994,2020-10-15,Affiliations
10.7554/elife.64623,2020-11-9,Affiliations
10.7554/elife.71338,2021-6-24,Affiliations
10.7554/elife.01700,2013-10-22,Affiliations
10.7554/elife.12968,2015-11-18,Affiliations
10.7554/elife.05179,2014-10-21,Affiliations
10.7554/elife.103278,2024-9-13,Affiliations
10.7554/elife.104576,2024-10-22,Affiliations
10.7554/elife.32061,2017-9-18,Affiliations
10.7554/elife.95305,2023-12-20,Affiliations
10.7554/elife.96151,2024-2-5,Affiliations
10.7554/elife.60055,2020-6-19,Affiliations
10.7554/elife.81228,2022-6-28,Affiliations
10.7554/elife.82988,2022-9-2,Affiliations
10.7554/elife.86472,2023-2-13,Affiliations
10.7554/elife.46860,2019-3-21,Affiliations
10.7554/elife.25660,2017-2-6,Affiliations
10.7554/elife.93253,2023-10-20,Affiliations
10.7554/elife.02094,2013-12-20,Affiliations
10.7554/elife.05256,2014-10-28,Affiliations
10.7554/elife.100253,2024-6-3,Affiliations
10.7554/elife.107190,2025-4-14,Affiliations
10.7554/elife.80871,2022-7-1,Affiliations
10.7554/elife.83998,2022-10-10,Affiliations
10.7554/elife.36853,2018-4-4,Affiliations
10.7554/elife.99846,2024-5-20,Affiliations
10.7554/elife.55647,2020-2-5,Affiliations
10.7554/elife.23066,2016-11-9,Affiliations
10.7554/elife.56027,2020-2-14,Affiliations
10.7554/elife.60938,2020-7-14,Affiliations
10.7554/elife.00365,2012-12-13,Affiliations
10.7554/elife.49823,2019-7-2,Affiliations
10.7554/elife.22672,2016-11-8,Affiliations
10.7554/elife.24307,2016-12-20,Affiliations
10.7554/elife.33738,2017-11-22,Affiliations
10.7554/elife.69260,2021-4-13,Affiliations
10.7554/elife.109758,2025-10-31,Affiliations
10.7554/elife.13015,2015-11-24,Affiliations
10.7554/elife.13038,2015-11-25,Affiliations
10.7554/elife.74986,2021-11-2,Affiliations
10.7554/elife.85169,2022-11-29,Affiliations
10.7554/elife.06494,2015-1-28,Affiliations
10.7554/elife.91312,2023-7-25,Affiliations
10.7554/elife.04563,2014-9-4,Affiliations
10.7554/elife.07482,2015-3-18,Affiliations
10.7554/elife.100599,2024-6-26,Affiliations
10.7554/elife.35178,2018-2-15,Affiliations
10.7554/elife.81959,2022-8-1,Affiliations
10.7554/elife.42543,2018-10-11,Affiliations
10.7554/elife.31295,2017-8-22,Affiliations
10.7554/elife.44799,2019-1-23,Affiliations
10.7554/elife.55718,2020-7-13,Affiliations
10.7554/elife.79892,2022-11-15,Affiliations
10.7554/elife.12522,2015-11-24,Affiliations
10.7554/elife.18204,2016-6-9,Affiliations
10.7554/elife.08186,2015-4-27,Affiliations
10.7554/elife.83258,2022-9-8,Affiliations
10.7554/elife.107584,2025-5-8,Affiliations
10.7554/elife.79034,2022-4-1,Affiliations
10.7554/elife.79304,2022-4-20,Affiliations
10.7554/elife.38781,2018-6-4,Affiliations
10.7554/elife.38909,2018-6-29,Affiliations
10.7554/elife.30948,2017-8-31,Affiliations
10.7554/elife.107690,2025-5-19,Affiliations
10.7554/elife.66677,2021-1-27,Affiliations
10.7554/elife.69225,2021-4-13,Affiliations
10.7554/elife.00270,2012-10-15,Affiliations
10.7554/elife.35006,2018-7-5,Affiliations
10.7554/elife.00488,2013-2-20,Affiliations
10.7554/elife.04998,2014-10-8,Affiliations
10.7554/elife.66685,2021-1-21,Affiliations
10.7554/elife.08714,2016-3-4,Affiliations
10.7554/elife.28407,2017-5-11,Affiliations
10.7554/elife.06720,2015-2-6,Affiliations
10.7554/elife.100778,2024-7-2,Affiliations
10.7554/elife.105903,2025-1-7,Affiliations
10.7554/elife.51082,2019-8-19,Affiliations
10.7554/elife.52671,2019-10-18,Affiliations
10.7554/elife.109109,2025-9-10,Affiliations
10.7554/elife.109210,2025-9-11,Affiliations
10.7554/elife.21585,2016-9-27,Affiliations
10.7554/elife.72188,2021-7-22,Affiliations
10.7554/elife.97099,2024-2-20,Affiliations
10.7554/elife.26228,2017-3-2,Affiliations
10.7554/elife.28693,2017-5-22,Affiliations
10.7554/elife.06900,2015-2-12,Affiliations
10.7554/elife.09993,2015-7-17,Affiliations
10.7554/elife.36263,2018-3-27,Affiliations
10.7554/elife.03980,2014-8-13,Affiliations
10.7554/elife.01663,2013-10-11,Affiliations
10.7554/elife.108677,2025-8-12,Affiliations
10.7554/elife.08658,2015-5-18,Affiliations
10.7554/elife.90048,2023-6-12,Affiliations
10.7554/elife.34464,2017-12-20,Affiliations
10.7554/elife.65803,2020-12-17,Affiliations
10.7554/elife.08172,2015-7-7,Affiliations
10.7554/elife.02516,2014-2-18,Affiliations
10.7554/elife.00992,2013-6-11,Affiliations
10.7554/elife.108911,2025-8-20,Affiliations
10.7554/elife.109900,2025-11-14,Affiliations
10.7554/elife.06656,2015-2-2,Affiliations
10.7554/elife.103529,2024-9-26,Affiliations
10.7554/elife.103993,2024-10-3,Affiliations
10.7554/elife.108007,2025-6-18,Affiliations
10.7554/elife.46989,2019-4-2,Affiliations
10.7554/elife.47174,2019-3-29,Affiliations
10.7554/elife.31708,2017-9-6,Affiliations
10.7554/elife.75422,2021-11-11,Affiliations
10.7554/elife.77538,2022-2-14,Affiliations
10.7554/elife.84310,2022-10-27,Affiliations
10.7554/elife.59154,2020-5-26,Affiliations
10.7554/elife.100571,2024-7-23,Affiliations
10.7554/elife.01108,2013-7-2,Affiliations
10.7554/elife.104437,2024-10-15,Affiliations
10.7554/elife.107151,2025-4-15,Affiliations
10.7554/elife.74328,2021-10-5,Affiliations
10.7554/elife.87504,2023-3-7,Affiliations
10.7554/elife.90007,2023-6-22,Affiliations
10.7554/elife.28013,2017-4-25,Affiliations
10.7554/elife.29876,2017-6-26,Affiliations
10.7554/elife.35974,2018-3-7,Affiliations
10.7554/elife.36414,2018-3-12,Affiliations
10.7554/elife.42513,2018-10-10,Affiliations
10.7554/elife.23693,2017-1-19,Affiliations
10.7554/elife.108860,2025-8-21,Affiliations
10.7554/elife.110283,2025-12-19,Affiliations
10.7554/elife.88586,2023-4-18,Affiliations
10.7554/elife.29017,2017-6-5,Affiliations
10.7554/elife.29743,2017-6-20,Affiliations
10.7554/elife.41593,2018-11-1,Affiliations
10.7554/elife.30537,2017-7-19,Affiliations
10.7554/elife.49040,2019-6-5,Affiliations
10.7554/elife.00351,2012-12-13,Affiliations
10.7554/elife.11988,2015-10-9,Affiliations
10.7554/elife.19109,2016-7-1,Affiliations
10.7554/elife.100526,2024-6-14,Affiliations
10.7554/elife.78698,2022-3-22,Affiliations
10.7554/elife.25532,2017-2-1,Affiliations
10.7554/elife.44029,2018-11-30,Affiliations
10.7554/elife.44851,2019-1-7,Affiliations
10.7554/elife.65214,2020-12-4,Affiliations
10.7554/elife.03178,2014-5-6,Affiliations
10.7554/elife.14128,2016-1-22,Affiliations
10.7554/elife.14282,2016-1-28,Affiliations
10.7554/elife.09036,2015-6-4,Affiliations
10.7554/elife.89419,2023-5-18,Affiliations
10.7554/elife.40684,2018-8-3,Affiliations
10.7554/elife.94414,2023-11-14,Affiliations
10.7554/elife.00799,2013-4-30,Affiliations
10.7554/elife.01979,2013-12-3,Affiliations
10.7554/elife.11383,2015-9-14,Affiliations
10.7554/elife.11802,2015-10-1,Affiliations
10.7554/elife.12289,2015-10-21,Affiliations
10.7554/elife.05570,2014-11-20,Affiliations
10.7554/elife.105985,2025-1-15,Affiliations
10.7554/elife.96697,2024-2-9,Affiliations
10.7554/elife.32342,2017-10-17,Affiliations
10.7554/elife.34573,2018-1-8,Affiliations
10.7554/elife.63032,2020-9-17,Affiliations
10.7554/elife.65689,2020-12-16,Affiliations
10.7554/elife.70785,2021-6-4,Affiliations
10.7554/elife.11935,2015-10-5,Affiliations
10.7554/elife.01214,2013-7-23,Affiliations
10.7554/elife.14311,2016-1-21,Affiliations
10.7554/elife.14954,2016-3-2,Affiliations
10.7554/elife.19317,2016-11-17,Affiliations
10.7554/elife.95782,2024-1-3,Affiliations
10.7554/elife.96613,2024-2-6,Affiliations
10.7554/elife.07239,2015-3-4,Affiliations
10.7554/elife.106838,2025-3-21,Affiliations
10.7554/elife.40642,2018-8-2,Affiliations
10.7554/elife.41300,2018-8-23,Affiliations
10.7554/elife.31697,2017-10-12,Affiliations
10.7554/elife.00565,2013-2-11,Affiliations
10.7554/elife.01045,2013-6-14,Affiliations
10.7554/elife.108230,2025-7-9,Affiliations
10.7554/elife.108668,2025-7-31,Affiliations
10.7554/elife.20672,2016-8-18,Affiliations
10.7554/elife.107890,2025-6-4,Affiliations
10.7554/elife.80233,2022-5-18,Affiliations
10.7554/elife.27150,2017-3-30,Affiliations
10.7554/elife.83117,2022-9-5,Affiliations
10.7554/elife.69256,2021-4-21,Affiliations
10.7554/elife.92367,2023-8-31,Affiliations
10.7554/elife.02322,2014-1-21,Affiliations
10.7554/elife.02897,2014-4-1,Affiliations
10.7554/elife.108297,2025-7-9,Affiliations
10.7554/elife.08843,2015-5-27,Affiliations
10.7554/elife.107691,2025-5-16,Affiliations
10.7554/elife.37049,2018-4-5,Affiliations
10.7554/elife.37324,2018-4-19,Affiliations
10.7554/elife.91314,2023-7-25,Affiliations
10.7554/elife.60403,2020-6-30,Affiliations
10.7554/elife.61021,2020-7-21,Affiliations
10.7554/elife.64678,2020-11-9,Affiliations
10.7554/elife.108945,2025-8-22,Affiliations
10.7554/elife.84431,2022-11-2,Affiliations
10.7554/elife.06758,2015-3-3,ROR IDs
10.7554/elife.06877,2015-3-12,ROR IDs
10.7554/elife.01608,2013-11-5,ROR IDs
10.7554/elife.00385,2012-12-18,ROR IDs
10.7554/elife.59285,2020-6-15,ROR IDs
10.7554/elife.54984,2020-2-11,ROR IDs
10.7554/elife.25001,2017-2-16,ROR IDs
10.7554/elife.03804,2014-7-29,ROR IDs
10.7554/elife.21786,2016-11-1,ROR IDs
10.7554/elife.40660,2018-8-23,ROR IDs
10.7554/elife.04997,2014-10-28,ROR IDs
10.7554/elife.14729,2016-2-19,ROR IDs
10.7554/elife.29763,2017-7-27,ROR IDs
10.7554/elife.41523,2019-1-1,ROR IDs
10.7554/elife.73673,2021-11-15,ROR IDs
10.7554/elife.10161,2015-8-19,ROR IDs
10.7554/elife.36545,2018-6-26,ROR IDs
10.7554/elife.69496,2021-5-18,ROR IDs
10.7554/elife.55136,2020-2-19,ROR IDs
10.7554/elife.75471,2021-12-10,ROR IDs
10.7554/elife.51319,2020-2-26,ROR IDs
10.7554/elife.02784,2014-5-19,ROR IDs
10.7554/elife.51248,2020-1-14,ROR IDs
10.7554/elife.44279,2019-5-13,ROR IDs
10.7554/elife.26487,2017-8-8,ROR IDs
10.7554/elife.47262,2019-8-22,ROR IDs
10.7554/elife.64679,2021-4-22,ROR IDs
10.7554/elife.74234,2021-12-9,ROR IDs
10.7554/elife.57249,2020-9-15,ROR IDs
10.7554/elife.57831,2020-12-14,ROR IDs
10.7554/elife.58075,2020-10-16,ROR IDs
10.7554/elife.58468,2020-9-30,ROR IDs
10.7554/elife.60383,2021-1-15,ROR IDs
10.7554/elife.63756,2021-7-16,ROR IDs
10.7554/elife.59376,2021-1-13,ROR IDs
10.7554/elife.61173,2021-7-12,ROR IDs
10.7554/elife.65146,2021-2-23,ROR IDs
10.7554/elife.67388,2021-6-1,ROR IDs
10.7554/elife.66876,2021-7-6,ROR IDs
10.7554/elife.70046,2021-12-17,ROR IDs
10.7554/elife.52566,2020-3-24,ROR IDs
10.7554/elife.56922,2020-8-10,ROR IDs
10.7554/elife.63194,2021-2-5,ROR IDs
10.7554/elife.67468,2021-4-27,ROR IDs
10.7554/elife.67612,2021-4-26,ROR IDs
10.7554/elife.71263,2021-12-13,ROR IDs
10.7554/elife.71526,2021-12-14,ROR IDs
10.7554/elife.68548,2021-7-12,ROR IDs
10.7554/elife.66238,2021-5-18,ROR IDs
10.7554/elife.49875,2019-10-23,ROR IDs
10.7554/elife.52426,2020-3-6,ROR IDs
10.7554/elife.57322,2020-6-9,ROR IDs
10.7554/elife.55547,2020-11-2,ROR IDs
10.7554/elife.67525,2021-9-28,ROR IDs
10.7554/elife.67303,2021-9-20,ROR IDs
10.7554/elife.55637,2021-6-8,ROR IDs
10.7554/elife.54208,2020-2-25,ROR IDs
10.7554/elife.65590,2021-8-3,ROR IDs
10.7554/elife.65282,2021-1-4,ROR IDs
10.7554/elife.54341,2020-6-3,ROR IDs
10.7554/elife.21297,2017-5-25,ROR IDs
10.7554/elife.23435,2017-9-6,ROR IDs
10.7554/elife.22323,2017-3-13,ROR IDs
10.7554/elife.21660,2017-5-9,ROR IDs
10.7554/elife.23332,2017-5-4,ROR IDs
10.7554/elife.21777,2017-2-13,ROR IDs
10.7554/elife.27345,2017-9-6,ROR IDs
10.7554/elife.07780,2015-10-13,ROR IDs
10.7554/elife.00184,2012-12-13,ROR IDs
10.7554/elife.11814,2015-12-23,ROR IDs
10.7554/elife.11384,2016-1-29,ROR IDs
10.7554/elife.47061,2019-6-17,ROR IDs
10.7554/elife.47969,2019-11-5,ROR IDs
10.7554/elife.45472,2019-5-16,ROR IDs
10.7554/elife.48401,2020-2-3,ROR IDs
10.7554/elife.03658,2014-11-21,ROR IDs
10.7554/elife.03110,2014-7-8,ROR IDs
10.7554/elife.01637,2014-2-25,ROR IDs
10.7554/elife.16349,2016-9-19,ROR IDs
10.7554/elife.17200,2016-8-18,ROR IDs
10.7554/elife.11299,2015-12-15,ROR IDs
10.7554/elife.15600,2016-5-24,ROR IDs
10.7554/elife.12790,2015-12-14,ROR IDs
10.7554/elife.35869,2018-7-27,ROR IDs
10.7554/elife.04553,2014-11-10,ROR IDs
10.7554/elife.04630,2014-12-12,ROR IDs
10.7554/elife.04346,2015-3-17,ROR IDs
10.7554/elife.29353,2017-12-12,ROR IDs
10.7554/elife.27995,2017-12-29,ROR IDs
10.7554/elife.28785,2017-12-7,ROR IDs
10.7554/elife.29087,2018-1-18,ROR IDs
10.7554/elife.32273,2018-1-3,ROR IDs
10.7554/elife.49373,2019-9-19,ROR IDs
10.7554/elife.49493,2019-10-28,ROR IDs
10.7554/elife.50161,2019-12-23,ROR IDs
10.7554/elife.70990,2021-8-24,ROR IDs
10.7554/elife.10510,2015-11-2,ROR IDs
10.7554/elife.00415,2013-4-16,ROR IDs
10.7554/elife.43075,2019-1-14,ROR IDs
10.7554/elife.72841,2021-10-29,ROR IDs
10.7554/elife.05996,2015-7-29,ROR IDs
10.7554/elife.42530,2019-5-28,ROR IDs
10.7554/elife.08069,2015-6-10,ROR IDs
10.7554/elife.07125,2015-7-7,ROR IDs
10.7554/elife.23255,2017-6-1,ROR IDs
10.7554/elife.35272,2018-5-8,ROR IDs
10.7554/elife.62775,2021-5-12,ROR IDs
10.7554/elife.14170,2016-7-5,ROR IDs
10.7554/elife.02206,2014-5-27,ROR IDs
10.7554/elife.55607,2020-4-27,ROR IDs
10.7554/elife.09972,2016-4-19,ROR IDs
10.7554/elife.54873,2020-4-21,ROR IDs
10.7554/elife.62669,2020-11-12,ROR IDs
10.7554/elife.06377,2015-4-28,ROR IDs
10.7554/elife.48646,2019-11-26,ROR IDs
10.7554/elife.10567,2015-12-14,ROR IDs
10.7554/elife.63417,2021-6-9,ROR IDs
10.7554/elife.49921,2019-11-20,ROR IDs
10.7554/elife.03635,2014-11-19,ROR IDs
10.7554/elife.11861,2016-1-15,ROR IDs
10.7554/elife.31677,2018-3-15,ROR IDs
10.7554/elife.68179,2021-11-30,ROR IDs
10.7554/elife.57513,2020-6-24,ROR IDs
10.7554/elife.25903,2017-5-16,ROR IDs
10.7554/elife.31159,2018-2-16,ROR IDs
10.7554/elife.01211,2013-10-22,ROR IDs
10.7554/elife.57484,2020-9-11,ROR IDs
10.7554/elife.00861,2013-8-13,ROR IDs
10.7554/elife.63352,2021-5-18,ROR IDs
10.7554/elife.63880,2021-6-11,ROR IDs
10.7554/elife.39772,2018-10-3,ROR IDs
10.7554/elife.19942,2016-12-9,ROR IDs
10.7554/elife.53447,2020-2-14,ROR IDs
10.7554/elife.42305,2019-1-14,ROR IDs
10.7554/elife.50292,2019-11-28,ROR IDs
10.7554/elife.32532,2018-2-22,ROR IDs
10.7554/elife.68165,2021-7-27,ROR IDs
10.7554/elife.83153,2022-11-24,ROR IDs
10.7554/elife.02740,2014-5-16,ROR IDs
10.7554/elife.61940,2021-2-15,ROR IDs
10.7554/elife.71220,2021-8-10,ROR IDs
10.7554/elife.62518,2020-11-25,ROR IDs
10.7554/elife.69896,2021-8-23,ROR IDs
10.7554/elife.58597,2020-12-11,ROR IDs
10.7554/elife.66988,2021-6-28,ROR IDs
10.7554/elife.74272,2021-12-31,ROR IDs
10.7554/elife.66050,2021-5-4,ROR IDs
10.7554/elife.64872,2021-7-6,ROR IDs
10.7554/elife.58675,2020-9-1,ROR IDs
10.7554/elife.04249,2014-11-25,ROR IDs
10.7554/elife.05701,2015-2-2,ROR IDs
10.7554/elife.53627,2020-2-25,ROR IDs
10.7554/elife.15278,2016-7-26,ROR IDs
10.7554/elife.55694,2020-10-27,ROR IDs
10.7554/elife.33456,2018-4-13,ROR IDs
10.7554/elife.38740,2018-11-22,ROR IDs
10.7554/elife.47395,2019-7-12,ROR IDs
10.7554/elife.03205,2014-7-28,ROR IDs
10.7554/elife.62329,2021-2-17,ROR IDs
10.7554/elife.02626,2014-10-3,ROR IDs
10.7554/elife.53247,2020-6-12,ROR IDs
10.7554/elife.36440,2018-5-29,ROR IDs
10.7554/elife.56114,2020-3-31,ROR IDs
10.7554/elife.41444,2019-3-25,ROR IDs
10.7554/elife.70119,2021-8-25,ROR IDs
10.7554/elife.22057,2017-7-21,ROR IDs
10.7554/elife.01465,2014-3-25,ROR IDs
10.7554/elife.09391,2015-9-15,ROR IDs
10.7554/elife.36133,2018-6-29,ROR IDs
10.7554/elife.57907,2020-6-24,ROR IDs
10.7554/elife.52135,2019-12-16,ROR IDs
10.7554/elife.61504,2021-1-19,ROR IDs
10.7554/elife.71417,2021-10-15,ROR IDs
10.7554/elife.41279,2020-2-11,ROR IDs
10.7554/elife.64325,2021-6-11,ROR IDs
10.7554/elife.09351,2015-8-19,ROR IDs
10.7554/elife.58952,2020-12-7,ROR IDs
10.7554/elife.46041,2019-6-28,ROR IDs
10.7554/elife.49574,2019-8-12,ROR IDs
10.7554/elife.19735,2016-11-19,ROR IDs
10.7554/elife.03785,2014-12-9,ROR IDs
10.7554/elife.73348,2021-12-1,ROR IDs
10.7554/elife.46347,2019-6-4,ROR IDs
10.7554/elife.66804,2021-7-30,ROR IDs
10.7554/elife.56635,2020-5-7,ROR IDs
10.7554/elife.50022,2020-2-10,ROR IDs
10.7554/elife.51928,2020-3-17,ROR IDs
10.7554/elife.03300,2014-7-8,ROR IDs
10.7554/elife.01501,2013-12-17,ROR IDs
10.7554/elife.42298,2018-12-11,ROR IDs
10.7554/elife.44656,2019-8-20,ROR IDs
10.7554/elife.63170,2020-11-17,ROR IDs
10.7554/elife.15798,2016-6-21,ROR IDs
10.7554/elife.36584,2018-7-10,ROR IDs
10.7554/elife.30496,2018-2-28,ROR IDs
10.7554/elife.40039,2018-10-22,ROR IDs
10.7554/elife.23082,2017-2-23,ROR IDs
10.7554/elife.55543,2020-2-10,ROR IDs
10.7554/elife.31662,2018-1-18,ROR IDs
10.7554/elife.28118,2017-8-22,ROR IDs
10.7554/elife.67121,2021-8-4,ROR IDs
10.7554/elife.12225,2016-3-14,ROR IDs
10.7554/elife.02736,2014-6-24,ROR IDs
10.7554/elife.39217,2018-12-11,ROR IDs
10.7554/elife.67604,2021-8-3,ROR IDs
10.7554/elife.52868,2020-5-26,ROR IDs
10.7554/elife.70436,2021-11-3,ROR IDs
10.7554/elife.37623,2018-6-5,ROR IDs
10.7554/elife.53111,2020-2-11,ROR IDs
10.7554/elife.55692,2020-5-4,ROR IDs
10.7554/elife.50279,2019-12-19,ROR IDs
10.7554/elife.27131,2017-10-23,ROR IDs
10.7554/elife.57555,2020-4-27,ROR IDs
10.7554/elife.37949,2018-9-27,ROR IDs
10.7554/elife.13810,2016-7-26,ROR IDs
10.7554/elife.20930,2016-10-26,ROR IDs
10.7554/elife.56584,2020-7-10,ROR IDs
10.7554/elife.55995,2020-7-27,ROR IDs
10.7554/elife.18246,2016-9-27,ROR IDs
10.7554/elife.00750,2013-9-24,ROR IDs
10.7554/elife.38883,2018-10-25,ROR IDs
10.7554/elife.43764,2019-5-14,ROR IDs
10.7554/elife.43038,2019-5-21,ROR IDs
10.7554/elife.38880,2019-1-18,ROR IDs
10.7554/elife.06996,2015-7-16,ROR IDs
10.7554/elife.72588,2022-1-20,ROR IDs
10.7554/elife.57288,2020-6-15,ROR IDs
10.7554/elife.58046,2020-6-8,ROR IDs
10.7554/elife.78579,2022-3-18,ROR IDs
10.7554/elife.80570,2022-6-28,ROR IDs
10.7554/elife.92968,2023-10-13,ROR IDs
10.7554/elife.65227,2020-12-3,ROR IDs
10.7554/elife.01299,2013-12-17,ROR IDs
10.7554/elife.02490,2014-2-11,ROR IDs
10.7554/elife.03521,2014-6-3,ROR IDs
10.7554/elife.03970,2014-9-17,ROR IDs
10.7554/elife.11911,2016-1-26,ROR IDs
10.7554/elife.22911,2017-2-28,ROR IDs
10.7554/elife.27970,2017-4-25,ROR IDs
10.7554/elife.37048,2018-4-12,ROR IDs
10.7554/elife.40515,2018-8-2,ROR IDs
10.7554/elife.52397,2019-10-4,ROR IDs
10.7554/elife.52549,2020-2-10,ROR IDs
10.7554/elife.94305,2023-11-9,ROR IDs
10.7554/elife.37527,2019-2-7,ROR IDs
10.7554/elife.68627,2021-10-28,ROR IDs
10.7554/elife.22772,2017-7-11,ROR IDs
10.7554/elife.58288,2020-9-10,ROR IDs
10.7554/elife.31012,2017-11-10,ROR IDs
10.7554/elife.24102,2017-3-7,ROR IDs
10.7554/elife.53704,2020-2-21,ROR IDs
10.7554/elife.57578,2020-5-26,ROR IDs
10.7554/elife.00116,2013-1-8,ROR IDs
10.7554/elife.51480,2020-5-13,ROR IDs
10.7554/elife.35907,2018-7-20,ROR IDs
10.7554/elife.40766,2019-1-16,ROR IDs
10.7554/elife.17935,2017-3-21,ROR IDs
10.7554/elife.06234,2015-8-12,ROR IDs
10.7554/elife.33927,2018-7-19,ROR IDs
10.7554/elife.56612,2020-11-23,ROR IDs
10.7554/elife.15928,2016-3-31,ROR IDs
10.7554/elife.02224,2014-6-14,ROR IDs
10.7554/elife.67400,2021-7-9,ROR IDs
10.7554/elife.49439,2019-9-5,ROR IDs
10.7554/elife.11853,2016-7-1,ROR IDs
10.7554/elife.02882,2014-6-11,ROR IDs
10.7554/elife.45077,2019-5-14,ROR IDs
10.7554/elife.44031,2019-5-1,ROR IDs
10.7554/elife.51214,2020-1-22,ROR IDs
10.7554/elife.50069,2019-10-15,ROR IDs
10.7554/elife.51401,2019-11-14,ROR IDs
10.7554/elife.30688,2017-10-12,ROR IDs
10.7554/elife.02872,2014-6-4,ROR IDs
10.7554/elife.12190,2016-5-3,ROR IDs
10.7554/elife.60197,2021-3-23,ROR IDs
10.7554/elife.08438,2016-2-13,ROR IDs
10.7554/elife.37344,2018-10-26,ROR IDs
10.7554/elife.08314,2015-7-11,ROR IDs
10.7554/elife.25642,2017-5-30,ROR IDs
10.7554/elife.15341,2016-6-2,ROR IDs
10.7554/elife.42823,2019-5-14,ROR IDs
10.7554/elife.63226,2021-3-17,ROR IDs
10.7554/elife.05828,2015-8-11,ROR IDs
10.7554/elife.04123,2014-10-16,ROR IDs
10.7554/elife.32860,2018-4-5,ROR IDs
10.7554/elife.19799,2016-10-26,ROR IDs
10.7554/elife.21792,2017-1-24,ROR IDs
10.7554/elife.05005,2015-8-12,ROR IDs
10.7554/elife.56991,2020-6-2,ROR IDs
10.7554/elife.19976,2017-2-4,ROR IDs
10.7554/elife.53683,2020-4-8,ROR IDs
10.7554/elife.71735,2021-12-7,ROR IDs
10.7554/elife.16996,2016-9-9,ROR IDs
10.7554/elife.39804,2018-8-10,ROR IDs
10.7554/elife.15092,2016-6-2,ROR IDs
10.7554/elife.02046,2014-2-12,ROR IDs
10.7554/elife.64563,2021-3-4,ROR IDs
10.7554/elife.34477,2018-2-1,ROR IDs
10.7554/elife.44359,2019-4-12,ROR IDs
10.7554/elife.67182,2021-9-2,ROR IDs
10.7554/elife.51601,2019-10-9,ROR IDs
10.7554/elife.34241,2018-4-3,ROR IDs
10.7554/elife.12741,2016-3-22,ROR IDs
10.7554/elife.11134,2015-10-24,ROR IDs
10.7554/elife.60416,2021-3-29,ROR IDs
10.7554/elife.42636,2019-2-18,ROR IDs
10.7554/elife.41861,2019-3-7,ROR IDs
10.7554/elife.03640,2014-9-23,ROR IDs
10.7554/elife.50340,2020-2-26,ROR IDs
10.7554/elife.23612,2017-8-8,ROR IDs
10.7554/elife.10032,2015-8-31,ROR IDs
10.7554/elife.60145,2021-1-18,ROR IDs
10.7554/elife.47491,2019-12-6,ROR IDs
10.7554/elife.57154,2020-8-18,ROR IDs
10.7554/elife.12613,2016-3-22,ROR IDs
10.7554/elife.65554,2021-6-15,ROR IDs
10.7554/elife.16582,2016-8-26,ROR IDs
10.7554/elife.55596,2020-7-28,ROR IDs
10.7554/elife.33465,2018-5-29,ROR IDs
10.7554/elife.22749,2017-2-28,ROR IDs
10.7554/elife.39441,2018-12-18,ROR IDs
10.7554/elife.12029,2015-12-25,ROR IDs
10.7554/elife.06114,2015-5-7,ROR IDs
10.7554/elife.28723,2017-8-16,ROR IDs
10.7554/elife.67709,2021-5-24,ROR IDs
10.7554/elife.07759,2015-8-27,ROR IDs
10.7554/elife.50631,2020-1-10,ROR IDs
10.7554/elife.04919,2015-1-23,ROR IDs
10.7554/elife.01808,2014-4-1,ROR IDs
10.7554/elife.36389,2018-6-1,ROR IDs
10.7554/elife.42149,2019-10-25,ROR IDs
10.7554/elife.49158,2019-8-14,ROR IDs
10.7554/elife.73215,2021-11-23,ROR IDs
10.7554/elife.19089,2016-11-18,ROR IDs
10.7554/elife.36953,2018-7-31,ROR IDs
10.7554/elife.19720,2017-1-30,ROR IDs
10.7554/elife.65355,2021-7-9,ROR IDs
10.7554/elife.64971,2021-9-7,ROR IDs
10.7554/elife.67535,2021-9-16,ROR IDs
10.7554/elife.49806,2019-11-28,ROR IDs
10.7554/elife.36354,2018-7-3,ROR IDs
10.7554/elife.47037,2019-7-29,ROR IDs
10.7554/elife.26896,2017-6-7,ROR IDs
10.7554/elife.44205,2019-9-18,ROR IDs
10.7554/elife.11571,2015-11-27,ROR IDs
10.7554/elife.58999,2020-11-20,ROR IDs
10.7554/elife.52563,2020-5-11,ROR IDs
10.7554/elife.66668,2021-3-15,ROR IDs
10.7554/elife.32436,2017-12-14,ROR IDs
10.7554/elife.55729,2020-9-1,ROR IDs
10.7554/elife.00683,2013-9-10,ROR IDs
10.7554/elife.56605,2020-4-29,ROR IDs
10.7554/elife.72823,2021-12-6,ROR IDs
10.7554/elife.53363,2019-12-23,ROR IDs
10.7554/elife.07527,2015-4-15,ROR IDs
10.7554/elife.38967,2018-7-17,ROR IDs
10.7554/elife.06536,2015-4-13,ROR IDs
10.7554/elife.01633,2013-10-22,ROR IDs
10.7554/elife.01873,2013-12-24,ROR IDs
10.7554/elife.17692,2016-6-29,ROR IDs
10.7554/elife.00477,2013-1-22,ROR IDs
10.7554/elife.19733,2016-8-23,ROR IDs
10.7554/elife.08710,2015-6-11,ROR IDs
10.7554/elife.26775,2017-5-9,ROR IDs
10.7554/elife.20061,2016-8-31,ROR IDs
10.7554/elife.62925,2020-10-13,ROR IDs
10.7554/elife.71583,2021-7-2,ROR IDs
10.7554/elife.76632,2022-2-8,ROR IDs
10.7554/elife.67701,2021-4-26,ROR IDs
10.7554/elife.74744,2021-11-24,ROR IDs
10.7554/elife.27933,2017-5-31,ROR IDs
10.7554/elife.31082,2017-9-19,ROR IDs
10.7554/elife.17079,2016-6-6,ROR IDs
10.7554/elife.25000,2017-2-15,ROR IDs
10.7554/elife.47162,2019-5-7,ROR IDs
10.7554/elife.44298,2019-1-16,ROR IDs
10.7554/elife.50543,2019-8-20,ROR IDs
10.7554/elife.50784,2019-9-13,ROR IDs
10.7554/elife.55722,2020-3-11,ROR IDs
10.7554/elife.55254,2020-2-13,ROR IDs
10.7554/elife.05259,2014-11-25,ROR IDs
10.7554/elife.10040,2015-8-25,ROR IDs
10.7554/elife.05377,2014-12-9,ROR IDs
10.7554/elife.61082,2021-1-25,ROR IDs
10.7554/elife.05920,2015-5-22,ROR IDs
10.7554/elife.06072,2015-4-27,ROR IDs
10.7554/elife.08174,2015-10-9,ROR IDs
10.7554/elife.06394,2015-8-25,ROR IDs
10.7554/elife.07361,2015-9-15,ROR IDs
10.7554/elife.42001,2019-1-28,ROR IDs
10.7554/elife.42756,2019-1-15,ROR IDs
10.7554/elife.41159,2019-2-8,ROR IDs
10.7554/elife.41623,2019-1-28,ROR IDs
10.7554/elife.01724,2014-3-25,ROR IDs
10.7554/elife.02148,2014-4-8,ROR IDs
10.7554/elife.21616,2016-12-20,ROR IDs
10.7554/elife.21749,2017-2-17,ROR IDs
10.7554/elife.18740,2016-10-12,ROR IDs
10.7554/elife.17571,2016-6-25,ROR IDs
10.7554/elife.16159,2016-9-3,ROR IDs
10.7554/elife.16550,2016-8-9,ROR IDs
10.7554/elife.16231,2016-8-19,ROR IDs
10.7554/elife.04250,2015-4-30,ROR IDs
10.7554/elife.03239,2014-8-22,ROR IDs
10.7554/elife.36330,2018-9-26,ROR IDs
10.7554/elife.38539,2018-10-25,ROR IDs
10.7554/elife.39563,2018-10-16,ROR IDs
10.7554/elife.38114,2019-3-13,ROR IDs
10.7554/elife.38407,2018-11-27,ROR IDs
10.7554/elife.07410,2015-5-29,ROR IDs
10.7554/elife.08411,2015-11-26,ROR IDs
10.7554/elife.08998,2015-11-2,ROR IDs
10.7554/elife.09222,2016-7-19,ROR IDs
10.7554/elife.24846,2017-2-28,ROR IDs
10.7554/elife.25269,2017-9-8,ROR IDs
10.7554/elife.26233,2017-6-10,ROR IDs
10.7554/elife.24100,2017-4-19,ROR IDs
10.7554/elife.24214,2017-5-11,ROR IDs
10.7554/elife.24523,2017-5-31,ROR IDs
10.7554/elife.28415,2017-12-4,ROR IDs
10.7554/elife.33140,2018-6-27,ROR IDs
10.7554/elife.31226,2017-11-17,ROR IDs
10.7554/elife.30789,2018-3-9,ROR IDs
10.7554/elife.30189,2017-11-20,ROR IDs
10.7554/elife.30286,2017-9-7,ROR IDs
10.7554/elife.32311,2018-8-9,ROR IDs
10.7554/elife.06938,2015-6-18,ROR IDs
10.7554/elife.13238,2016-5-24,ROR IDs
10.7554/elife.48876,2019-12-4,ROR IDs
10.7554/elife.51373,2020-3-10,ROR IDs
10.7554/elife.66659,2021-10-1,ROR IDs
10.7554/elife.63270,2021-2-23,ROR IDs
10.7554/elife.62123,2022-1-4,ROR IDs
10.7554/elife.47014,2019-11-1,ROR IDs
10.7554/elife.64767,2021-3-2,ROR IDs
10.7554/elife.59879,2020-10-7,ROR IDs
10.7554/elife.50253,2019-11-25,ROR IDs
10.7554/elife.60635,2020-11-17,ROR IDs
10.7554/elife.65763,2021-8-26,ROR IDs
10.7554/elife.58825,2020-9-18,ROR IDs
10.7554/elife.49972,2019-11-27,ROR IDs
10.7554/elife.54350,2020-11-3,ROR IDs
10.7554/elife.50670,2020-1-28,ROR IDs
10.7554/elife.73156,2022-1-19,ROR IDs
10.7554/elife.73875,2021-10-25,ROR IDs
10.7554/elife.72535,2021-12-13,ROR IDs
10.7554/elife.54542,2020-9-7,ROR IDs
10.7554/elife.56186,2020-5-5,ROR IDs
10.7554/elife.58910,2020-7-20,ROR IDs
10.7554/elife.55319,2020-7-2,ROR IDs
10.7554/elife.53803,2020-3-27,ROR IDs
10.7554/elife.53908,2020-6-23,ROR IDs
10.7554/elife.68045,2021-9-20,ROR IDs
10.7554/elife.64370,2021-2-2,ROR IDs
10.7554/elife.59499,2020-9-14,ROR IDs
10.7554/elife.61358,2021-2-15,ROR IDs
10.7554/elife.61264,2020-11-23,ROR IDs
10.7554/elife.63201,2021-9-3,ROR IDs
10.7554/elife.64104,2021-1-21,ROR IDs
10.7554/elife.00329,2013-2-5,ROR IDs
10.7554/elife.52355,2019-12-19,ROR IDs
10.7554/elife.50033,2019-11-1,ROR IDs
10.7554/elife.27057,2017-9-5,ROR IDs
10.7554/elife.58765,2020-12-1,ROR IDs
10.7554/elife.42722,2019-1-31,ROR IDs
10.7554/elife.28360,2017-8-8,ROR IDs
10.7554/elife.20365,2017-1-5,ROR IDs
10.7554/elife.65715,2021-4-30,ROR IDs
10.7554/elife.53550,2020-10-21,ROR IDs
10.7554/elife.27004,2017-5-2,ROR IDs
10.7554/elife.06041,2015-5-18,ROR IDs
10.7554/elife.06229,2015-5-6,ROR IDs
10.7554/elife.51015,2020-5-12,ROR IDs
10.7554/elife.21392,2017-1-30,ROR IDs
10.7554/elife.38968,2019-2-13,ROR IDs
10.7554/elife.72463,2021-9-20,ROR IDs
10.7554/elife.00792,2013-7-30,ROR IDs
10.7554/elife.24119,2017-3-21,ROR IDs
10.7554/elife.41237,2018-11-19,ROR IDs
10.7554/elife.20944,2017-4-4,ROR IDs
10.7554/elife.13195,2016-3-8,ROR IDs
10.7554/elife.53078,2020-3-30,ROR IDs
10.7554/elife.15204,2016-5-9,ROR IDs
10.7554/elife.14137,2016-5-10,ROR IDs
10.7554/elife.69748,2021-11-19,ROR IDs
10.7554/elife.20542,2016-11-16,ROR IDs
10.7554/elife.40553,2019-1-22,ROR IDs
10.7554/elife.10903,2016-5-11,ROR IDs
10.7554/elife.62163,2020-12-15,ROR IDs
10.7554/elife.12040,2016-3-1,ROR IDs
10.7554/elife.58178,2020-11-10,ROR IDs
10.7554/elife.33183,2018-2-14,ROR IDs
10.7554/elife.31262,2017-12-19,ROR IDs
10.7554/elife.51602,2020-1-9,ROR IDs
10.7554/elife.33892,2018-4-20,ROR IDs
10.7554/elife.42806,2019-2-28,ROR IDs
10.7554/elife.52614,2020-3-17,ROR IDs
10.7554/elife.35618,2018-6-4,ROR IDs
10.7554/elife.10072,2015-9-3,ROR IDs
10.7554/elife.60312,2020-10-13,ROR IDs
10.7554/elife.53945,2020-7-9,ROR IDs
10.7554/elife.06166,2015-2-4,ROR IDs
10.7554/elife.03848,2014-10-8,ROR IDs
10.7554/elife.40226,2019-5-28,ROR IDs
10.7554/elife.45056,2019-4-26,ROR IDs
10.7554/elife.66128,2021-4-6,ROR IDs
10.7554/elife.68339,2021-7-7,ROR IDs
10.7554/elife.69577,2021-9-17,ROR IDs
10.7554/elife.47626,2019-4-17,ROR IDs
10.7554/elife.03080,2014-6-9,ROR IDs
10.7554/elife.68231,2021-9-29,ROR IDs
10.7554/elife.59954,2021-1-27,ROR IDs
10.7554/elife.74561,2022-2-15,ROR IDs
10.7554/elife.59759,2021-5-11,ROR IDs
10.7554/elife.72573,2021-11-30,ROR IDs
10.7554/elife.30084,2017-11-20,ROR IDs
10.7554/elife.30760,2017-12-11,ROR IDs
10.7554/elife.52847,2019-10-18,ROR IDs
10.7554/elife.110124,2025-12-1,ROR IDs
10.7554/elife.11514,2015-9-25,ROR IDs
10.7554/elife.12411,2016-1-14,ROR IDs
10.7554/elife.06400,2015-3-26,ROR IDs
10.7554/elife.09651,2015-10-3,ROR IDs
10.7554/elife.72169,2022-1-17,ROR IDs
10.7554/elife.79841,2022-5-19,ROR IDs
10.7554/elife.87507,2023-3-13,ROR IDs
10.7554/elife.87888,2023-3-21,ROR IDs
10.7554/elife.59538,2020-6-2,ROR IDs
10.7554/elife.42223,2019-3-4,ROR IDs
10.7554/elife.32763,2017-12-11,ROR IDs
10.7554/elife.53930,2020-2-12,ROR IDs
10.7554/elife.04137,2014-10-10,ROR IDs
10.7554/elife.60608,2021-2-26,ROR IDs
10.7554/elife.03467,2014-8-29,ROR IDs
10.7554/elife.60191,2021-1-8,ROR IDs
10.7554/elife.22799,2017-3-18,ROR IDs
10.7554/elife.57356,2021-8-5,ROR IDs
10.7554/elife.12959,2016-2-15,ROR IDs
10.7554/elife.09579,2015-9-29,ROR IDs
10.7554/elife.67236,2021-7-19,ROR IDs
10.7554/elife.31334,2018-1-19,ROR IDs
10.7554/elife.10781,2015-11-9,ROR IDs
10.7554/elife.36419,2018-6-26,ROR IDs
10.7554/elife.34958,2018-4-24,ROR IDs
10.7554/elife.68809,2021-7-6,ROR IDs
10.7554/elife.62420,2020-11-10,ROR IDs
10.7554/elife.69594,2021-6-4,ROR IDs
10.7554/elife.17820,2016-9-13,ROR IDs
10.7554/elife.51539,2019-11-1,ROR IDs
10.7554/elife.20304,2016-10-5,ROR IDs
10.7554/elife.56261,2020-9-17,ROR IDs
10.7554/elife.62682,2021-9-15,ROR IDs
10.7554/elife.20954,2017-1-9,ROR IDs
10.7554/elife.21592,2017-1-18,ROR IDs
10.7554/elife.08941,2015-9-28,ROR IDs
10.7554/elife.34657,2018-5-31,ROR IDs
10.7554/elife.55646,2020-3-24,ROR IDs
10.7554/elife.40811,2019-2-12,ROR IDs
10.7554/elife.41869,2019-5-9,ROR IDs
10.7554/elife.59225,2020-10-5,ROR IDs
10.7554/elife.40984,2018-12-17,ROR IDs
10.7554/elife.01402,2013-12-17,ROR IDs
10.7554/elife.42988,2019-4-17,ROR IDs
10.7554/elife.15751,2016-4-13,ROR IDs
10.7554/elife.42156,2019-4-18,ROR IDs
10.7554/elife.31035,2017-12-27,ROR IDs
10.7554/elife.84262,2023-1-20,ROR IDs
10.7554/elife.68603,2021-7-19,ROR IDs
10.7554/elife.53449,2020-4-7,ROR IDs
10.7554/elife.25641,2017-8-1,ROR IDs
10.7554/elife.56830,2020-11-30,ROR IDs
10.7554/elife.02862,2014-10-2,ROR IDs
10.7554/elife.20552,2017-3-21,ROR IDs
10.7554/elife.47837,2019-7-29,ROR IDs
10.7554/elife.38683,2018-10-3,ROR IDs
10.7554/elife.54148,2020-7-2,ROR IDs
10.7554/elife.39598,2019-2-18,ROR IDs
10.7554/elife.46831,2019-8-29,ROR IDs
10.7554/elife.15441,2016-7-20,ROR IDs
10.7554/elife.66960,2021-3-31,ROR IDs
10.7554/elife.68293,2021-8-2,ROR IDs
10.7554/elife.22001,2017-3-14,ROR IDs
10.7554/elife.05733,2015-2-17,ROR IDs
10.7554/elife.70283,2022-2-4,ROR IDs
10.7554/elife.48625,2019-7-25,ROR IDs
10.7554/elife.03663,2014-9-9,ROR IDs
10.7554/elife.32259,2018-3-8,ROR IDs
10.7554/elife.53308,2020-4-1,ROR IDs
10.7554/elife.68240,2021-8-24,ROR IDs
10.7554/elife.20417,2016-10-8,ROR IDs
10.7554/elife.48779,2019-9-23,ROR IDs
10.7554/elife.18657,2016-11-17,ROR IDs
10.7554/elife.19272,2017-2-10,ROR IDs
10.7554/elife.35103,2018-5-24,ROR IDs
10.7554/elife.07865,2015-7-7,ROR IDs
10.7554/elife.70982,2021-11-30,ROR IDs
10.7554/elife.66276,2021-10-27,ROR IDs
10.7554/elife.04177,2014-8-22,ROR IDs
10.7554/elife.10499,2015-11-27,ROR IDs
10.7554/elife.01612,2014-2-25,ROR IDs
10.7554/elife.47644,2019-6-18,ROR IDs
10.7554/elife.50731,2020-1-14,ROR IDs
10.7554/elife.45380,2019-3-21,ROR IDs
10.7554/elife.17227,2016-9-20,ROR IDs
10.7554/elife.47682,2019-10-1,ROR IDs
10.7554/elife.25752,2017-12-21,ROR IDs
10.7554/elife.38461,2018-8-10,ROR IDs
10.7554/elife.31756,2018-1-29,ROR IDs
10.7554/elife.39984,2018-10-8,ROR IDs
10.7554/elife.34463,2018-5-31,ROR IDs
10.7554/elife.25478,2017-3-20,ROR IDs
10.7554/elife.63762,2021-2-24,ROR IDs
10.7554/elife.22279,2017-2-17,ROR IDs
10.7554/elife.67622,2021-6-1,ROR IDs
10.7554/elife.08088,2015-8-24,ROR IDs
10.7554/elife.58891,2020-11-10,ROR IDs
10.7554/elife.58573,2020-8-14,ROR IDs
10.7554/elife.32035,2018-3-9,ROR IDs
10.7554/elife.08208,2015-10-16,ROR IDs
10.7554/elife.23882,2017-7-25,ROR IDs
10.7554/elife.03648,2014-10-10,ROR IDs
10.7554/elife.60661,2020-12-14,ROR IDs
10.7554/elife.63844,2021-10-7,ROR IDs
10.7554/elife.24888,2017-6-27,ROR IDs
10.7554/elife.26280,2017-8-15,ROR IDs
10.7554/elife.31755,2018-7-25,ROR IDs
10.7554/elife.50486,2019-12-27,ROR IDs
10.7554/elife.06259,2015-5-12,ROR IDs
10.7554/elife.55438,2020-6-5,ROR IDs
10.7554/elife.66429,2021-7-20,ROR IDs
10.7554/elife.70715,2021-11-15,ROR IDs
10.7554/elife.54978,2020-6-25,ROR IDs
10.7554/elife.47021,2019-10-9,ROR IDs
10.7554/elife.70427,2021-9-14,ROR IDs
10.7554/elife.57011,2020-7-13,ROR IDs
10.7554/elife.46323,2019-4-29,ROR IDs
10.7554/elife.18128,2017-3-6,ROR IDs
10.7554/elife.59826,2021-4-13,ROR IDs
10.7554/elife.68578,2021-9-1,ROR IDs
10.7554/elife.19531,2016-11-4,ROR IDs
10.7554/elife.01749,2013-12-31,ROR IDs
10.7554/elife.46922,2019-9-24,ROR IDs
10.7554/elife.47720,2019-5-21,ROR IDs
10.7554/elife.57678,2020-5-15,ROR IDs
10.7554/elife.67422,2021-3-16,ROR IDs
10.7554/elife.72379,2021-9-1,ROR IDs
10.7554/elife.04902,2014-10-17,ROR IDs
10.7554/elife.05490,2014-12-11,ROR IDs
10.7554/elife.25700,2017-3-7,ROR IDs
10.7554/elife.32012,2017-9-28,ROR IDs
10.7554/elife.11284,2015-10-6,ROR IDs
10.7554/elife.09666,2015-8-5,ROR IDs
10.7554/elife.49976,2019-8-13,ROR IDs
10.7554/elife.00648,2013-3-26,ROR IDs
10.7554/elife.72980,2021-9-17,ROR IDs
10.7554/elife.07083,2015-3-31,ROR IDs
10.7554/elife.16207,2016-4-19,ROR IDs
10.7554/elife.30774,2017-9-11,ROR IDs
10.7554/elife.01428,2013-9-24,ROR IDs
10.7554/elife.59636,2020-6-5,ROR IDs
10.7554/elife.12760,2015-12-23,ROR IDs
10.7554/elife.06132,2015-2-16,ROR IDs
10.7554/elife.24662,2017-7-12,ROR IDs
10.7554/elife.57887,2020-5-27,ROR IDs
10.7554/elife.30947,2018-1-4,ROR IDs
10.7554/elife.07864,2015-6-15,ROR IDs
10.7554/elife.64624,2021-1-13,ROR IDs
10.7554/elife.36362,2018-7-31,ROR IDs
10.7554/elife.47405,2019-10-7,ROR IDs
10.7554/elife.72001,2021-11-25,ROR IDs
10.7554/elife.31200,2018-4-3,ROR IDs
10.7554/elife.48160,2020-2-5,ROR IDs
10.7554/elife.14087,2016-4-11,ROR IDs
10.7554/elife.17280,2016-12-30,ROR IDs
10.7554/elife.35854,2018-10-25,ROR IDs
10.7554/elife.60108,2021-5-18,ROR IDs
10.7554/elife.51150,2019-9-30,ROR IDs
10.7554/elife.24998,2017-6-14,ROR IDs
10.7554/elife.04135,2014-11-28,ROR IDs
10.7554/elife.53191,2020-4-7,ROR IDs
10.7554/elife.44652,2019-3-22,ROR IDs
10.7554/elife.09358,2015-8-26,ROR IDs
10.7554/elife.56929,2020-9-7,ROR IDs
10.7554/elife.29280,2017-11-9,ROR IDs
10.7554/elife.26635,2017-7-11,ROR IDs
10.7554/elife.24081,2017-2-23,ROR IDs
10.7554/elife.44912,2019-4-9,ROR IDs
10.7554/elife.27453,2017-9-18,ROR IDs
10.7554/elife.67175,2021-9-3,ROR IDs
10.7554/elife.32120,2018-3-22,ROR IDs
10.7554/elife.36375,2018-8-28,ROR IDs
10.7554/elife.57335,2020-9-18,ROR IDs
10.7554/elife.14022,2016-4-8,ROR IDs
10.7554/elife.34595,2018-8-10,ROR IDs
10.7554/elife.57857,2020-9-4,ROR IDs
10.7554/elife.58461,2020-12-24,ROR IDs
10.7554/elife.44528,2019-6-11,ROR IDs
10.7554/elife.19311,2016-10-14,ROR IDs
10.7554/elife.31991,2017-12-5,ROR IDs
10.7554/elife.49388,2019-10-15,ROR IDs
10.7554/elife.08931,2015-10-21,ROR IDs
10.7554/elife.66662,2021-7-16,ROR IDs
10.7554/elife.74447,2022-2-1,ROR IDs
10.7554/elife.63490,2022-1-7,ROR IDs
10.7554/elife.00093,2012-12-18,ROR IDs
10.7554/elife.61983,2021-4-19,ROR IDs
10.7554/elife.69825,2021-7-28,ROR IDs
10.7554/elife.55993,2020-7-23,ROR IDs
10.7554/elife.61805,2021-2-1,ROR IDs
10.7554/elife.46205,2019-6-18,ROR IDs
10.7554/elife.67381,2021-5-4,ROR IDs
10.7554/elife.45393,2019-4-3,ROR IDs
10.7554/elife.70575,2021-9-29,ROR IDs
10.7554/elife.57799,2020-5-29,ROR IDs
10.7554/elife.07909,2015-8-19,ROR IDs
10.7554/elife.22582,2017-3-13,ROR IDs
10.7554/elife.13824,2016-7-7,ROR IDs
10.7554/elife.46986,2019-7-24,ROR IDs
10.7554/elife.21907,2017-2-8,ROR IDs
10.7554/elife.23866,2017-2-15,ROR IDs
10.7554/elife.11297,2016-1-8,ROR IDs
10.7554/elife.38183,2018-10-25,ROR IDs
10.7554/elife.24655,2017-3-31,ROR IDs
10.7554/elife.05352,2014-12-23,ROR IDs
10.7554/elife.26607,2017-8-3,ROR IDs
10.7554/elife.24133,2017-6-6,ROR IDs
10.7554/elife.56235,2020-7-28,ROR IDs
10.7554/elife.24071,2017-3-29,ROR IDs
10.7554/elife.61991,2020-10-21,ROR IDs
10.7554/elife.18640,2016-8-24,ROR IDs
10.7554/elife.04871,2015-3-16,ROR IDs
10.7554/elife.24238,2017-1-31,ROR IDs
10.7554/elife.56122,2020-3-30,ROR IDs
10.7554/elife.42599,2019-10-9,ROR IDs
10.7554/elife.65512,2021-10-19,ROR IDs
10.7554/elife.69729,2021-12-13,ROR IDs
10.7554/elife.32679,2018-4-3,ROR IDs
10.7554/elife.34275,2018-6-26,ROR IDs
10.7554/elife.47650,2019-9-19,ROR IDs
10.7554/elife.40907,2018-10-3,ROR IDs
10.7554/elife.12473,2016-3-22,ROR IDs
10.7554/elife.71642,2021-9-1,ROR IDs
10.7554/elife.30038,2017-8-26,ROR IDs
10.7554/elife.39213,2018-10-2,ROR IDs
10.7554/elife.57683,2020-11-30,ROR IDs
10.7554/elife.00625,2013-3-26,ROR IDs
10.7554/elife.02069,2014-6-24,ROR IDs
10.7554/elife.69222,2021-9-30,ROR IDs
10.7554/elife.30224,2018-1-18,ROR IDs
10.7554/elife.49750,2019-12-17,ROR IDs
10.7554/elife.35800,2018-7-9,ROR IDs
10.7554/elife.31805,2018-1-19,ROR IDs
10.7554/elife.63166,2021-3-10,ROR IDs
10.7554/elife.47246,2019-7-31,ROR IDs
10.7554/elife.59026,2020-10-28,ROR IDs
10.7554/elife.54662,2020-6-25,ROR IDs
10.7554/elife.08378,2015-6-12,ROR IDs
10.7554/elife.08719,2015-9-24,ROR IDs
10.7554/elife.25384,2017-6-8,ROR IDs
10.7554/elife.23947,2017-7-25,ROR IDs
10.7554/elife.19358,2017-1-4,ROR IDs
10.7554/elife.20695,2016-12-2,ROR IDs
10.7554/elife.15675,2016-7-12,ROR IDs
10.7554/elife.16290,2016-8-23,ROR IDs
10.7554/elife.18981,2016-9-10,ROR IDs
10.7554/elife.15251,2016-6-15,ROR IDs
10.7554/elife.36157,2018-6-25,ROR IDs
10.7554/elife.36268,2018-7-17,ROR IDs
10.7554/elife.37382,2018-9-25,ROR IDs
10.7554/elife.42697,2019-4-30,ROR IDs
10.7554/elife.44838,2019-7-25,ROR IDs
10.7554/elife.42448,2019-6-27,ROR IDs
10.7554/elife.43531,2019-3-26,ROR IDs
10.7554/elife.55713,2020-8-24,ROR IDs
10.7554/elife.54172,2020-12-15,ROR IDs
10.7554/elife.55872,2020-12-1,ROR IDs
10.7554/elife.59495,2020-9-2,ROR IDs
10.7554/elife.56517,2020-8-18,ROR IDs
10.7554/elife.59282,2020-9-23,ROR IDs
10.7554/elife.58775,2021-6-1,ROR IDs
10.7554/elife.58515,2020-6-3,ROR IDs
10.7554/elife.58629,2020-7-17,ROR IDs
10.7554/elife.57268,2020-8-4,ROR IDs
10.7554/elife.73401,2022-1-14,ROR IDs
10.7554/elife.73488,2022-1-7,ROR IDs
10.7554/elife.71966,2021-10-12,ROR IDs
10.7554/elife.70471,2021-10-11,ROR IDs
10.7554/elife.70130,2021-11-9,ROR IDs
10.7554/elife.70541,2021-8-31,ROR IDs
10.7554/elife.72976,2021-12-1,ROR IDs
10.7554/elife.38981,2018-7-25,ROR IDs
10.7554/elife.40585,2019-2-25,ROR IDs
10.7554/elife.39729,2018-10-1,ROR IDs
10.7554/elife.47606,2019-10-1,ROR IDs
10.7554/elife.49319,2019-10-7,ROR IDs
10.7554/elife.49808,2020-3-19,ROR IDs
10.7554/elife.46726,2019-7-19,ROR IDs
10.7554/elife.60515,2021-3-19,ROR IDs
10.7554/elife.62312,2021-2-25,ROR IDs
10.7554/elife.61488,2020-11-2,ROR IDs
10.7554/elife.60438,2020-7-7,ROR IDs
10.7554/elife.64478,2021-3-8,ROR IDs
10.7554/elife.62209,2021-1-6,ROR IDs
10.7554/elife.63855,2020-12-15,ROR IDs
10.7554/elife.65574,2021-8-17,ROR IDs
10.7554/elife.62014,2020-11-25,ROR IDs
10.7554/elife.65437,2021-12-15,ROR IDs
10.7554/elife.62449,2021-3-1,ROR IDs
10.7554/elife.69317,2021-7-29,ROR IDs
10.7554/elife.71689,2021-12-17,ROR IDs
10.7554/elife.61050,2020-11-27,ROR IDs
10.7554/elife.00999,2013-10-15,ROR IDs
10.7554/elife.24419,2017-4-11,ROR IDs
10.7554/elife.25808,2017-5-23,ROR IDs
10.7554/elife.25956,2017-5-2,ROR IDs
10.7554/elife.27210,2017-7-25,ROR IDs
10.7554/elife.26691,2017-6-16,ROR IDs
10.7554/elife.11712,2016-2-2,ROR IDs
10.7554/elife.11405,2016-11-14,ROR IDs
10.7554/elife.10965,2016-4-22,ROR IDs
10.7554/elife.14294,2016-4-8,ROR IDs
10.7554/elife.14313,2016-5-25,ROR IDs
10.7554/elife.12626,2016-2-26,ROR IDs
10.7554/elife.32579,2018-3-28,ROR IDs
10.7554/elife.30352,2017-10-5,ROR IDs
10.7554/elife.33337,2018-10-4,ROR IDs
10.7554/elife.04415,2014-12-8,ROR IDs
10.7554/elife.05473,2015-4-17,ROR IDs
10.7554/elife.07643,2015-7-28,ROR IDs
10.7554/elife.05896,2015-2-3,ROR IDs
10.7554/elife.58081,2020-9-16,ROR IDs
10.7554/elife.59540,2021-3-11,ROR IDs
10.7554/elife.61330,2020-9-15,ROR IDs
10.7554/elife.27356,2017-10-18,ROR IDs
10.7554/elife.67290,2021-6-21,ROR IDs
10.7554/elife.36494,2018-8-21,ROR IDs
10.7554/elife.49038,2019-11-6,ROR IDs
10.7554/elife.57354,2020-7-13,ROR IDs
10.7554/elife.31919,2018-3-20,ROR IDs
10.7554/elife.50749,2019-12-12,ROR IDs
10.7554/elife.64213,2021-5-4,ROR IDs
10.7554/elife.16039,2016-6-28,ROR IDs
10.7554/elife.39440,2018-10-15,ROR IDs
10.7554/elife.25068,2017-4-21,ROR IDs
10.7554/elife.22896,2017-3-28,ROR IDs
10.7554/elife.29503,2017-8-1,ROR IDs
10.7554/elife.63697,2021-3-30,ROR IDs
10.7554/elife.64449,2021-7-30,ROR IDs
10.7554/elife.00109,2012-12-13,ROR IDs
10.7554/elife.17181,2016-4-27,ROR IDs
10.7554/elife.19887,2016-11-18,ROR IDs
10.7554/elife.05087,2014-10-13,ROR IDs
10.7554/elife.05394,2014-11-7,ROR IDs
10.7554/elife.06951,2015-6-19,ROR IDs
10.7554/elife.101107,2024-7-1,ROR IDs
10.7554/elife.107998,2025-6-11,ROR IDs
10.7554/elife.86017,2023-1-11,ROR IDs
10.7554/elife.32696,2018-6-18,ROR IDs
10.7554/elife.90408,2023-8-8,ROR IDs
10.7554/elife.96183,2024-1-22,ROR IDs
10.7554/elife.27451,2017-8-25,ROR IDs
10.7554/elife.33307,2017-11-8,ROR IDs
10.7554/elife.34460,2018-4-23,ROR IDs
10.7554/elife.34752,2018-1-8,ROR IDs
10.7554/elife.43237,2018-11-12,ROR IDs
10.7554/elife.46735,2019-6-26,ROR IDs
10.7554/elife.47313,2019-8-8,ROR IDs
10.7554/elife.48097,2019-12-23,ROR IDs
10.7554/elife.56968,2020-3-18,ROR IDs
10.7554/elife.65744,2020-12-16,ROR IDs
10.7554/elife.52155,2020-3-9,ROR IDs
10.7554/elife.60376,2020-12-29,ROR IDs
10.7554/elife.69109,2022-1-5,ROR IDs
10.7554/elife.15690,2016-5-5,ROR IDs
10.7554/elife.31098,2018-1-23,ROR IDs
10.7554/elife.50843,2020-1-8,ROR IDs
10.7554/elife.43022,2018-11-21,ROR IDs
10.7554/elife.49252,2019-8-27,ROR IDs
10.7554/elife.25784,2017-9-19,ROR IDs
10.7554/elife.10757,2016-1-9,ROR IDs
10.7554/elife.36806,2018-6-26,ROR IDs
10.7554/elife.02203,2014-5-20,ROR IDs
10.7554/elife.45185,2019-6-17,ROR IDs
10.7554/elife.27420,2017-9-14,ROR IDs
10.7554/elife.10851,2016-2-4,ROR IDs
10.7554/elife.39866,2018-11-7,ROR IDs
10.7554/elife.70794,2021-11-9,ROR IDs
10.7554/elife.47098,2019-5-7,ROR IDs
10.7554/elife.45415,2019-7-9,ROR IDs
10.7554/elife.48526,2019-11-27,ROR IDs
10.7554/elife.40472,2019-2-18,ROR IDs
10.7554/elife.61736,2021-3-30,ROR IDs
10.7554/elife.33381,2018-7-19,ROR IDs
10.7554/elife.02999,2014-11-4,ROR IDs
10.7554/elife.55241,2020-5-13,ROR IDs
10.7554/elife.49248,2019-9-18,ROR IDs
10.7554/elife.61834,2020-11-10,ROR IDs
10.7554/elife.52504,2020-2-12,ROR IDs
10.7554/elife.11282,2015-12-11,ROR IDs
10.7554/elife.54792,2021-2-3,ROR IDs
10.7554/elife.64930,2021-5-5,ROR IDs
10.7554/elife.25916,2017-5-13,ROR IDs
10.7554/elife.49956,2019-11-27,ROR IDs
10.7554/elife.63711,2021-5-20,ROR IDs
10.7554/elife.41266,2019-6-21,ROR IDs
10.7554/elife.49708,2019-12-19,ROR IDs
10.7554/elife.07296,2015-6-23,ROR IDs
10.7554/elife.60095,2021-1-28,ROR IDs
10.7554/elife.60132,2020-12-11,ROR IDs
10.7554/elife.79342,2023-1-27,ROR IDs
10.7554/elife.10036,2015-10-19,ROR IDs
10.7554/elife.52611,2020-1-23,ROR IDs
10.7554/elife.03031,2014-5-27,ROR IDs
10.7554/elife.32943,2018-2-8,ROR IDs
10.7554/elife.44119,2019-4-3,ROR IDs
10.7554/elife.62210,2020-11-25,ROR IDs
10.7554/elife.36557,2018-12-7,ROR IDs
10.7554/elife.24746,2017-3-14,ROR IDs
10.7554/elife.73522,2022-1-11,ROR IDs
10.7554/elife.05793,2015-8-11,ROR IDs
10.7554/elife.72409,2021-9-10,ROR IDs
10.7554/elife.40664,2018-12-11,ROR IDs
10.7554/elife.30054,2017-12-19,ROR IDs
10.7554/elife.55954,2020-6-8,ROR IDs
10.7554/elife.57874,2020-9-25,ROR IDs
10.7554/elife.55684,2020-8-4,ROR IDs
10.7554/elife.16443,2016-8-23,ROR IDs
10.7554/elife.19893,2017-4-28,ROR IDs
10.7554/elife.29809,2017-11-14,ROR IDs
10.7554/elife.23061,2017-2-4,ROR IDs
10.7554/elife.50989,2019-11-12,ROR IDs
10.7554/elife.29736,2017-10-10,ROR IDs
10.7554/elife.11620,2015-12-16,ROR IDs
10.7554/elife.67092,2021-5-25,ROR IDs
10.7554/elife.48904,2019-10-22,ROR IDs
10.7554/elife.42541,2019-3-18,ROR IDs
10.7554/elife.31558,2017-11-29,ROR IDs
10.7554/elife.44718,2019-6-20,ROR IDs
10.7554/elife.23611,2017-8-21,ROR IDs
10.7554/elife.57849,2021-5-4,ROR IDs
10.7554/elife.72202,2022-1-14,ROR IDs
10.7554/elife.33670,2018-4-26,ROR IDs
10.7554/elife.24728,2017-7-11,ROR IDs
10.7554/elife.66877,2021-9-7,ROR IDs
10.7554/elife.52687,2020-6-9,ROR IDs
10.7554/elife.47869,2019-8-23,ROR IDs
10.7554/elife.63282,2021-4-26,ROR IDs
10.7554/elife.65872,2021-8-25,ROR IDs
10.7554/elife.54493,2020-5-13,ROR IDs
10.7554/elife.61927,2021-7-30,ROR IDs
10.7554/elife.15716,2016-6-3,ROR IDs
10.7554/elife.28298,2017-10-12,ROR IDs
10.7554/elife.39495,2019-8-6,ROR IDs
10.7554/elife.61287,2020-9-28,ROR IDs
10.7554/elife.70992,2021-11-10,ROR IDs
10.7554/elife.22759,2017-4-21,ROR IDs
10.7554/elife.53051,2020-8-25,ROR IDs
10.7554/elife.34115,2018-5-14,ROR IDs
10.7554/elife.28362,2017-9-19,ROR IDs
10.7554/elife.56273,2020-6-24,ROR IDs
10.7554/elife.08025,2015-5-19,ROR IDs
10.7554/elife.55421,2020-8-11,ROR IDs
10.7554/elife.25755,2017-8-1,ROR IDs
10.7554/elife.11469,2016-2-22,ROR IDs
10.7554/elife.30395,2017-11-7,ROR IDs
10.7554/elife.48890,2019-12-24,ROR IDs
10.7554/elife.03766,2014-10-23,ROR IDs
10.7554/elife.64140,2021-6-4,ROR IDs
10.7554/elife.06265,2015-5-21,ROR IDs
10.7554/elife.39300,2018-10-17,ROR IDs
10.7554/elife.59520,2020-8-24,ROR IDs
10.7554/elife.05856,2015-6-17,ROR IDs
10.7554/elife.13998,2016-5-9,ROR IDs
10.7554/elife.55351,2020-5-11,ROR IDs
10.7554/elife.20532,2017-1-3,ROR IDs
10.7554/elife.41244,2019-10-17,ROR IDs
10.7554/elife.28635,2017-11-15,ROR IDs
10.7554/elife.09214,2015-11-17,ROR IDs
10.7554/elife.41770,2019-1-10,ROR IDs
10.7554/elife.70092,2021-10-14,ROR IDs
10.7554/elife.31311,2017-10-6,ROR IDs
10.7554/elife.47138,2019-8-16,ROR IDs
10.7554/elife.42508,2019-2-4,ROR IDs
10.7554/elife.57149,2020-6-22,ROR IDs
10.7554/elife.73556,2021-12-20,ROR IDs
10.7554/elife.01963,2014-2-25,ROR IDs
10.7554/elife.54129,2020-2-17,ROR IDs
10.7554/elife.54216,2020-2-14,ROR IDs
10.7554/elife.59587,2020-6-10,ROR IDs
10.7554/elife.50210,2019-10-7,ROR IDs
10.7554/elife.75862,2021-12-13,ROR IDs
10.7554/elife.06430,2015-2-16,ROR IDs
10.7554/elife.01029,2013-7-2,ROR IDs
10.7554/elife.41229,2018-9-28,ROR IDs
10.7554/elife.65360,2021-1-27,ROR IDs
10.7554/elife.18243,2016-7-7,ROR IDs
10.7554/elife.18365,2016-7-12,ROR IDs
10.7554/elife.25996,2017-3-17,ROR IDs
10.7554/elife.00659,2013-4-9,ROR IDs
10.7554/elife.08166,2015-5-27,ROR IDs
10.7554/elife.26942,2017-4-25,ROR IDs
10.7554/elife.34427,2018-1-24,ROR IDs
10.7554/elife.05427,2014-11-26,ROR IDs
10.7554/elife.36649,2018-4-18,ROR IDs
10.7554/elife.41926,2018-9-20,ROR IDs
10.7554/elife.36662,2018-4-24,ROR IDs
10.7554/elife.30599,2017-8-14,ROR IDs
10.7554/elife.31911,2017-10-24,ROR IDs
10.7554/elife.02475,2014-3-12,ROR IDs
10.7554/elife.47019,2019-4-30,ROR IDs
10.7554/elife.72557,2021-10-26,ROR IDs
10.7554/elife.21407,2016-12-20,ROR IDs
10.7554/elife.18501,2016-10-3,ROR IDs
10.7554/elife.71402,2021-11-9,ROR IDs
10.7554/elife.68344,2022-1-6,ROR IDs
10.7554/elife.56193,2020-6-4,ROR IDs
10.7554/elife.19236,2016-11-2,ROR IDs
10.7554/elife.70729,2021-12-10,ROR IDs
10.7554/elife.13405,2016-3-7,ROR IDs
10.7554/elife.20143,2016-11-9,ROR IDs
10.7554/elife.35946,2018-5-4,ROR IDs
10.7554/elife.67437,2021-6-22,ROR IDs
10.7554/elife.38472,2018-11-9,ROR IDs
10.7554/elife.42747,2019-4-1,ROR IDs
10.7554/elife.66304,2021-6-21,ROR IDs
10.7554/elife.50616,2019-12-13,ROR IDs
10.7554/elife.61407,2021-6-18,ROR IDs
10.7554/elife.24665,2017-4-7,ROR IDs
10.7554/elife.22706,2017-4-11,ROR IDs
10.7554/elife.39762,2018-8-14,ROR IDs
10.7554/elife.01138,2013-7-16,ROR IDs
10.7554/elife.60080,2020-7-23,ROR IDs
10.7554/elife.04246,2014-9-2,ROR IDs
10.7554/elife.58990,2020-10-12,ROR IDs
10.7554/elife.54721,2020-5-5,ROR IDs
10.7554/elife.61951,2021-2-15,ROR IDs
10.7554/elife.03116,2014-12-15,ROR IDs
10.7554/elife.49374,2019-9-24,ROR IDs
10.7554/elife.42989,2019-6-25,ROR IDs
10.7554/elife.60326,2021-3-10,ROR IDs
10.7554/elife.61675,2020-10-29,ROR IDs
10.7554/elife.53322,2020-1-15,ROR IDs
10.7554/elife.37688,2018-11-7,ROR IDs
10.7554/elife.03753,2015-1-30,ROR IDs
10.7554/elife.49758,2020-7-29,ROR IDs
10.7554/elife.66747,2021-5-4,ROR IDs
10.7554/elife.20922,2017-2-27,ROR IDs
10.7554/elife.62199,2020-10-19,ROR IDs
10.7554/elife.62307,2020-12-8,ROR IDs
10.7554/elife.68563,2021-12-6,ROR IDs
10.7554/elife.03971,2015-1-26,ROR IDs
10.7554/elife.52465,2019-12-16,ROR IDs
10.7554/elife.29391,2017-11-4,ROR IDs
10.7554/elife.48885,2020-1-14,ROR IDs
10.7554/elife.44791,2019-5-2,ROR IDs
10.7554/elife.51481,2019-10-29,ROR IDs
10.7554/elife.13451,2016-9-26,ROR IDs
10.7554/elife.12352,2016-2-18,ROR IDs
10.7554/elife.33415,2017-12-29,ROR IDs
10.7554/elife.47314,2019-8-20,ROR IDs
10.7554/elife.09436,2015-10-24,ROR IDs
10.7554/elife.28909,2017-9-19,ROR IDs
10.7554/elife.34560,2018-2-21,ROR IDs
10.7554/elife.71052,2021-12-23,ROR IDs
10.7554/elife.12902,2016-3-16,ROR IDs
10.7554/elife.29107,2017-7-20,ROR IDs
10.7554/elife.57341,2020-9-2,ROR IDs
10.7554/elife.53913,2020-6-2,ROR IDs
10.7554/elife.03564,2014-10-20,ROR IDs
10.7554/elife.65651,2021-7-21,ROR IDs
10.7554/elife.65836,2021-4-6,ROR IDs
10.7554/elife.21864,2016-10-31,ROR IDs
10.7554/elife.45040,2019-6-25,ROR IDs
10.7554/elife.31656,2018-2-26,ROR IDs
10.7554/elife.11752,2016-2-1,ROR IDs
10.7554/elife.22238,2016-11-23,ROR IDs
10.7554/elife.52558,2020-8-14,ROR IDs
10.7554/elife.60745,2021-6-25,ROR IDs
10.7554/elife.32167,2018-7-25,ROR IDs
10.7554/elife.20985,2016-12-20,ROR IDs
10.7554/elife.05553,2014-12-12,ROR IDs
10.7554/elife.02945,2014-4-16,ROR IDs
10.7554/elife.04288,2014-12-9,ROR IDs
10.7554/elife.109449,2025-10-15,ROR IDs
10.7554/elife.13222,2016-2-17,ROR IDs
10.7554/elife.22214,2016-10-20,ROR IDs
10.7554/elife.05462,2015-5-8,ROR IDs
10.7554/elife.07586,2015-3-24,ROR IDs
10.7554/elife.08656,2015-5-18,ROR IDs
10.7554/elife.72438,2021-7-26,ROR IDs
10.7554/elife.74046,2021-9-23,ROR IDs
10.7554/elife.77091,2022-1-28,ROR IDs
10.7554/elife.79475,2022-4-26,ROR IDs
10.7554/elife.50707,2019-8-5,ROR IDs
10.7554/elife.55388,2020-7-9,ROR IDs
10.7554/elife.24506,2016-12-30,ROR IDs
10.7554/elife.24779,2017-12-11,ROR IDs
10.7554/elife.27301,2017-8-18,ROR IDs
10.7554/elife.29100,2017-10-24,ROR IDs
10.7554/elife.32902,2017-10-19,ROR IDs
10.7554/elife.94481,2023-11-20,ROR IDs
10.7554/elife.98284,2024-3-28,ROR IDs
10.7554/elife.57090,2021-9-28,ROR IDs
10.7554/elife.60141,2020-6-18,ROR IDs
10.7554/elife.60710,2021-1-28,ROR IDs
10.7554/elife.49041,2019-9-10,ROR IDs
10.7554/elife.18605,2016-9-13,ROR IDs
10.7554/elife.07103,2015-6-23,ROR IDs
10.7554/elife.09960,2015-9-24,ROR IDs
10.7554/elife.32058,2018-3-13,ROR IDs
10.7554/elife.05557,2015-3-31,ROR IDs
10.7554/elife.36402,2018-7-3,ROR IDs
10.7554/elife.41800,2019-1-23,ROR IDs
10.7554/elife.08890,2015-12-19,ROR IDs
10.7554/elife.39233,2018-11-1,ROR IDs
10.7554/elife.72477,2021-11-30,ROR IDs
10.7554/elife.64893,2021-9-14,ROR IDs
10.7554/elife.05457,2015-4-14,ROR IDs
10.7554/elife.61446,2020-9-7,ROR IDs
10.7554/elife.47864,2019-9-19,ROR IDs
10.7554/elife.61076,2020-12-4,ROR IDs
10.7554/elife.07192,2015-7-3,ROR IDs
10.7554/elife.53403,2020-5-5,ROR IDs
10.7554/elife.09215,2015-12-10,ROR IDs
10.7554/elife.48056,2019-9-23,ROR IDs
10.7554/elife.26832,2018-5-1,ROR IDs
10.7554/elife.31926,2017-10-20,ROR IDs
10.7554/elife.19493,2017-1-13,ROR IDs
10.7554/elife.47691,2019-6-19,ROR IDs
10.7554/elife.74557,2022-2-4,ROR IDs
10.7554/elife.60908,2020-9-10,ROR IDs
10.7554/elife.61451,2020-12-1,ROR IDs
10.7554/elife.67396,2021-11-16,ROR IDs
10.7554/elife.66463,2021-6-17,ROR IDs
10.7554/elife.08722,2015-10-17,ROR IDs
10.7554/elife.09656,2015-11-12,ROR IDs
10.7554/elife.08488,2015-9-22,ROR IDs
10.7554/elife.07607,2015-7-30,ROR IDs
10.7554/elife.08500,2015-10-31,ROR IDs
10.7554/elife.08153,2015-9-1,ROR IDs
10.7554/elife.72787,2021-9-13,ROR IDs
10.7554/elife.15507,2016-4-13,ROR IDs
10.7554/elife.23217,2017-3-2,ROR IDs
10.7554/elife.23194,2017-6-28,ROR IDs
10.7554/elife.25257,2017-3-17,ROR IDs
10.7554/elife.20731,2017-4-25,ROR IDs
10.7554/elife.20198,2016-12-15,ROR IDs
10.7554/elife.25762,2017-7-11,ROR IDs
10.7554/elife.17850,2016-11-17,ROR IDs
10.7554/elife.18173,2017-1-19,ROR IDs
10.7554/elife.18542,2016-10-20,ROR IDs
10.7554/elife.21415,2017-5-17,ROR IDs
10.7554/elife.19377,2016-12-23,ROR IDs
10.7554/elife.16572,2016-7-25,ROR IDs
10.7554/elife.74005,2021-11-2,ROR IDs
10.7554/elife.62917,2021-6-4,ROR IDs
10.7554/elife.61866,2020-12-30,ROR IDs
10.7554/elife.62001,2021-8-16,ROR IDs
10.7554/elife.63768,2021-3-31,ROR IDs
10.7554/elife.60031,2020-11-10,ROR IDs
10.7554/elife.58654,2020-8-12,ROR IDs
10.7554/elife.59209,2020-8-17,ROR IDs
10.7554/elife.67171,2021-4-16,ROR IDs
10.7554/elife.67195,2021-9-7,ROR IDs
10.7554/elife.68592,2021-9-1,ROR IDs
10.7554/elife.69184,2021-9-27,ROR IDs
10.7554/elife.63129,2021-12-3,ROR IDs
10.7554/elife.62117,2021-1-22,ROR IDs
10.7554/elife.60988,2021-5-11,ROR IDs
10.7554/elife.72692,2021-11-8,ROR IDs
10.7554/elife.70307,2021-7-29,ROR IDs
10.7554/elife.72116,2021-10-25,ROR IDs
10.7554/elife.47214,2019-11-18,ROR IDs
10.7554/elife.68955,2021-7-22,ROR IDs
10.7554/elife.71588,2022-1-5,ROR IDs
10.7554/elife.63284,2021-2-2,ROR IDs
10.7554/elife.64241,2021-4-6,ROR IDs
10.7554/elife.55342,2020-5-18,ROR IDs
10.7554/elife.55619,2020-7-28,ROR IDs
10.7554/elife.57468,2020-8-13,ROR IDs
10.7554/elife.59548,2020-9-9,ROR IDs
10.7554/elife.54916,2020-11-9,ROR IDs
10.7554/elife.56059,2020-11-2,ROR IDs
10.7554/elife.51977,2020-4-14,ROR IDs
10.7554/elife.50054,2019-9-30,ROR IDs
10.7554/elife.55571,2020-6-29,ROR IDs
10.7554/elife.54858,2021-4-7,ROR IDs
10.7554/elife.49511,2019-11-12,ROR IDs
10.7554/elife.56914,2020-11-17,ROR IDs
10.7554/elife.52649,2019-12-18,ROR IDs
10.7554/elife.55435,2020-4-7,ROR IDs
10.7554/elife.11685,2016-5-6,ROR IDs
10.7554/elife.14925,2016-5-23,ROR IDs
10.7554/elife.16352,2016-8-18,ROR IDs
10.7554/elife.12534,2016-2-11,ROR IDs
10.7554/elife.12765,2016-5-26,ROR IDs
10.7554/elife.13087,2016-7-19,ROR IDs
10.7554/elife.14155,2016-6-1,ROR IDs
10.7554/elife.15015,2016-7-7,ROR IDs
10.7554/elife.03468,2014-9-2,ROR IDs
10.7554/elife.04969,2014-12-8,ROR IDs
10.7554/elife.05875,2015-3-17,ROR IDs
10.7554/elife.06029,2015-3-30,ROR IDs
10.7554/elife.03701,2014-10-21,ROR IDs
10.7554/elife.03764,2014-11-18,ROR IDs
10.7554/elife.04106,2014-12-10,ROR IDs
10.7554/elife.39756,2018-11-21,ROR IDs
10.7554/elife.41901,2018-10-15,ROR IDs
10.7554/elife.46275,2019-9-9,ROR IDs
10.7554/elife.46515,2019-7-8,ROR IDs
10.7554/elife.44700,2019-5-7,ROR IDs
10.7554/elife.01684,2014-4-8,ROR IDs
10.7554/elife.00863,2013-8-20,ROR IDs
10.7554/elife.02109,2014-3-18,ROR IDs
10.7554/elife.01326,2013-12-10,ROR IDs
10.7554/elife.34338,2018-4-5,ROR IDs
10.7554/elife.31640,2018-1-17,ROR IDs
10.7554/elife.37373,2018-12-11,ROR IDs
10.7554/elife.35988,2018-6-13,ROR IDs
10.7554/elife.35330,2018-3-23,ROR IDs
10.7554/elife.38062,2018-12-31,ROR IDs
10.7554/elife.29839,2017-9-25,ROR IDs
10.7554/elife.28132,2017-12-15,ROR IDs
10.7554/elife.30134,2018-3-20,ROR IDs
10.7554/elife.47676,2019-10-17,ROR IDs
10.7554/elife.51168,2020-2-11,ROR IDs
10.7554/elife.69433,2021-11-4,ROR IDs
10.7554/elife.27566,2017-7-13,ROR IDs
10.7554/elife.32282,2018-2-22,ROR IDs
10.7554/elife.11288,2016-3-17,ROR IDs
10.7554/elife.69708,2021-7-6,ROR IDs
10.7554/elife.40988,2019-1-25,ROR IDs
10.7554/elife.51184,2019-11-29,ROR IDs
10.7554/elife.36898,2018-8-6,ROR IDs
10.7554/elife.35450,2018-8-13,ROR IDs
10.7554/elife.39028,2018-10-3,ROR IDs
10.7554/elife.65243,2021-1-15,ROR IDs
10.7554/elife.25827,2017-4-19,ROR IDs
10.7554/elife.40548,2018-12-6,ROR IDs
10.7554/elife.69549,2021-8-3,ROR IDs
10.7554/elife.62019,2021-4-20,ROR IDs
10.7554/elife.09594,2015-11-2,ROR IDs
10.7554/elife.41301,2018-11-30,ROR IDs
10.7554/elife.71557,2021-9-9,ROR IDs
10.7554/elife.52757,2020-2-19,ROR IDs
10.7554/elife.38471,2019-2-5,ROR IDs
10.7554/elife.62863,2022-1-21,ROR IDs
10.7554/elife.48694,2019-12-19,ROR IDs
10.7554/elife.56916,2020-9-17,ROR IDs
10.7554/elife.15978,2016-7-7,ROR IDs
10.7554/elife.34031,2018-3-23,ROR IDs
10.7554/elife.59791,2021-5-24,ROR IDs
10.7554/elife.27402,2017-9-8,ROR IDs
10.7554/elife.40532,2018-12-19,ROR IDs
10.7554/elife.73193,2021-10-12,ROR IDs
10.7554/elife.15099,2016-6-10,ROR IDs
10.7554/elife.01917,2014-3-12,ROR IDs
10.7554/elife.42101,2019-2-4,ROR IDs
10.7554/elife.30952,2017-11-14,ROR IDs
10.7554/elife.51271,2020-2-11,ROR IDs
10.7554/elife.61635,2020-12-10,ROR IDs
10.7554/elife.38242,2018-12-20,ROR IDs
10.7554/elife.39925,2018-12-5,ROR IDs
10.7554/elife.56801,2020-5-21,ROR IDs
10.7554/elife.60577,2021-2-5,ROR IDs
10.7554/elife.28766,2017-10-25,ROR IDs
10.7554/elife.32340,2018-3-14,ROR IDs
10.7554/elife.30927,2017-11-15,ROR IDs
10.7554/elife.18082,2016-9-6,ROR IDs
10.7554/elife.03498,2014-9-23,ROR IDs
10.7554/elife.32721,2018-1-25,ROR IDs
10.7554/elife.00966,2013-10-22,ROR IDs
10.7554/elife.66466,2021-6-28,ROR IDs
10.7554/elife.61467,2020-11-16,ROR IDs
10.7554/elife.50259,2019-10-1,ROR IDs
10.7554/elife.54781,2020-5-5,ROR IDs
10.7554/elife.65161,2021-2-9,ROR IDs
10.7554/elife.67018,2021-8-20,ROR IDs
10.7554/elife.70692,2021-9-13,ROR IDs
10.7554/elife.26686,2017-9-19,ROR IDs
10.7554/elife.43322,2019-1-22,ROR IDs
10.7554/elife.27670,2017-6-27,ROR IDs
10.7554/elife.11792,2016-4-1,ROR IDs
10.7554/elife.55008,2020-5-12,ROR IDs
10.7554/elife.27417,2017-9-14,ROR IDs
10.7554/elife.69324,2021-10-12,ROR IDs
10.7554/elife.50903,2019-11-12,ROR IDs
10.7554/elife.56945,2020-6-26,ROR IDs
10.7554/elife.33014,2018-3-27,ROR IDs
10.7554/elife.60889,2021-3-3,ROR IDs
10.7554/elife.55365,2020-4-27,ROR IDs
10.7554/elife.03526,2014-10-3,ROR IDs
10.7554/elife.58943,2020-7-13,ROR IDs
10.7554/elife.34488,2018-6-20,ROR IDs
10.7554/elife.30552,2017-11-22,ROR IDs
10.7554/elife.73601,2021-12-15,ROR IDs
10.7554/elife.46497,2019-9-3,ROR IDs
10.7554/elife.61965,2020-11-6,ROR IDs
10.7554/elife.51913,2019-12-5,ROR IDs
10.7554/elife.43002,2019-3-7,ROR IDs
10.7554/elife.56621,2020-5-27,ROR IDs
10.7554/elife.10034,2015-9-8,ROR IDs
10.7554/elife.08709,2015-8-25,ROR IDs
10.7554/elife.35962,2018-5-3,ROR IDs
10.7554/elife.47380,2020-2-12,ROR IDs
10.7554/elife.04247,2014-12-2,ROR IDs
10.7554/elife.29330,2017-12-12,ROR IDs
10.7554/elife.22626,2017-11-9,ROR IDs
10.7554/elife.05224,2015-3-16,ROR IDs
10.7554/elife.32332,2018-3-21,ROR IDs
10.7554/elife.39643,2019-6-10,ROR IDs
10.7554/elife.65427,2021-3-2,ROR IDs
10.7554/elife.69270,2021-11-1,ROR IDs
10.7554/elife.18782,2016-12-13,ROR IDs
10.7554/elife.43775,2019-10-18,ROR IDs
10.7554/elife.20437,2017-3-16,ROR IDs
10.7554/elife.24560,2017-5-15,ROR IDs
10.7554/elife.63856,2021-2-8,ROR IDs
10.7554/elife.20795,2016-11-4,ROR IDs
10.7554/elife.07367,2015-4-28,ROR IDs
10.7554/elife.38846,2018-10-12,ROR IDs
10.7554/elife.00005,2012-10-30,ROR IDs
10.7554/elife.10565,2015-9-25,ROR IDs
10.7554/elife.61964,2020-11-19,ROR IDs
10.7554/elife.69630,2021-8-17,ROR IDs
10.7554/elife.46267,2019-6-27,ROR IDs
10.7554/elife.27873,2017-9-28,ROR IDs
10.7554/elife.50346,2021-5-5,ROR IDs
10.7554/elife.07861,2015-7-14,ROR IDs
10.7554/elife.00102,2012-10-30,ROR IDs
10.7554/elife.67628,2021-5-5,ROR IDs
10.7554/elife.32111,2018-2-6,ROR IDs
10.7554/elife.65722,2021-3-15,ROR IDs
10.7554/elife.13410,2016-7-26,ROR IDs
10.7554/elife.62850,2020-12-22,ROR IDs
10.7554/elife.74282,2021-12-9,ROR IDs
10.7554/elife.14472,2016-6-14,ROR IDs
10.7554/elife.00291,2013-2-19,ROR IDs
10.7554/elife.10747,2016-2-2,ROR IDs
10.7554/elife.57646,2021-1-12,ROR IDs
10.7554/elife.46070,2019-7-8,ROR IDs
10.7554/elife.41968,2018-11-27,ROR IDs
10.7554/elife.38327,2018-8-17,ROR IDs
10.7554/elife.59258,2020-12-8,ROR IDs
10.7554/elife.47441,2019-10-29,ROR IDs
10.7554/elife.18103,2016-10-25,ROR IDs
10.7554/elife.61722,2021-1-8,ROR IDs
10.7554/elife.46206,2020-3-10,ROR IDs
10.7554/elife.05033,2015-2-26,ROR IDs
10.7554/elife.34772,2018-6-7,ROR IDs
10.7554/elife.41178,2018-9-17,ROR IDs
10.7554/elife.19823,2016-8-25,ROR IDs
10.7554/elife.24896,2017-2-6,ROR IDs
10.7554/elife.02008,2014-4-24,ROR IDs
10.7554/elife.08627,2015-8-24,ROR IDs
10.7554/elife.52525,2020-4-21,ROR IDs
10.7554/elife.60771,2020-11-19,ROR IDs
10.7554/elife.60381,2021-9-20,ROR IDs
10.7554/elife.65682,2021-10-21,ROR IDs
10.7554/elife.65856,2021-4-27,ROR IDs
10.7554/elife.70554,2021-11-2,ROR IDs
10.7554/elife.41378,2018-12-6,ROR IDs
10.7554/elife.49872,2019-10-28,ROR IDs
10.7554/elife.55414,2020-5-29,ROR IDs
10.7554/elife.44552,2019-2-26,ROR IDs
10.7554/elife.51822,2020-1-7,ROR IDs
10.7554/elife.54170,2020-2-21,ROR IDs
10.7554/elife.70322,2021-7-28,ROR IDs
10.7554/elife.31132,2017-12-19,ROR IDs
10.7554/elife.34593,2018-8-7,ROR IDs
10.7554/elife.21374,2017-5-2,ROR IDs
10.7554/elife.60812,2020-12-15,ROR IDs
10.7554/elife.10721,2015-10-29,ROR IDs
10.7554/elife.18425,2016-9-22,ROR IDs
10.7554/elife.43387,2019-4-26,ROR IDs
10.7554/elife.39821,2018-12-5,ROR IDs
10.7554/elife.26057,2017-6-20,ROR IDs
10.7554/elife.09384,2015-9-25,ROR IDs
10.7554/elife.38517,2018-9-19,ROR IDs
10.7554/elife.58069,2020-11-12,ROR IDs
10.7554/elife.24232,2017-5-9,ROR IDs
10.7554/elife.19281,2016-9-20,ROR IDs
10.7554/elife.22526,2017-3-27,ROR IDs
10.7554/elife.53392,2020-8-3,ROR IDs
10.7554/elife.01623,2014-2-11,ROR IDs
10.7554/elife.55730,2020-12-14,ROR IDs
10.7554/elife.40698,2019-1-25,ROR IDs
10.7554/elife.02478,2014-6-16,ROR IDs
10.7554/elife.38519,2018-11-9,ROR IDs
10.7554/elife.59099,2020-8-10,ROR IDs
10.7554/elife.53755,2019-11-29,ROR IDs
10.7554/elife.14198,2016-6-21,ROR IDs
10.7554/elife.21920,2016-12-10,ROR IDs
10.7554/elife.36278,2018-10-30,ROR IDs
10.7554/elife.27696,2017-8-21,ROR IDs
10.7554/elife.59737,2020-7-21,ROR IDs
10.7554/elife.34273,2018-6-19,ROR IDs
10.7554/elife.40986,2018-12-18,ROR IDs
10.7554/elife.28948,2017-11-7,ROR IDs
10.7554/elife.03496,2014-7-22,ROR IDs
10.7554/elife.30198,2017-10-9,ROR IDs
10.7554/elife.20713,2016-11-15,ROR IDs
10.7554/elife.46314,2019-6-24,ROR IDs
10.7554/elife.26287,2017-4-10,ROR IDs
10.7554/elife.60874,2021-7-15,ROR IDs
10.7554/elife.63055,2021-1-27,ROR IDs
10.7554/elife.44471,2019-2-19,ROR IDs
10.7554/elife.46464,2019-8-14,ROR IDs
10.7554/elife.58511,2020-9-15,ROR IDs
10.7554/elife.50663,2019-11-1,ROR IDs
10.7554/elife.16463,2016-9-23,ROR IDs
10.7554/elife.38358,2018-8-28,ROR IDs
10.7554/elife.50051,2019-10-30,ROR IDs
10.7554/elife.21231,2017-4-7,ROR IDs
10.7554/elife.30294,2017-11-1,ROR IDs
10.7554/elife.44423,2019-6-3,ROR IDs
10.7554/elife.34783,2018-2-13,ROR IDs
10.7554/elife.50476,2020-2-17,ROR IDs
10.7554/elife.09623,2015-10-5,ROR IDs
10.7554/elife.48460,2020-1-28,ROR IDs
10.7554/elife.32402,2018-2-8,ROR IDs
10.7554/elife.56640,2020-4-16,ROR IDs
10.7554/elife.03273,2014-8-12,ROR IDs
10.7554/elife.34965,2018-3-23,ROR IDs
10.7554/elife.09590,2015-8-14,ROR IDs
10.7554/elife.08638,2015-10-1,ROR IDs
10.7554/elife.73611,2022-1-27,ROR IDs
10.7554/elife.36021,2018-7-25,ROR IDs
10.7554/elife.41896,2019-6-17,ROR IDs
10.7554/elife.06351,2015-2-12,ROR IDs
10.7554/elife.06782,2015-3-3,ROR IDs
10.7554/elife.31816,2017-10-6,ROR IDs
10.7554/elife.66506,2021-3-2,ROR IDs
10.7554/elife.70548,2021-6-24,ROR IDs
10.7554/elife.70947,2021-7-6,ROR IDs
10.7554/elife.07808,2015-5-5,ROR IDs
10.7554/elife.32016,2017-9-28,ROR IDs
10.7554/elife.11665,2015-10-21,ROR IDs
10.7554/elife.11509,2015-10-16,ROR IDs
10.7554/elife.03285,2014-6-10,ROR IDs
10.7554/elife.58592,2020-6-9,ROR IDs
10.7554/elife.00866,2013-5-28,ROR IDs
10.7554/elife.50761,2019-9-13,ROR IDs
10.7554/elife.01515,2013-11-19,ROR IDs
10.7554/elife.01968,2013-12-31,ROR IDs
10.7554/elife.59630,2020-9-7,ROR IDs
10.7554/elife.54435,2020-3-4,ROR IDs
10.7554/elife.22013,2017-7-4,ROR IDs
10.7554/elife.41023,2019-4-16,ROR IDs
10.7554/elife.39879,2018-8-9,ROR IDs
10.7554/elife.42270,2018-12-18,ROR IDs
10.7554/elife.58142,2020-9-22,ROR IDs
10.7554/elife.65266,2021-4-13,ROR IDs
10.7554/elife.21070,2016-9-9,ROR IDs
10.7554/elife.17393,2016-5-13,ROR IDs
10.7554/elife.02511,2014-4-30,ROR IDs
10.7554/elife.04586,2015-1-26,ROR IDs
10.7554/elife.04664,2014-12-2,ROR IDs
10.7554/elife.04726,2015-2-9,ROR IDs
10.7554/elife.04105,2015-1-26,ROR IDs
10.7554/elife.45545,2019-6-13,ROR IDs
10.7554/elife.45210,2019-4-5,ROR IDs
10.7554/elife.07178,2015-9-11,ROR IDs
10.7554/elife.01567,2014-2-11,ROR IDs
10.7554/elife.42379,2018-12-18,ROR IDs
10.7554/elife.44057,2019-4-16,ROR IDs
10.7554/elife.43243,2019-9-19,ROR IDs
10.7554/elife.43476,2019-11-12,ROR IDs
10.7554/elife.42627,2019-3-19,ROR IDs
10.7554/elife.23584,2017-5-24,ROR IDs
10.7554/elife.28619,2017-11-10,ROR IDs
10.7554/elife.32155,2018-2-9,ROR IDs
10.7554/elife.38611,2018-10-5,ROR IDs
10.7554/elife.38621,2018-10-16,ROR IDs
10.7554/elife.36740,2018-7-31,ROR IDs
10.7554/elife.37059,2018-10-10,ROR IDs
10.7554/elife.38181,2018-9-4,ROR IDs
10.7554/elife.37563,2018-9-10,ROR IDs
10.7554/elife.12278,2016-4-22,ROR IDs
10.7554/elife.34773,2018-5-22,ROR IDs
10.7554/elife.35453,2018-8-29,ROR IDs
10.7554/elife.49784,2019-12-19,ROR IDs
10.7554/elife.52160,2020-1-8,ROR IDs
10.7554/elife.58981,2020-10-14,ROR IDs
10.7554/elife.56613,2020-5-13,ROR IDs
10.7554/elife.58128,2020-7-27,ROR IDs
10.7554/elife.50523,2020-1-27,ROR IDs
10.7554/elife.51247,2020-2-5,ROR IDs
10.7554/elife.54082,2020-9-9,ROR IDs
10.7554/elife.53016,2020-4-27,ROR IDs
10.7554/elife.58165,2020-7-24,ROR IDs
10.7554/elife.56725,2020-10-1,ROR IDs
10.7554/elife.58243,2020-5-29,ROR IDs
10.7554/elife.58984,2020-9-25,ROR IDs
10.7554/elife.58237,2020-9-15,ROR IDs
10.7554/elife.58213,2020-7-20,ROR IDs
10.7554/elife.59119,2021-2-15,ROR IDs
10.7554/elife.60462,2020-11-3,ROR IDs
10.7554/elife.70272,2021-8-19,ROR IDs
10.7554/elife.72937,2021-12-23,ROR IDs
10.7554/elife.63333,2021-3-1,ROR IDs
10.7554/elife.62501,2021-1-29,ROR IDs
10.7554/elife.06253,2015-3-30,ROR IDs
10.7554/elife.06266,2015-6-25,ROR IDs
10.7554/elife.06434,2015-7-31,ROR IDs
10.7554/elife.21589,2017-1-28,ROR IDs
10.7554/elife.21454,2016-11-28,ROR IDs
10.7554/elife.22283,2016-12-22,ROR IDs
10.7554/elife.14756,2016-11-18,ROR IDs
10.7554/elife.16009,2016-9-19,ROR IDs
10.7554/elife.14012,2016-7-19,ROR IDs
10.7554/elife.60607,2021-2-16,ROR IDs
10.7554/elife.71036,2021-8-13,ROR IDs
10.7554/elife.69544,2021-7-8,ROR IDs
10.7554/elife.54125,2020-6-30,ROR IDs
10.7554/elife.68656,2021-7-8,ROR IDs
10.7554/elife.64653,2021-8-5,ROR IDs
10.7554/elife.67635,2021-7-13,ROR IDs
10.7554/elife.36310,2018-10-12,ROR IDs
10.7554/elife.55615,2020-11-9,ROR IDs
10.7554/elife.65152,2021-7-5,ROR IDs
10.7554/elife.64812,2021-10-28,ROR IDs
10.7554/elife.66173,2021-3-29,ROR IDs
10.7554/elife.63049,2021-2-18,ROR IDs
10.7554/elife.07839,2015-7-20,ROR IDs
10.7554/elife.60259,2020-10-5,ROR IDs
10.7554/elife.33953,2018-5-15,ROR IDs
10.7554/elife.14592,2016-6-10,ROR IDs
10.7554/elife.10319,2015-10-31,ROR IDs
10.7554/elife.12620,2016-2-9,ROR IDs
10.7554/elife.53600,2020-6-18,ROR IDs
10.7554/elife.49769,2020-1-14,ROR IDs
10.7554/elife.60234,2020-10-26,ROR IDs
10.7554/elife.66125,2021-3-8,ROR IDs
10.7554/elife.40889,2018-8-31,ROR IDs
10.7554/elife.32637,2018-2-6,ROR IDs
10.7554/elife.27706,2018-12-3,ROR IDs
10.7554/elife.54506,2020-5-13,ROR IDs
10.7554/elife.73186,2021-11-1,ROR IDs
10.7554/elife.35690,2018-10-26,ROR IDs
10.7554/elife.67817,2021-4-13,ROR IDs
10.7554/elife.63102,2021-1-13,ROR IDs
10.7554/elife.52024,2020-1-6,ROR IDs
10.7554/elife.10778,2015-11-30,ROR IDs
10.7554/elife.37868,2018-10-16,ROR IDs
10.7554/elife.18414,2016-8-9,ROR IDs
10.7554/elife.40167,2018-12-18,ROR IDs
10.7554/elife.06953,2015-4-22,ROR IDs
10.7554/elife.31019,2018-2-22,ROR IDs
10.7554/elife.25844,2017-10-10,ROR IDs
10.7554/elife.63907,2021-1-4,ROR IDs
10.7554/elife.40969,2018-10-12,ROR IDs
10.7554/elife.36409,2018-5-10,ROR IDs
10.7554/elife.51027,2020-5-26,ROR IDs
10.7554/elife.36629,2018-5-29,ROR IDs
10.7554/elife.05178,2015-2-10,ROR IDs
10.7554/elife.53479,2020-4-20,ROR IDs
10.7554/elife.27293,2017-12-14,ROR IDs
10.7554/elife.21635,2016-9-24,ROR IDs
10.7554/elife.66234,2021-8-2,ROR IDs
10.7554/elife.73062,2021-9-30,ROR IDs
10.7554/elife.45839,2019-10-8,ROR IDs
10.7554/elife.00327,2013-3-5,ROR IDs
10.7554/elife.68341,2021-11-8,ROR IDs
10.7554/elife.28075,2017-7-28,ROR IDs
10.7554/elife.35449,2018-7-10,ROR IDs
10.7554/elife.71774,2021-10-18,ROR IDs
10.7554/elife.02758,2014-5-23,ROR IDs
10.7554/elife.20667,2017-2-7,ROR IDs
10.7554/elife.69302,2021-9-27,ROR IDs
10.7554/elife.12727,2016-3-24,ROR IDs
10.7554/elife.69032,2021-9-2,ROR IDs
10.7554/elife.42315,2019-5-14,ROR IDs
10.7554/elife.43587,2019-1-21,ROR IDs
10.7554/elife.48221,2019-9-25,ROR IDs
10.7554/elife.23361,2017-3-21,ROR IDs
10.7554/elife.55444,2020-8-26,ROR IDs
10.7554/elife.20818,2017-1-23,ROR IDs
10.7554/elife.24260,2017-9-8,ROR IDs
10.7554/elife.46259,2019-9-17,ROR IDs
10.7554/elife.04581,2014-12-23,ROR IDs
10.7554/elife.28080,2017-6-13,ROR IDs
10.7554/elife.44320,2019-7-29,ROR IDs
10.7554/elife.06203,2015-5-28,ROR IDs
10.7554/elife.67023,2021-6-24,ROR IDs
10.7554/elife.62520,2021-3-9,ROR IDs
10.7554/elife.33173,2017-10-31,ROR IDs
10.7554/elife.45572,2019-5-20,ROR IDs
10.7554/elife.99343,2024-5-7,ROR IDs
10.7554/elife.01221,2013-7-23,ROR IDs
10.7554/elife.01252,2013-7-23,ROR IDs
10.7554/elife.18706,2016-6-16,ROR IDs
10.7554/elife.05419,2014-11-7,ROR IDs
10.7554/elife.75743,2021-11-25,ROR IDs
10.7554/elife.77794,2022-2-18,ROR IDs
10.7554/elife.50980,2019-8-12,ROR IDs
10.7554/elife.60401,2020-6-30,ROR IDs
10.7554/elife.63695,2020-10-5,ROR IDs
10.7554/elife.65092,2021-12-7,ROR IDs
10.7554/elife.55794,2020-9-1,ROR IDs
10.7554/elife.22549,2017-4-11,ROR IDs
10.7554/elife.51998,2020-1-6,ROR IDs
10.7554/elife.19804,2016-11-29,ROR IDs
10.7554/elife.25950,2017-11-1,ROR IDs
10.7554/elife.68265,2021-8-31,ROR IDs
10.7554/elife.66175,2021-7-1,ROR IDs
10.7554/elife.04251,2015-1-6,ROR IDs
10.7554/elife.16970,2016-9-13,ROR IDs
10.7554/elife.39340,2018-9-25,ROR IDs
10.7554/elife.66393,2021-8-13,ROR IDs
10.7554/elife.68876,2021-7-28,ROR IDs
10.7554/elife.61581,2021-8-9,ROR IDs
10.7554/elife.08887,2015-12-17,ROR IDs
10.7554/elife.70164,2022-1-24,ROR IDs
10.7554/elife.68623,2021-11-15,ROR IDs
10.7554/elife.13662,2016-7-19,ROR IDs
10.7554/elife.17822,2016-11-14,ROR IDs
10.7554/elife.49720,2019-11-22,ROR IDs
10.7554/elife.02630,2014-6-24,ROR IDs
10.7554/elife.36852,2018-5-4,ROR IDs
10.7554/elife.06793,2015-6-4,ROR IDs
10.7554/elife.05154,2015-3-3,ROR IDs
10.7554/elife.70237,2021-12-21,ROR IDs
10.7554/elife.31668,2018-2-2,ROR IDs
10.7554/elife.62611,2020-11-25,ROR IDs
10.7554/elife.52091,2020-2-17,ROR IDs
10.7554/elife.30647,2017-9-19,ROR IDs
10.7554/elife.28899,2017-9-13,ROR IDs
10.7554/elife.00269,2013-3-26,ROR IDs
10.7554/elife.23907,2017-6-30,ROR IDs
10.7554/elife.02557,2014-4-29,ROR IDs
10.7554/elife.05255,2015-5-5,ROR IDs
10.7554/elife.55744,2020-9-22,ROR IDs
10.7554/elife.51139,2019-12-11,ROR IDs
10.7554/elife.29224,2017-12-14,ROR IDs
10.7554/elife.10421,2016-2-19,ROR IDs
10.7554/elife.71047,2021-8-3,ROR IDs
10.7554/elife.27786,2017-6-21,ROR IDs
10.7554/elife.32904,2018-4-10,ROR IDs
10.7554/elife.53229,2020-4-28,ROR IDs
10.7554/elife.70236,2021-10-8,ROR IDs
10.7554/elife.19113,2016-9-7,ROR IDs
10.7554/elife.25884,2017-10-16,ROR IDs
10.7554/elife.31486,2018-2-9,ROR IDs
10.7554/elife.63691,2021-2-19,ROR IDs
10.7554/elife.15266,2016-6-21,ROR IDs
10.7554/elife.23609,2017-4-25,ROR IDs
10.7554/elife.26726,2017-9-22,ROR IDs
10.7554/elife.70294,2021-11-25,ROR IDs
10.7554/elife.73586,2021-10-12,ROR IDs
10.7554/elife.76475,2022-2-9,ROR IDs
10.7554/elife.49828,2019-8-14,ROR IDs
10.7554/elife.21583,2016-10-25,ROR IDs
10.7554/elife.14076,2016-2-12,ROR IDs
10.7554/elife.05041,2014-11-11,ROR IDs
10.7554/elife.05218,2014-11-4,ROR IDs
10.7554/elife.52959,2019-12-10,ROR IDs
10.7554/elife.66850,2021-3-5,ROR IDs
10.7554/elife.10054,2015-8-14,ROR IDs
10.7554/elife.23624,2017-1-4,ROR IDs
10.7554/elife.45974,2019-3-8,ROR IDs
10.7554/elife.16598,2016-5-20,ROR IDs
10.7554/elife.42676,2018-11-6,ROR IDs
10.7554/elife.25858,2017-3-20,ROR IDs
10.7554/elife.25412,2017-3-15,ROR IDs
10.7554/elife.02747,2014-4-8,ROR IDs
10.7554/elife.00605,2013-3-20,ROR IDs
10.7554/elife.00903,2013-6-11,ROR IDs
10.7554/elife.12100,2015-11-6,ROR IDs
10.7554/elife.01516,2013-10-15,ROR IDs
10.7554/elife.73723,2021-10-14,ROR IDs
10.7554/elife.68979,2021-5-10,ROR IDs
10.7554/elife.64587,2020-12-21,ROR IDs
10.7554/elife.46033,2019-3-25,ROR IDs
10.7554/elife.37288,2018-5-16,ROR IDs
10.7554/elife.71974,2021-8-12,ROR IDs
10.7554/elife.38485,2019-2-18,ROR IDs
10.7554/elife.38446,2018-12-21,ROR IDs
10.7554/elife.49050,2019-12-18,ROR IDs
10.7554/elife.52788,2020-8-17,ROR IDs
10.7554/elife.53174,2021-8-27,ROR IDs
10.7554/elife.62963,2020-12-29,ROR IDs
10.7554/elife.64541,2021-3-19,ROR IDs
10.7554/elife.53462,2020-5-18,ROR IDs
10.7554/elife.53041,2020-4-14,ROR IDs
10.7554/elife.41028,2019-1-28,ROR IDs
10.7554/elife.37439,2018-7-13,ROR IDs
10.7554/elife.37571,2018-10-25,ROR IDs
10.7554/elife.46836,2019-8-6,ROR IDs
10.7554/elife.39932,2018-9-17,ROR IDs
10.7554/elife.43533,2019-4-30,ROR IDs
10.7554/elife.07420,2015-7-31,ROR IDs
10.7554/elife.09183,2015-10-30,ROR IDs
10.7554/elife.09394,2016-1-26,ROR IDs
10.7554/elife.55978,2020-9-2,ROR IDs
10.7554/elife.59853,2020-11-3,ROR IDs
10.7554/elife.64951,2021-7-2,ROR IDs
10.7554/elife.65770,2021-5-18,ROR IDs
10.7554/elife.61078,2021-7-16,ROR IDs
10.7554/elife.68217,2021-5-18,ROR IDs
10.7554/elife.69026,2021-10-12,ROR IDs
10.7554/elife.66022,2021-9-22,ROR IDs
10.7554/elife.68082,2021-5-27,ROR IDs
10.7554/elife.68203,2021-7-1,ROR IDs
10.7554/elife.66643,2021-7-27,ROR IDs
10.7554/elife.75010,2022-2-7,ROR IDs
10.7554/elife.66768,2021-7-27,ROR IDs
10.7554/elife.63930,2021-8-17,ROR IDs
10.7554/elife.67361,2021-11-9,ROR IDs
10.7554/elife.68080,2021-11-1,ROR IDs
10.7554/elife.66547,2021-9-3,ROR IDs
10.7554/elife.62374,2020-12-4,ROR IDs
10.7554/elife.71978,2021-12-9,ROR IDs
10.7554/elife.12264,2016-3-23,ROR IDs
10.7554/elife.11627,2016-2-8,ROR IDs
10.7554/elife.12994,2016-1-21,ROR IDs
10.7554/elife.16412,2016-7-14,ROR IDs
10.7554/elife.12242,2016-3-14,ROR IDs
10.7554/elife.45399,2019-3-22,ROR IDs
10.7554/elife.47699,2020-1-9,ROR IDs
10.7554/elife.52380,2020-3-31,ROR IDs
10.7554/elife.04801,2015-1-15,ROR IDs
10.7554/elife.03895,2014-11-13,ROR IDs
10.7554/elife.06554,2015-7-9,ROR IDs
10.7554/elife.06667,2015-6-15,ROR IDs
10.7554/elife.06156,2015-2-4,ROR IDs
10.7554/elife.05660,2015-4-28,ROR IDs
10.7554/elife.00220,2013-8-20,ROR IDs
10.7554/elife.32742,2017-12-19,ROR IDs
10.7554/elife.32692,2018-2-28,ROR IDs
10.7554/elife.31730,2018-3-6,ROR IDs
10.7554/elife.23743,2017-4-24,ROR IDs
10.7554/elife.25232,2017-4-7,ROR IDs
10.7554/elife.20357,2016-11-25,ROR IDs
10.7554/elife.22889,2017-4-22,ROR IDs
10.7554/elife.17977,2016-10-25,ROR IDs
10.7554/elife.18345,2016-10-5,ROR IDs
10.7554/elife.18931,2017-5-6,ROR IDs
10.7554/elife.18919,2016-12-6,ROR IDs
10.7554/elife.28474,2017-5-23,ROR IDs
10.7554/elife.28141,2017-8-24,ROR IDs
10.7554/elife.30560,2017-12-12,ROR IDs
10.7554/elife.07068,2015-9-15,ROR IDs
10.7554/elife.01140,2013-7-23,ROR IDs
10.7554/elife.01206,2013-12-24,ROR IDs
10.7554/elife.03502,2014-10-6,ROR IDs
10.7554/elife.02844,2014-6-24,ROR IDs
10.7554/elife.66709,2021-9-27,ROR IDs
10.7554/elife.51071,2020-2-14,ROR IDs
10.7554/elife.50974,2019-10-31,ROR IDs
10.7554/elife.39196,2018-10-22,ROR IDs
10.7554/elife.55585,2020-9-17,ROR IDs
10.7554/elife.17979,2016-9-22,ROR IDs
10.7554/elife.49206,2020-5-7,ROR IDs
10.7554/elife.39681,2018-12-18,ROR IDs
10.7554/elife.00248,2012-12-31,ROR IDs
10.7554/elife.48963,2020-4-9,ROR IDs
10.7554/elife.26439,2017-8-9,ROR IDs
10.7554/elife.53715,2020-8-21,ROR IDs
10.7554/elife.47596,2019-8-29,ROR IDs
10.7554/elife.35264,2018-3-16,ROR IDs
10.7554/elife.44590,2019-5-21,ROR IDs
10.7554/elife.01098,2013-10-29,ROR IDs
10.7554/elife.70838,2021-10-26,ROR IDs
10.7554/elife.59716,2020-10-22,ROR IDs
10.7554/elife.36468,2018-7-31,ROR IDs
10.7554/elife.09268,2015-12-24,ROR IDs
10.7554/elife.07205,2015-5-8,ROR IDs
10.7554/elife.32625,2018-1-23,ROR IDs
10.7554/elife.59616,2020-12-8,ROR IDs
10.7554/elife.47544,2019-8-22,ROR IDs
10.7554/elife.54868,2020-9-7,ROR IDs
10.7554/elife.51402,2019-12-23,ROR IDs
10.7554/elife.39720,2018-11-27,ROR IDs
10.7554/elife.08955,2015-10-21,ROR IDs
10.7554/elife.60100,2021-3-5,ROR IDs
10.7554/elife.63379,2021-2-11,ROR IDs
10.7554/elife.52108,2020-3-13,ROR IDs
10.7554/elife.08022,2015-9-22,ROR IDs
10.7554/elife.65532,2021-6-16,ROR IDs
10.7554/elife.01939,2014-3-18,ROR IDs
10.7554/elife.46797,2019-11-12,ROR IDs
10.7554/elife.34843,2018-6-22,ROR IDs
10.7554/elife.52009,2020-2-5,ROR IDs
10.7554/elife.60580,2021-2-18,ROR IDs
10.7554/elife.59733,2020-8-3,ROR IDs
10.7554/elife.66686,2021-7-5,ROR IDs
10.7554/elife.72328,2021-9-29,ROR IDs
10.7554/elife.45343,2019-4-10,ROR IDs
10.7554/elife.07892,2015-10-3,ROR IDs
10.7554/elife.26876,2017-9-18,ROR IDs
10.7554/elife.44116,2019-1-21,ROR IDs
10.7554/elife.24910,2017-3-6,ROR IDs
10.7554/elife.57589,2020-8-19,ROR IDs
10.7554/elife.64603,2021-7-2,ROR IDs
10.7554/elife.56754,2020-6-3,ROR IDs
10.7554/elife.49826,2019-12-10,ROR IDs
10.7554/elife.56829,2020-9-22,ROR IDs
10.7554/elife.14985,2016-8-23,ROR IDs
10.7554/elife.01832,2014-3-18,ROR IDs
10.7554/elife.66808,2021-7-22,ROR IDs
10.7554/elife.38319,2018-10-9,ROR IDs
10.7554/elife.57346,2020-6-8,ROR IDs
10.7554/elife.63476,2021-2-19,ROR IDs
10.7554/elife.62174,2021-2-2,ROR IDs
10.7554/elife.58026,2020-9-1,ROR IDs
10.7554/elife.46084,2019-6-11,ROR IDs
10.7554/elife.38550,2018-11-14,ROR IDs
10.7554/elife.04953,2015-3-11,ROR IDs
10.7554/elife.65797,2021-3-17,ROR IDs
10.7554/elife.58593,2020-10-22,ROR IDs
10.7554/elife.39249,2018-9-19,ROR IDs
10.7554/elife.56844,2020-6-25,ROR IDs
10.7554/elife.48702,2019-9-6,ROR IDs
10.7554/elife.63838,2021-3-23,ROR IDs
10.7554/elife.63538,2021-1-26,ROR IDs
10.7554/elife.64252,2021-3-2,ROR IDs
10.7554/elife.11275,2016-3-24,ROR IDs
10.7554/elife.04811,2014-12-2,ROR IDs
10.7554/elife.37168,2018-8-7,ROR IDs
10.7554/elife.67312,2021-8-31,ROR IDs
10.7554/elife.22140,2017-1-18,ROR IDs
10.7554/elife.27590,2017-8-29,ROR IDs
10.7554/elife.54469,2020-5-20,ROR IDs
10.7554/elife.63368,2020-11-10,ROR IDs
10.7554/elife.16940,2016-8-5,ROR IDs
10.7554/elife.45093,2019-4-29,ROR IDs
10.7554/elife.07624,2015-12-9,ROR IDs
10.7554/elife.63040,2021-2-26,ROR IDs
10.7554/elife.60299,2020-12-2,ROR IDs
10.7554/elife.17834,2017-3-21,ROR IDs
10.7554/elife.31649,2017-12-5,ROR IDs
10.7554/elife.08407,2015-7-17,ROR IDs
10.7554/elife.08758,2015-9-7,ROR IDs
10.7554/elife.43826,2019-4-3,ROR IDs
10.7554/elife.49030,2019-7-19,ROR IDs
10.7554/elife.55877,2020-9-23,ROR IDs
10.7554/elife.91529,2023-8-8,ROR IDs
10.7554/elife.44594,2019-4-23,ROR IDs
10.7554/elife.60151,2020-11-2,ROR IDs
10.7554/elife.01149,2013-10-8,ROR IDs
10.7554/elife.01539,2014-1-7,ROR IDs
10.7554/elife.21543,2017-2-7,ROR IDs
10.7554/elife.06740,2015-2-11,ROR IDs
10.7554/elife.07532,2015-3-27,ROR IDs
10.7554/elife.09693,2015-12-1,ROR IDs
10.7554/elife.102872,2024-9-6,ROR IDs
10.7554/elife.103327,2024-9-23,ROR IDs
10.7554/elife.73737,2021-9-9,ROR IDs
10.7554/elife.79129,2022-4-5,ROR IDs
10.7554/elife.25157,2017-5-9,ROR IDs
10.7554/elife.27601,2017-8-17,ROR IDs
10.7554/elife.00882,2013-10-8,ROR IDs
10.7554/elife.51461,2020-1-17,ROR IDs
10.7554/elife.21053,2016-12-8,ROR IDs
10.7554/elife.11450,2016-3-4,ROR IDs
10.7554/elife.60107,2020-12-22,ROR IDs
10.7554/elife.58737,2020-9-2,ROR IDs
10.7554/elife.62797,2021-2-3,ROR IDs
10.7554/elife.61012,2020-11-30,ROR IDs
10.7554/elife.43979,2019-3-6,ROR IDs
10.7554/elife.48145,2019-6-6,ROR IDs
10.7554/elife.01883,2014-5-6,ROR IDs
10.7554/elife.21356,2016-12-29,ROR IDs
10.7554/elife.34409,2018-12-6,ROR IDs
10.7554/elife.38730,2019-5-1,ROR IDs
10.7554/elife.31126,2017-11-9,ROR IDs
10.7554/elife.42179,2018-12-12,ROR IDs
10.7554/elife.44502,2019-8-2,ROR IDs
10.7554/elife.44571,2020-4-7,ROR IDs
10.7554/elife.14972,2016-10-20,ROR IDs
10.7554/elife.44026,2019-5-14,ROR IDs
10.7554/elife.28844,2017-12-5,ROR IDs
10.7554/elife.51576,2020-4-1,ROR IDs
10.7554/elife.49555,2020-1-7,ROR IDs
10.7554/elife.54556,2020-3-2,ROR IDs
10.7554/elife.25690,2017-7-27,ROR IDs
10.7554/elife.52570,2020-3-3,ROR IDs
10.7554/elife.54026,2020-6-26,ROR IDs
10.7554/elife.29834,2017-9-4,ROR IDs
10.7554/elife.67516,2021-10-29,ROR IDs
10.7554/elife.67713,2021-10-19,ROR IDs
10.7554/elife.36769,2018-11-22,ROR IDs
10.7554/elife.43717,2019-5-10,ROR IDs
10.7554/elife.04120,2014-12-8,ROR IDs
10.7554/elife.13941,2016-4-21,ROR IDs
10.7554/elife.38867,2018-8-22,ROR IDs
10.7554/elife.46113,2019-7-3,ROR IDs
10.7554/elife.69181,2021-10-22,ROR IDs
10.7554/elife.46764,2019-9-11,ROR IDs
10.7554/elife.54930,2020-7-9,ROR IDs
10.7554/elife.60933,2020-9-29,ROR IDs
10.7554/elife.54385,2020-8-25,ROR IDs
10.7554/elife.55639,2020-4-28,ROR IDs
10.7554/elife.50260,2020-1-14,ROR IDs
10.7554/elife.13403,2016-3-14,ROR IDs
10.7554/elife.02777,2015-1-9,ROR IDs
10.7554/elife.55015,2020-4-16,ROR IDs
10.7554/elife.50256,2019-11-15,ROR IDs
10.7554/elife.64875,2021-9-2,ROR IDs
10.7554/elife.64688,2021-11-29,ROR IDs
10.7554/elife.48429,2019-9-18,ROR IDs
10.7554/elife.44491,2019-1-21,ROR IDs
10.7554/elife.44478,2019-5-17,ROR IDs
10.7554/elife.00281,2012-10-30,ROR IDs
10.7554/elife.54042,2020-1-17,ROR IDs
10.7554/elife.10479,2015-9-9,ROR IDs
10.7554/elife.65498,2021-6-9,ROR IDs
10.7554/elife.15872,2016-9-19,ROR IDs
10.7554/elife.63349,2021-4-13,ROR IDs
10.7554/elife.08493,2015-8-26,ROR IDs
10.7554/elife.60626,2020-12-11,ROR IDs
10.7554/elife.25637,2017-5-24,ROR IDs
10.7554/elife.63009,2021-2-2,ROR IDs
10.7554/elife.30483,2017-12-27,ROR IDs
10.7554/elife.73368,2021-11-4,ROR IDs
10.7554/elife.23494,2017-3-28,ROR IDs
10.7554/elife.52628,2019-12-23,ROR IDs
10.7554/elife.55513,2020-7-10,ROR IDs
10.7554/elife.39180,2019-1-3,ROR IDs
10.7554/elife.15614,2016-9-13,ROR IDs
10.7554/elife.105545,2025-10-3,ROR IDs
10.7554/elife.53934,2020-4-8,ROR IDs
10.7554/elife.11613,2016-3-7,ROR IDs
10.7554/elife.31101,2017-12-22,ROR IDs
10.7554/elife.65041,2021-1-29,ROR IDs
10.7554/elife.04539,2015-3-25,ROR IDs
10.7554/elife.13758,2016-4-14,ROR IDs
10.7554/elife.30334,2018-1-29,ROR IDs
10.7554/elife.64695,2021-11-1,ROR IDs
10.7554/elife.54224,2020-3-6,ROR IDs
10.7554/elife.43924,2019-6-22,ROR IDs
10.7554/elife.05608,2015-2-25,ROR IDs
10.7554/elife.39061,2018-12-21,ROR IDs
10.7554/elife.27049,2017-8-9,ROR IDs
10.7554/elife.17983,2016-8-4,ROR IDs
10.7554/elife.51593,2020-4-7,ROR IDs
10.7554/elife.56276,2020-9-9,ROR IDs
10.7554/elife.13969,2016-6-27,ROR IDs
10.7554/elife.07975,2015-7-9,ROR IDs
10.7554/elife.47980,2020-5-5,ROR IDs
10.7554/elife.04207,2014-11-4,ROR IDs
10.7554/elife.64148,2021-7-26,ROR IDs
10.7554/elife.50559,2019-10-29,ROR IDs
10.7554/elife.58029,2020-9-7,ROR IDs
10.7554/elife.17243,2016-9-29,ROR IDs
10.7554/elife.02257,2014-6-3,ROR IDs
10.7554/elife.57870,2020-10-16,ROR IDs
10.7554/elife.71474,2021-8-19,ROR IDs
10.7554/elife.36608,2018-8-14,ROR IDs
10.7554/elife.40037,2018-10-25,ROR IDs
10.7554/elife.44179,2019-2-25,ROR IDs
10.7554/elife.37799,2018-9-27,ROR IDs
10.7554/elife.56942,2020-6-5,ROR IDs
10.7554/elife.49190,2019-11-12,ROR IDs
10.7554/elife.38465,2018-10-5,ROR IDs
10.7554/elife.10762,2016-3-15,ROR IDs
10.7554/elife.52058,2019-11-11,ROR IDs
10.7554/elife.42549,2019-3-6,ROR IDs
10.7554/elife.65456,2021-10-19,ROR IDs
10.7554/elife.47178,2019-6-6,ROR IDs
10.7554/elife.70055,2021-9-2,ROR IDs
10.7554/elife.17240,2016-7-23,ROR IDs
10.7554/elife.58360,2020-11-11,ROR IDs
10.7554/elife.67436,2021-7-14,ROR IDs
10.7554/elife.18370,2016-10-5,ROR IDs
10.7554/elife.52665,2019-12-20,ROR IDs
10.7554/elife.73819,2021-9-27,ROR IDs
10.7554/elife.61610,2021-6-1,ROR IDs
10.7554/elife.03726,2014-10-13,ROR IDs
10.7554/elife.64395,2021-2-15,ROR IDs
10.7554/elife.59485,2021-6-1,ROR IDs
10.7554/elife.42143,2019-2-13,ROR IDs
10.7554/elife.42819,2019-4-11,ROR IDs
10.7554/elife.29213,2018-1-13,ROR IDs
10.7554/elife.27443,2017-8-17,ROR IDs
10.7554/elife.27679,2017-8-21,ROR IDs
10.7554/elife.01741,2014-4-15,ROR IDs
10.7554/elife.18638,2016-11-10,ROR IDs
10.7554/elife.12621,2015-12-17,ROR IDs
10.7554/elife.62955,2020-10-13,ROR IDs
10.7554/elife.20899,2017-2-23,ROR IDs
10.7554/elife.45594,2019-8-19,ROR IDs
10.7554/elife.08009,2015-7-14,ROR IDs
10.7554/elife.42660,2018-12-31,ROR IDs
10.7554/elife.20023,2017-1-18,ROR IDs
10.7554/elife.36865,2018-9-4,ROR IDs
10.7554/elife.42015,2019-4-26,ROR IDs
10.7554/elife.50155,2020-3-10,ROR IDs
10.7554/elife.70640,2021-10-18,ROR IDs
10.7554/elife.71656,2021-12-2,ROR IDs
10.7554/elife.55262,2020-5-12,ROR IDs
10.7554/elife.35458,2018-7-3,ROR IDs
10.7554/elife.29307,2017-11-24,ROR IDs
10.7554/elife.02671,2014-9-8,ROR IDs
10.7554/elife.10095,2015-7-21,ROR IDs
10.7554/elife.106163,2025-1-27,ROR IDs
10.7554/elife.84169,2022-10-17,ROR IDs
10.7554/elife.24476,2017-5-18,ROR IDs
10.7554/elife.28567,2017-6-20,ROR IDs
10.7554/elife.31482,2017-9-13,ROR IDs
10.7554/elife.35768,2018-2-12,ROR IDs
10.7554/elife.37925,2018-10-25,ROR IDs
10.7554/elife.42628,2018-12-4,ROR IDs
10.7554/elife.46910,2019-4-3,ROR IDs
10.7554/elife.46993,2019-3-26,ROR IDs
10.7554/elife.63264,2020-9-24,ROR IDs
10.7554/elife.48311,2019-8-14,ROR IDs
10.7554/elife.67289,2021-9-9,ROR IDs
10.7554/elife.00458,2013-4-16,ROR IDs
10.7554/elife.73510,2022-1-24,ROR IDs
10.7554/elife.71076,2021-9-29,ROR IDs
10.7554/elife.64543,2022-1-26,ROR IDs
10.7554/elife.31724,2018-3-29,ROR IDs
10.7554/elife.00712,2013-7-9,ROR IDs
10.7554/elife.17375,2016-12-8,ROR IDs
10.7554/elife.16381,2016-4-14,ROR IDs
10.7554/elife.45766,2019-7-11,ROR IDs
10.7554/elife.23473,2017-5-20,ROR IDs
10.7554/elife.37184,2018-7-30,ROR IDs
10.7554/elife.05508,2015-2-2,ROR IDs
10.7554/elife.20070,2017-1-6,ROR IDs
10.7554/elife.70899,2021-10-26,ROR IDs
10.7554/elife.37851,2018-11-13,ROR IDs
10.7554/elife.06907,2015-6-5,ROR IDs
10.7554/elife.47835,2019-8-16,ROR IDs
10.7554/elife.08939,2015-10-29,ROR IDs
10.7554/elife.55336,2020-4-27,ROR IDs
10.7554/elife.71368,2021-10-19,ROR IDs
10.7554/elife.44427,2019-2-25,ROR IDs
10.7554/elife.62091,2021-9-7,ROR IDs
10.7554/elife.59291,2021-7-14,ROR IDs
10.7554/elife.55053,2020-5-15,ROR IDs
10.7554/elife.22974,2017-6-19,ROR IDs
10.7554/elife.74276,2021-11-4,ROR IDs
10.7554/elife.20253,2016-11-17,ROR IDs
10.7554/elife.03433,2014-9-29,ROR IDs
10.7554/elife.73218,2021-11-30,ROR IDs
10.7554/elife.47970,2019-11-11,ROR IDs
10.7554/elife.51772,2020-4-8,ROR IDs
10.7554/elife.22053,2017-2-28,ROR IDs
10.7554/elife.15075,2016-4-8,ROR IDs
10.7554/elife.53638,2020-2-26,ROR IDs
10.7554/elife.32493,2017-11-17,ROR IDs
10.7554/elife.18726,2016-10-11,ROR IDs
10.7554/elife.34081,2018-10-2,ROR IDs
10.7554/elife.60824,2021-4-27,ROR IDs
10.7554/elife.68583,2021-7-19,ROR IDs
10.7554/elife.44876,2019-4-23,ROR IDs
10.7554/elife.73336,2021-12-14,ROR IDs
10.7554/elife.74036,2022-1-25,ROR IDs
10.7554/elife.02200,2014-5-27,ROR IDs
10.7554/elife.53060,2020-3-27,ROR IDs
10.7554/elife.20609,2016-9-28,ROR IDs
10.7554/elife.44890,2019-5-8,ROR IDs
10.7554/elife.19374,2016-10-26,ROR IDs
10.7554/elife.05770,2015-1-6,ROR IDs
10.7554/elife.61397,2020-9-11,ROR IDs
10.7554/elife.21863,2016-11-3,ROR IDs
10.7554/elife.05060,2014-11-14,ROR IDs
10.7554/elife.29942,2017-8-10,ROR IDs
10.7554/elife.06453,2015-2-13,ROR IDs
10.7554/elife.01270,2013-8-20,ROR IDs
10.7554/elife.01387,2013-9-3,ROR IDs
10.7554/elife.74331,2021-11-17,ROR IDs
10.7554/elife.57242,2020-4-24,ROR IDs
10.7554/elife.25159,2017-3-9,ROR IDs
10.7554/elife.08366,2015-6-3,ROR IDs
10.7554/elife.00476,2013-1-22,ROR IDs
10.7554/elife.26397,2017-4-13,ROR IDs
10.7554/elife.02658,2014-3-25,ROR IDs
10.7554/elife.00646,2013-3-12,ROR IDs
10.7554/elife.65604,2021-2-8,ROR IDs
10.7554/elife.11409,2015-10-9,ROR IDs
10.7554/elife.74693,2021-12-6,ROR IDs
10.7554/elife.07405,2015-6-9,ROR IDs
10.7554/elife.31557,2018-6-18,ROR IDs
10.7554/elife.27819,2017-8-29,ROR IDs
10.7554/elife.18101,2016-9-30,ROR IDs
10.7554/elife.55800,2020-11-16,ROR IDs
10.7554/elife.53581,2020-12-8,ROR IDs
10.7554/elife.50645,2019-10-15,ROR IDs
10.7554/elife.44942,2019-9-3,ROR IDs
10.7554/elife.43962,2019-4-5,ROR IDs
10.7554/elife.46902,2019-7-3,ROR IDs
10.7554/elife.56309,2020-12-3,ROR IDs
10.7554/elife.56862,2020-7-8,ROR IDs
10.7554/elife.56934,2020-10-14,ROR IDs
10.7554/elife.58223,2020-8-7,ROR IDs
10.7554/elife.57547,2020-7-24,ROR IDs
10.7554/elife.58783,2020-12-7,ROR IDs
10.7554/elife.69375,2021-9-29,ROR IDs
10.7554/elife.47611,2019-10-8,ROR IDs
10.7554/elife.47988,2019-7-29,ROR IDs
10.7554/elife.68651,2021-6-30,ROR IDs
10.7554/elife.71332,2022-1-25,ROR IDs
10.7554/elife.32451,2018-5-22,ROR IDs
10.7554/elife.36273,2018-8-17,ROR IDs
10.7554/elife.41235,2019-1-8,ROR IDs
10.7554/elife.37078,2018-8-28,ROR IDs
10.7554/elife.70339,2021-6-23,ROR IDs
10.7554/elife.70833,2021-12-29,ROR IDs
10.7554/elife.32911,2018-5-3,ROR IDs
10.7554/elife.49485,2019-11-5,ROR IDs
10.7554/elife.56931,2020-5-7,ROR IDs
10.7554/elife.63431,2021-3-2,ROR IDs
10.7554/elife.64815,2021-8-2,ROR IDs
10.7554/elife.65118,2021-6-4,ROR IDs
10.7554/elife.67681,2021-6-9,ROR IDs
10.7554/elife.65133,2021-7-14,ROR IDs
10.7554/elife.64993,2021-4-26,ROR IDs
10.7554/elife.63199,2020-12-31,ROR IDs
10.7554/elife.63535,2021-4-9,ROR IDs
10.7554/elife.53898,2020-4-7,ROR IDs
10.7554/elife.09545,2015-10-29,ROR IDs
10.7554/elife.09646,2015-12-2,ROR IDs
10.7554/elife.07301,2015-8-19,ROR IDs
10.7554/elife.23471,2017-5-12,ROR IDs
10.7554/elife.20722,2016-12-9,ROR IDs
10.7554/elife.21452,2017-3-21,ROR IDs
10.7554/elife.22775,2017-2-15,ROR IDs
10.7554/elife.24611,2017-3-13,ROR IDs
10.7554/elife.26973,2017-12-19,ROR IDs
10.7554/elife.27389,2017-5-26,ROR IDs
10.7554/elife.03416,2014-12-29,ROR IDs
10.7554/elife.02272,2014-5-16,ROR IDs
10.7554/elife.01228,2013-12-3,ROR IDs
10.7554/elife.01386,2014-1-7,ROR IDs
10.7554/elife.03613,2014-9-10,ROR IDs
10.7554/elife.09946,2015-10-27,ROR IDs
10.7554/elife.29959,2017-11-15,ROR IDs
10.7554/elife.30387,2018-2-27,ROR IDs
10.7554/elife.31097,2018-1-29,ROR IDs
10.7554/elife.29630,2017-10-9,ROR IDs
10.7554/elife.28921,2017-11-13,ROR IDs
10.7554/elife.06516,2015-5-15,ROR IDs
10.7554/elife.05491,2015-3-12,ROR IDs
10.7554/elife.04180,2014-12-10,ROR IDs
10.7554/elife.19314,2017-1-24,ROR IDs
10.7554/elife.18558,2017-4-4,ROR IDs
10.7554/elife.14226,2016-6-2,ROR IDs
10.7554/elife.12687,2016-8-23,ROR IDs
10.7554/elife.10960,2016-2-19,ROR IDs
10.7554/elife.33967,2018-4-24,ROR IDs
10.7554/elife.20725,2017-4-25,ROR IDs
10.7554/elife.37750,2018-7-20,ROR IDs
10.7554/elife.55133,2020-8-11,ROR IDs
10.7554/elife.10841,2015-12-3,ROR IDs
10.7554/elife.33323,2017-12-4,ROR IDs
10.7554/elife.66524,2021-6-14,ROR IDs
10.7554/elife.32353,2017-12-18,ROR IDs
10.7554/elife.53071,2020-3-13,ROR IDs
10.7554/elife.34702,2018-5-1,ROR IDs
10.7554/elife.01233,2013-9-3,ROR IDs
10.7554/elife.01388,2013-9-24,ROR IDs
10.7554/elife.30194,2017-8-14,ROR IDs
10.7554/elife.34396,2018-1-29,ROR IDs
10.7554/elife.64919,2020-12-30,ROR IDs
10.7554/elife.38958,2018-7-26,ROR IDs
10.7554/elife.21394,2016-12-20,ROR IDs
10.7554/elife.65168,2021-5-5,ROR IDs
10.7554/elife.21600,2016-11-17,ROR IDs
10.7554/elife.01160,2013-9-17,ROR IDs
10.7554/elife.05269,2015-1-22,ROR IDs
10.7554/elife.57553,2020-9-21,ROR IDs
10.7554/elife.37703,2018-11-12,ROR IDs
10.7554/elife.52743,2020-2-18,ROR IDs
10.7554/elife.38389,2018-7-19,ROR IDs
10.7554/elife.21895,2017-3-6,ROR IDs
10.7554/elife.00642,2013-3-26,ROR IDs
10.7554/elife.30280,2017-8-16,ROR IDs
10.7554/elife.75171,2021-12-3,ROR IDs
10.7554/elife.54582,2020-6-9,ROR IDs
10.7554/elife.35677,2018-5-11,ROR IDs
10.7554/elife.11156,2016-5-31,ROR IDs
10.7554/elife.09178,2015-8-22,ROR IDs
10.7554/elife.55111,2020-4-15,ROR IDs
10.7554/elife.07433,2015-6-15,ROR IDs
10.7554/elife.56954,2020-9-21,ROR IDs
10.7554/elife.49405,2019-11-25,ROR IDs
10.7554/elife.32077,2018-2-17,ROR IDs
10.7554/elife.34064,2018-5-11,ROR IDs
10.7554/elife.67301,2022-1-6,ROR IDs
10.7554/elife.20616,2016-12-30,ROR IDs
10.7554/elife.06054,2015-3-10,ROR IDs
10.7554/elife.12204,2016-2-25,ROR IDs
10.7554/elife.03583,2014-11-26,ROR IDs
10.7554/elife.65582,2021-7-13,ROR IDs
10.7554/elife.71513,2021-11-22,ROR IDs
10.7554/elife.15271,2016-5-13,ROR IDs
10.7554/elife.31476,2017-11-30,ROR IDs
10.7554/elife.52513,2025-12-24,ROR IDs
10.7554/elife.55300,2020-7-3,ROR IDs
10.7554/elife.53205,2020-1-30,ROR IDs
10.7554/elife.56054,2020-4-1,ROR IDs
10.7554/elife.64267,2021-2-8,ROR IDs
10.7554/elife.25155,2017-5-11,ROR IDs
10.7554/elife.60646,2021-7-30,ROR IDs
10.7554/elife.49023,2020-12-17,ROR IDs
10.7554/elife.12089,2016-2-15,ROR IDs
10.7554/elife.11623,2015-10-24,ROR IDs
10.7554/elife.31826,2018-8-22,ROR IDs
10.7554/elife.15448,2016-7-4,ROR IDs
10.7554/elife.21301,2016-12-7,ROR IDs
10.7554/elife.38635,2018-11-7,ROR IDs
10.7554/elife.64960,2021-7-15,ROR IDs
10.7554/elife.64615,2021-10-5,ROR IDs
10.7554/elife.47261,2019-10-24,ROR IDs
10.7554/elife.65545,2021-6-2,ROR IDs
10.7554/elife.06193,2015-2-3,ROR IDs
10.7554/elife.34985,2018-6-4,ROR IDs
10.7554/elife.36664,2018-9-14,ROR IDs
10.7554/elife.41602,2019-2-5,ROR IDs
10.7554/elife.02910,2014-6-25,ROR IDs
10.7554/elife.64145,2021-2-17,ROR IDs
10.7554/elife.31628,2018-1-29,ROR IDs
10.7554/elife.56110,2020-7-13,ROR IDs
10.7554/elife.23990,2017-4-22,ROR IDs
10.7554/elife.39633,2018-12-12,ROR IDs
10.7554/elife.37813,2018-12-11,ROR IDs
10.7554/elife.05116,2015-2-4,ROR IDs
10.7554/elife.26016,2018-3-12,ROR IDs
10.7554/elife.43747,2019-5-16,ROR IDs
10.7554/elife.44739,2019-10-11,ROR IDs
10.7554/elife.47990,2019-8-16,ROR IDs
10.7554/elife.21459,2016-12-20,ROR IDs
10.7554/elife.69988,2021-11-22,ROR IDs
10.7554/elife.02726,2014-9-30,ROR IDs
10.7554/elife.02397,2014-5-21,ROR IDs
10.7554/elife.52546,2020-2-11,ROR IDs
10.7554/elife.15537,2016-5-25,ROR IDs
10.7554/elife.30244,2017-10-16,ROR IDs
10.7554/elife.43194,2019-5-17,ROR IDs
10.7554/elife.68761,2021-10-11,ROR IDs
10.7554/elife.38907,2018-9-4,ROR IDs
10.7554/elife.60878,2020-9-11,ROR IDs
10.7554/elife.55963,2020-7-21,ROR IDs
10.7554/elife.03185,2014-12-8,ROR IDs
10.7554/elife.93147,2024-4-9,ROR IDs
10.7554/elife.66227,2021-3-8,ROR IDs
10.7554/elife.62953,2020-10-20,ROR IDs
10.7554/elife.66079,2021-3-25,ROR IDs
10.7554/elife.33977,2018-10-22,ROR IDs
10.7554/elife.72629,2022-1-21,ROR IDs
10.7554/elife.07493,2015-6-17,ROR IDs
10.7554/elife.67855,2021-5-14,ROR IDs
10.7554/elife.45293,2019-6-28,ROR IDs
10.7554/elife.26161,2018-3-21,ROR IDs
10.7554/elife.40593,2019-7-17,ROR IDs
10.7554/elife.40526,2019-3-4,ROR IDs
10.7554/elife.55659,2020-6-26,ROR IDs
10.7554/elife.08527,2015-12-1,ROR IDs
10.7554/elife.62529,2020-11-19,ROR IDs
10.7554/elife.34394,2018-3-15,ROR IDs
10.7554/elife.49542,2019-12-11,ROR IDs
10.7554/elife.04046,2014-10-14,ROR IDs
10.7554/elife.63326,2021-3-1,ROR IDs
10.7554/elife.55002,2020-2-17,ROR IDs
10.7554/elife.61077,2021-3-4,ROR IDs
10.7554/elife.54919,2020-7-23,ROR IDs
10.7554/elife.11188,2015-11-14,ROR IDs
10.7554/elife.07118,2015-5-7,ROR IDs
10.7554/elife.65482,2021-8-13,ROR IDs
10.7554/elife.49669,2020-2-25,ROR IDs
10.7554/elife.54023,2020-2-3,ROR IDs
10.7554/elife.19671,2017-1-17,ROR IDs
10.7554/elife.56501,2020-4-23,ROR IDs
10.7554/elife.55539,2020-7-28,ROR IDs
10.7554/elife.06557,2015-3-25,ROR IDs
10.7554/elife.15447,2016-7-19,ROR IDs
10.7554/elife.49662,2019-8-16,ROR IDs
10.7554/elife.15651,2017-5-9,ROR IDs
10.7554/elife.70968,2021-10-7,ROR IDs
10.7554/elife.24052,2017-1-19,ROR IDs
10.7554/elife.25051,2017-3-28,ROR IDs
10.7554/elife.26349,2017-12-4,ROR IDs
10.7554/elife.44642,2019-11-8,ROR IDs
10.7554/elife.72449,2021-11-10,ROR IDs
10.7554/elife.24634,2017-6-13,ROR IDs
10.7554/elife.51260,2020-6-2,ROR IDs
10.7554/elife.51243,2020-3-25,ROR IDs
10.7554/elife.58149,2020-9-7,ROR IDs
10.7554/elife.72419,2021-9-14,ROR IDs
10.7554/elife.45919,2019-7-1,ROR IDs
10.7554/elife.30333,2017-10-23,ROR IDs
10.7554/elife.35574,2018-3-22,ROR IDs
10.7554/elife.64670,2021-3-16,ROR IDs
10.7554/elife.21620,2017-3-29,ROR IDs
10.7554/elife.65910,2021-11-19,ROR IDs
10.7554/elife.10042,2016-1-18,ROR IDs
10.7554/elife.68441,2021-9-17,ROR IDs
10.7554/elife.55308,2020-9-21,ROR IDs
10.7554/elife.27014,2017-8-22,ROR IDs
10.7554/elife.24669,2017-3-27,ROR IDs
10.7554/elife.00960,2013-11-12,ROR IDs
10.7554/elife.00308,2013-1-22,ROR IDs
10.7554/elife.00736,2013-6-25,ROR IDs
10.7554/elife.47163,2019-8-12,ROR IDs
10.7554/elife.03091,2014-11-25,ROR IDs
10.7554/elife.43994,2019-3-27,ROR IDs
10.7554/elife.47102,2019-6-12,ROR IDs
10.7554/elife.30860,2017-11-16,ROR IDs
10.7554/elife.43627,2019-3-26,ROR IDs
10.7554/elife.36068,2018-7-31,ROR IDs
10.7554/elife.59022,2020-10-19,ROR IDs
10.7554/elife.47145,2019-7-2,ROR IDs
10.7554/elife.70818,2021-10-25,ROR IDs
10.7554/elife.58621,2020-8-18,ROR IDs
10.7554/elife.11611,2015-11-2,ROR IDs
10.7554/elife.41140,2018-12-24,ROR IDs
10.7554/elife.18260,2016-10-25,ROR IDs
10.7554/elife.16420,2016-8-30,ROR IDs
10.7554/elife.41769,2019-5-24,ROR IDs
10.7554/elife.36392,2018-7-25,ROR IDs
10.7554/elife.03811,2014-8-5,ROR IDs
10.7554/elife.00577,2013-3-8,ROR IDs
10.7554/elife.08659,2015-6-5,ROR IDs
10.7554/elife.63906,2021-1-8,ROR IDs
10.7554/elife.34586,2018-7-9,ROR IDs
10.7554/elife.68662,2021-6-18,ROR IDs
10.7554/elife.46315,2019-7-1,ROR IDs
10.7554/elife.01944,2014-4-9,ROR IDs
10.7554/elife.53539,2020-8-7,ROR IDs
10.7554/elife.58782,2021-9-7,ROR IDs
10.7554/elife.35692,2018-7-24,ROR IDs
10.7554/elife.29123,2017-12-26,ROR IDs
10.7554/elife.20145,2016-12-13,ROR IDs
10.7554/elife.34062,2018-6-1,ROR IDs
10.7554/elife.45183,2019-6-11,ROR IDs
10.7554/elife.68046,2021-6-28,ROR IDs
10.7554/elife.61894,2021-1-25,ROR IDs
10.7554/elife.25302,2017-5-19,ROR IDs
10.7554/elife.30115,2017-12-12,ROR IDs
10.7554/elife.41711,2019-5-20,ROR IDs
10.7554/elife.24879,2017-1-19,ROR IDs
10.7554/elife.32516,2017-10-5,ROR IDs
10.7554/elife.01328,2013-8-28,ROR IDs
10.7554/elife.01816,2013-11-7,ROR IDs
10.7554/elife.03011,2014-8-5,ROR IDs
10.7554/elife.04875,2014-11-10,ROR IDs
10.7554/elife.11349,2015-12-3,ROR IDs
10.7554/elife.78825,2022-4-1,ROR IDs
10.7554/elife.05606,2015-3-19,ROR IDs
10.7554/elife.101019,2024-7-4,ROR IDs
10.7554/elife.10110,2015-9-3,ROR IDs
10.7554/elife.103865,2024-10-3,ROR IDs
10.7554/elife.104349,2024-10-15,ROR IDs
10.7554/elife.46380,2019-10-3,ROR IDs
10.7554/elife.53217,2019-11-4,ROR IDs
10.7554/elife.54328,2019-12-11,ROR IDs
10.7554/elife.57036,2020-3-23,ROR IDs
10.7554/elife.66683,2021-1-25,ROR IDs
10.7554/elife.66968,2021-7-20,ROR IDs
10.7554/elife.70324,2021-9-1,ROR IDs
10.7554/elife.28074,2017-10-18,ROR IDs
10.7554/elife.30413,2018-1-4,ROR IDs
10.7554/elife.60583,2020-10-23,ROR IDs
10.7554/elife.49682,2019-9-9,ROR IDs
10.7554/elife.13133,2016-6-14,ROR IDs
10.7554/elife.22345,2017-3-21,ROR IDs
10.7554/elife.62507,2020-12-4,ROR IDs
10.7554/elife.41973,2018-10-15,ROR IDs
10.7554/elife.56429,2020-10-19,ROR IDs
10.7554/elife.53127,2020-5-20,ROR IDs
10.7554/elife.62448,2021-2-5,ROR IDs
10.7554/elife.30247,2017-11-14,ROR IDs
10.7554/elife.46630,2019-5-21,ROR IDs
10.7554/elife.29056,2017-7-3,ROR IDs
10.7554/elife.26243,2017-6-1,ROR IDs
10.7554/elife.68041,2021-5-13,ROR IDs
10.7554/elife.13253,2016-2-15,ROR IDs
10.7554/elife.16748,2016-11-23,ROR IDs
10.7554/elife.18746,2016-10-3,ROR IDs
10.7554/elife.56502,2020-7-27,ROR IDs
10.7554/elife.52276,2020-3-25,ROR IDs
10.7554/elife.53162,2020-2-18,ROR IDs
10.7554/elife.00791,2013-4-30,ROR IDs
10.7554/elife.09668,2015-11-17,ROR IDs
10.7554/elife.72350,2021-10-21,ROR IDs
10.7554/elife.46629,2019-5-10,ROR IDs
10.7554/elife.60939,2020-11-10,ROR IDs
10.7554/elife.67750,2021-8-3,ROR IDs
10.7554/elife.25887,2017-6-20,ROR IDs
10.7554/elife.63329,2021-3-17,ROR IDs
10.7554/elife.67490,2021-8-6,ROR IDs
10.7554/elife.03638,2014-7-16,ROR IDs
10.7554/elife.31510,2018-2-14,ROR IDs
10.7554/elife.04353,2014-11-10,ROR IDs
10.7554/elife.57023,2020-5-18,ROR IDs
10.7554/elife.40520,2019-1-2,ROR IDs
10.7554/elife.44904,2019-5-22,ROR IDs
10.7554/elife.68447,2021-7-5,ROR IDs
10.7554/elife.71627,2021-11-19,ROR IDs
10.7554/elife.60351,2020-9-2,ROR IDs
10.7554/elife.11155,2016-1-8,ROR IDs
10.7554/elife.66170,2021-7-9,ROR IDs
10.7554/elife.61646,2021-3-1,ROR IDs
10.7554/elife.60609,2021-1-7,ROR IDs
10.7554/elife.51620,2020-3-26,ROR IDs
10.7554/elife.09100,2016-1-14,ROR IDs
10.7554/elife.70330,2021-11-23,ROR IDs
10.7554/elife.65469,2021-3-23,ROR IDs
10.7554/elife.08905,2015-8-14,ROR IDs
10.7554/elife.51162,2019-11-4,ROR IDs
10.7554/elife.54507,2020-6-8,ROR IDs
10.7554/elife.12318,2016-3-7,ROR IDs
10.7554/elife.70298,2021-6-17,ROR IDs
10.7554/elife.02171,2014-2-11,ROR IDs
10.7554/elife.00352,2012-12-18,ROR IDs
10.7554/elife.09315,2015-7-9,ROR IDs
10.7554/elife.00676,2013-4-16,ROR IDs
10.7554/elife.13093,2015-12-23,ROR IDs
10.7554/elife.09790,2015-7-29,ROR IDs
10.7554/elife.64380,2020-12-3,ROR IDs
10.7554/elife.40271,2018-8-24,ROR IDs
10.7554/elife.22215,2016-11-15,ROR IDs
10.7554/elife.04869,2014-10-29,ROR IDs
10.7554/elife.15938,2016-4-13,ROR IDs
10.7554/elife.63128,2020-10-12,ROR IDs
10.7554/elife.42976,2018-11-28,ROR IDs
10.7554/elife.51206,2019-9-25,ROR IDs
10.7554/elife.42507,2018-11-14,ROR IDs
10.7554/elife.43173,2019-1-30,ROR IDs
10.7554/elife.01587,2013-11-12,ROR IDs
10.7554/elife.56234,2020-4-23,ROR IDs
10.7554/elife.51289,2019-10-1,ROR IDs
10.7554/elife.02349,2014-6-17,ROR IDs
10.7554/elife.06376,2015-5-14,ROR IDs
10.7554/elife.61070,2021-2-11,ROR IDs
10.7554/elife.53498,2020-5-19,ROR IDs
10.7554/elife.38014,2018-7-25,ROR IDs
10.7554/elife.26362,2017-5-2,ROR IDs
10.7554/elife.60478,2021-10-11,ROR IDs
10.7554/elife.39209,2018-11-20,ROR IDs
10.7554/elife.00459,2013-4-16,ROR IDs
10.7554/elife.51032,2020-2-20,ROR IDs
10.7554/elife.74153,2022-1-20,ROR IDs
10.7554/elife.36333,2018-7-27,ROR IDs
10.7554/elife.43808,2019-3-12,ROR IDs
10.7554/elife.58659,2020-8-3,ROR IDs
10.7554/elife.63816,2021-11-25,ROR IDs
10.7554/elife.46348,2019-4-29,ROR IDs
10.7554/elife.01775,2014-1-28,ROR IDs
10.7554/elife.39231,2019-2-4,ROR IDs
10.7554/elife.04506,2014-12-15,ROR IDs
10.7554/elife.52224,2020-3-24,ROR IDs
10.7554/elife.58322,2020-7-16,ROR IDs
10.7554/elife.12115,2016-3-15,ROR IDs
10.7554/elife.09336,2015-8-14,ROR IDs
10.7554/elife.47581,2019-10-15,ROR IDs
10.7554/elife.07322,2015-3-31,ROR IDs
10.7554/elife.16616,2016-8-4,ROR IDs
10.7554/elife.07539,2015-11-27,ROR IDs
10.7554/elife.22069,2017-3-28,ROR IDs
10.7554/elife.03626,2014-9-8,ROR IDs
10.7554/elife.39270,2018-10-9,ROR IDs
10.7554/elife.25730,2017-7-11,ROR IDs
10.7554/elife.64557,2021-8-9,ROR IDs
10.7554/elife.75174,2021-12-7,ROR IDs
10.7554/elife.54296,2020-1-24,ROR IDs
10.7554/elife.08715,2015-6-16,ROR IDs
10.7554/elife.61148,2020-8-25,ROR IDs
10.7554/elife.58169,2020-5-26,ROR IDs
10.7554/elife.33511,2018-1-16,ROR IDs
10.7554/elife.33807,2018-3-14,ROR IDs
10.7554/elife.28412,2017-8-8,ROR IDs
10.7554/elife.28477,2018-4-17,ROR IDs
10.7554/elife.26377,2017-5-18,ROR IDs
10.7554/elife.26622,2017-7-3,ROR IDs
10.7554/elife.29988,2018-4-16,ROR IDs
10.7554/elife.26787,2017-6-22,ROR IDs
10.7554/elife.27187,2017-5-15,ROR IDs
10.7554/elife.25686,2017-4-15,ROR IDs
10.7554/elife.35447,2018-9-7,ROR IDs
10.7554/elife.34519,2018-6-19,ROR IDs
10.7554/elife.34423,2018-5-11,ROR IDs
10.7554/elife.36572,2018-7-30,ROR IDs
10.7554/elife.34864,2018-2-9,ROR IDs
10.7554/elife.35112,2018-6-7,ROR IDs
10.7554/elife.16167,2016-5-26,ROR IDs
10.7554/elife.39163,2018-11-26,ROR IDs
10.7554/elife.41555,2019-3-25,ROR IDs
10.7554/elife.10279,2015-10-22,ROR IDs
10.7554/elife.20560,2016-10-22,ROR IDs
10.7554/elife.20349,2016-12-8,ROR IDs
10.7554/elife.21137,2017-2-6,ROR IDs
10.7554/elife.72908,2022-1-13,ROR IDs
10.7554/elife.21989,2017-1-6,ROR IDs
10.7554/elife.42992,2019-4-4,ROR IDs
10.7554/elife.16096,2016-8-11,ROR IDs
10.7554/elife.32032,2017-12-14,ROR IDs
10.7554/elife.31425,2018-1-11,ROR IDs
10.7554/elife.51131,2020-1-20,ROR IDs
10.7554/elife.47277,2019-5-31,ROR IDs
10.7554/elife.47549,2019-8-14,ROR IDs
10.7554/elife.48730,2020-6-4,ROR IDs
10.7554/elife.47003,2020-3-27,ROR IDs
10.7554/elife.51156,2020-2-19,ROR IDs
10.7554/elife.50776,2019-11-12,ROR IDs
10.7554/elife.50319,2019-11-13,ROR IDs
10.7554/elife.19686,2016-12-15,ROR IDs
10.7554/elife.60000,2020-10-23,ROR IDs
10.7554/elife.60513,2020-8-7,ROR IDs
10.7554/elife.57358,2020-7-9,ROR IDs
10.7554/elife.60968,2020-12-22,ROR IDs
10.7554/elife.58771,2020-9-23,ROR IDs
10.7554/elife.51295,2020-3-25,ROR IDs
10.7554/elife.54661,2020-6-22,ROR IDs
10.7554/elife.55582,2020-7-20,ROR IDs
10.7554/elife.52507,2020-2-11,ROR IDs
10.7554/elife.54995,2020-6-8,ROR IDs
10.7554/elife.25165,2017-9-6,ROR IDs
10.7554/elife.23525,2017-5-19,ROR IDs
10.7554/elife.25726,2017-9-16,ROR IDs
10.7554/elife.68590,2021-11-26,ROR IDs
10.7554/elife.66095,2021-6-18,ROR IDs
10.7554/elife.64881,2021-5-18,ROR IDs
10.7554/elife.65066,2021-2-22,ROR IDs
10.7554/elife.65158,2021-4-9,ROR IDs
10.7554/elife.70079,2021-10-22,ROR IDs
10.7554/elife.70812,2021-12-13,ROR IDs
10.7554/elife.70920,2021-8-19,ROR IDs
10.7554/elife.66483,2021-8-27,ROR IDs
10.7554/elife.01169,2013-12-17,ROR IDs
10.7554/elife.01296,2013-10-1,ROR IDs
10.7554/elife.02805,2014-5-29,ROR IDs
10.7554/elife.05334,2014-12-31,ROR IDs
10.7554/elife.06359,2015-6-3,ROR IDs
10.7554/elife.08146,2015-11-2,ROR IDs
10.7554/elife.09580,2015-12-23,ROR IDs
10.7554/elife.12366,2016-3-15,ROR IDs
10.7554/elife.14158,2016-5-31,ROR IDs
10.7554/elife.13879,2016-4-21,ROR IDs
10.7554/elife.11414,2016-3-21,ROR IDs
10.7554/elife.11999,2016-2-17,ROR IDs
10.7554/elife.12095,2016-1-3,ROR IDs
10.7554/elife.11475,2016-9-29,ROR IDs
10.7554/elife.15159,2016-5-25,ROR IDs
10.7554/elife.15564,2016-4-26,ROR IDs
10.7554/elife.43625,2019-9-10,ROR IDs
10.7554/elife.10606,2015-12-29,ROR IDs
10.7554/elife.04232,2015-3-11,ROR IDs
10.7554/elife.37429,2018-9-3,ROR IDs
10.7554/elife.32358,2018-4-3,ROR IDs
10.7554/elife.58019,2020-6-15,ROR IDs
10.7554/elife.14709,2016-6-15,ROR IDs
10.7554/elife.18904,2017-1-31,ROR IDs
10.7554/elife.60488,2020-10-27,ROR IDs
10.7554/elife.72072,2022-1-18,ROR IDs
10.7554/elife.29540,2017-11-24,ROR IDs
10.7554/elife.29702,2017-10-24,ROR IDs
10.7554/elife.07616,2015-7-28,ROR IDs
10.7554/elife.53125,2020-7-14,ROR IDs
10.7554/elife.06426,2015-6-8,ROR IDs
10.7554/elife.51546,2020-2-18,ROR IDs
10.7554/elife.15910,2016-10-12,ROR IDs
10.7554/elife.22866,2016-12-19,ROR IDs
10.7554/elife.07558,2015-5-19,ROR IDs
10.7554/elife.36928,2018-12-7,ROR IDs
10.7554/elife.01074,2013-9-17,ROR IDs
10.7554/elife.47640,2019-10-24,ROR IDs
10.7554/elife.55570,2020-2-24,ROR IDs
10.7554/elife.27854,2017-10-31,ROR IDs
10.7554/elife.56996,2020-8-26,ROR IDs
10.7554/elife.62506,2020-11-9,ROR IDs
10.7554/elife.19921,2016-12-14,ROR IDs
10.7554/elife.00862,2013-11-5,ROR IDs
10.7554/elife.00411,2013-6-4,ROR IDs
10.7554/elife.58815,2020-10-20,ROR IDs
10.7554/elife.44752,2019-7-10,ROR IDs
10.7554/elife.39356,2019-1-15,ROR IDs
10.7554/elife.06547,2015-5-26,ROR IDs
10.7554/elife.38169,2018-10-22,ROR IDs
10.7554/elife.37262,2018-9-20,ROR IDs
10.7554/elife.63077,2021-2-23,ROR IDs
10.7554/elife.56849,2020-12-16,ROR IDs
10.7554/elife.12637,2016-2-12,ROR IDs
10.7554/elife.60546,2021-3-26,ROR IDs
10.7554/elife.44392,2019-8-22,ROR IDs
10.7554/elife.70685,2021-12-3,ROR IDs
10.7554/elife.42093,2019-1-16,ROR IDs
10.7554/elife.63163,2021-7-30,ROR IDs
10.7554/elife.76051,2022-6-23,ROR IDs
10.7554/elife.47804,2019-9-17,ROR IDs
10.7554/elife.63713,2021-4-22,ROR IDs
10.7554/elife.33854,2018-6-14,ROR IDs
10.7554/elife.73347,2022-1-26,ROR IDs
10.7554/elife.19290,2017-1-25,ROR IDs
10.7554/elife.61409,2021-2-17,ROR IDs
10.7554/elife.10382,2016-2-11,ROR IDs
10.7554/elife.34334,2018-2-26,ROR IDs
10.7554/elife.30278,2017-10-24,ROR IDs
10.7554/elife.46300,2019-6-13,ROR IDs
10.7554/elife.51063,2019-12-23,ROR IDs
10.7554/elife.44898,2019-5-7,ROR IDs
10.7554/elife.07545,2015-9-22,ROR IDs
10.7554/elife.23647,2017-9-8,ROR IDs
10.7554/elife.38529,2018-8-23,ROR IDs
10.7554/elife.29938,2017-9-26,ROR IDs
10.7554/elife.23474,2017-3-18,ROR IDs
10.7554/elife.57951,2020-9-11,ROR IDs
10.7554/elife.53353,2020-4-21,ROR IDs
10.7554/elife.13065,2016-5-20,ROR IDs
10.7554/elife.09743,2015-11-9,ROR IDs
10.7554/elife.36745,2018-8-7,ROR IDs
10.7554/elife.46134,2019-8-27,ROR IDs
10.7554/elife.69111,2021-6-18,ROR IDs
10.7554/elife.13926,2016-3-26,ROR IDs
10.7554/elife.59659,2020-12-29,ROR IDs
10.7554/elife.52337,2020-4-27,ROR IDs
10.7554/elife.20041,2016-11-25,ROR IDs
10.7554/elife.61080,2020-10-7,ROR IDs
10.7554/elife.18683,2016-9-26,ROR IDs
10.7554/elife.68353,2021-4-27,ROR IDs
10.7554/elife.42374,2019-4-8,ROR IDs
10.7554/elife.52443,2020-4-21,ROR IDs
10.7554/elife.21283,2017-1-7,ROR IDs
10.7554/elife.72579,2022-1-11,ROR IDs
10.7554/elife.62813,2021-3-23,ROR IDs
10.7554/elife.07918,2015-7-21,ROR IDs
10.7554/elife.56649,2020-7-13,ROR IDs
10.7554/elife.61886,2020-10-16,ROR IDs
10.7554/elife.17023,2016-7-11,ROR IDs
10.7554/elife.26990,2017-9-26,ROR IDs
10.7554/elife.39887,2018-10-15,ROR IDs
10.7554/elife.26724,2017-10-11,ROR IDs
10.7554/elife.60066,2020-9-29,ROR IDs
10.7554/elife.59525,2021-5-10,ROR IDs
10.7554/elife.05635,2015-3-25,ROR IDs
10.7554/elife.11306,2015-12-23,ROR IDs
10.7554/elife.32293,2018-4-9,ROR IDs
10.7554/elife.65751,2021-3-19,ROR IDs
10.7554/elife.01462,2013-12-31,ROR IDs
10.7554/elife.34711,2018-5-24,ROR IDs
10.7554/elife.71420,2021-9-6,ROR IDs
10.7554/elife.20331,2017-1-10,ROR IDs
10.7554/elife.38438,2018-8-2,ROR IDs
10.7554/elife.02260,2014-5-27,ROR IDs
10.7554/elife.51636,2020-1-29,ROR IDs
10.7554/elife.48191,2019-9-4,ROR IDs
10.7554/elife.66135,2021-7-29,ROR IDs
10.7554/elife.04889,2015-1-13,ROR IDs
10.7554/elife.72919,2021-11-17,ROR IDs
10.7554/elife.70269,2021-10-26,ROR IDs
10.7554/elife.23239,2017-3-2,ROR IDs
10.7554/elife.04234,2014-9-2,ROR IDs
10.7554/elife.02734,2014-6-4,ROR IDs
10.7554/elife.23421,2017-7-21,ROR IDs
10.7554/elife.58828,2020-8-3,ROR IDs
10.7554/elife.10734,2016-3-22,ROR IDs
10.7554/elife.57325,2021-7-21,ROR IDs
10.7554/elife.48508,2019-10-15,ROR IDs
10.7554/elife.52272,2020-3-9,ROR IDs
10.7554/elife.41093,2019-3-11,ROR IDs
10.7554/elife.51219,2020-1-23,ROR IDs
10.7554/elife.42166,2018-11-9,ROR IDs
10.7554/elife.08347,2015-6-30,ROR IDs
10.7554/elife.36426,2018-10-16,ROR IDs
10.7554/elife.18215,2016-8-15,ROR IDs
10.7554/elife.01267,2014-8-12,ROR IDs
10.7554/elife.26476,2017-11-13,ROR IDs
10.7554/elife.66582,2021-6-30,ROR IDs
10.7554/elife.26945,2017-10-9,ROR IDs
10.7554/elife.04132,2014-11-11,ROR IDs
10.7554/elife.36768,2018-6-4,ROR IDs
10.7554/elife.01222,2013-10-29,ROR IDs
10.7554/elife.64901,2021-6-8,ROR IDs
10.7554/elife.20353,2017-1-16,ROR IDs
10.7554/elife.57261,2020-11-19,ROR IDs
10.7554/elife.44344,2019-4-23,ROR IDs
10.7554/elife.50138,2020-5-21,ROR IDs
10.7554/elife.67738,2022-1-4,ROR IDs
10.7554/elife.09345,2015-9-21,ROR IDs
10.7554/elife.53144,2020-8-5,ROR IDs
10.7554/elife.58868,2020-10-28,ROR IDs
10.7554/elife.67261,2021-9-20,ROR IDs
10.7554/elife.51111,2020-2-7,ROR IDs
10.7554/elife.15932,2016-8-8,ROR IDs
10.7554/elife.33286,2018-6-4,ROR IDs
10.7554/elife.24767,2017-5-29,ROR IDs
10.7554/elife.34364,2018-10-8,ROR IDs
10.7554/elife.59776,2020-12-1,ROR IDs
10.7554/elife.61413,2020-11-3,ROR IDs
10.7554/elife.02217,2014-4-8,ROR IDs
10.7554/elife.08363,2015-10-12,ROR IDs
10.7554/elife.42392,2019-2-4,ROR IDs
10.7554/elife.34375,2018-2-20,ROR IDs
10.7554/elife.29546,2018-4-16,ROR IDs
10.7554/elife.33934,2018-5-1,ROR IDs
10.7554/elife.30005,2017-9-15,ROR IDs
10.7554/elife.46059,2019-6-10,ROR IDs
10.7554/elife.46174,2019-4-24,ROR IDs
10.7554/elife.54257,2020-5-5,ROR IDs
10.7554/elife.54186,2020-5-27,ROR IDs
10.7554/elife.56913,2020-7-15,ROR IDs
10.7554/elife.49700,2020-3-5,ROR IDs
10.7554/elife.51378,2020-6-24,ROR IDs
10.7554/elife.53459,2020-5-6,ROR IDs
10.7554/elife.37102,2019-5-3,ROR IDs
10.7554/elife.63870,2021-3-30,ROR IDs
10.7554/elife.38432,2018-11-6,ROR IDs
10.7554/elife.38675,2018-10-17,ROR IDs
10.7554/elife.38843,2019-3-22,ROR IDs
10.7554/elife.65700,2021-5-6,ROR IDs
10.7554/elife.65537,2021-4-27,ROR IDs
10.7554/elife.51212,2019-11-14,ROR IDs
10.7554/elife.51339,2020-5-14,ROR IDs
10.7554/elife.51737,2020-2-13,ROR IDs
10.7554/elife.65811,2021-9-29,ROR IDs
10.7554/elife.61408,2021-2-11,ROR IDs
10.7554/elife.64389,2020-12-22,ROR IDs
10.7554/elife.54761,2020-3-13,ROR IDs
10.7554/elife.37295,2018-9-11,ROR IDs
10.7554/elife.42512,2019-4-30,ROR IDs
10.7554/elife.32586,2018-1-23,ROR IDs
10.7554/elife.31065,2017-12-28,ROR IDs
10.7554/elife.31324,2017-11-22,ROR IDs
10.7554/elife.29510,2017-11-1,ROR IDs
10.7554/elife.29593,2017-12-18,ROR IDs
10.7554/elife.33092,2018-5-29,ROR IDs
10.7554/elife.37776,2018-11-16,ROR IDs
10.7554/elife.35518,2018-6-14,ROR IDs
10.7554/elife.45306,2019-9-30,ROR IDs
10.7554/elife.45829,2019-6-17,ROR IDs
10.7554/elife.59081,2020-11-13,ROR IDs
10.7554/elife.58756,2021-2-2,ROR IDs
10.7554/elife.58610,2021-4-26,ROR IDs
10.7554/elife.64592,2021-6-11,ROR IDs
10.7554/elife.46703,2019-8-6,ROR IDs
10.7554/elife.46773,2019-9-16,ROR IDs
10.7554/elife.70843,2021-11-8,ROR IDs
10.7554/elife.64804,2021-3-2,ROR IDs
10.7554/elife.67275,2021-4-21,ROR IDs
10.7554/elife.68802,2021-8-9,ROR IDs
10.7554/elife.67172,2021-5-17,ROR IDs
10.7554/elife.71443,2021-11-12,ROR IDs
10.7554/elife.70053,2021-8-17,ROR IDs
10.7554/elife.00640,2013-6-11,ROR IDs
10.7554/elife.00380,2013-7-9,ROR IDs
10.7554/elife.02687,2014-6-23,ROR IDs
10.7554/elife.02755,2014-11-18,ROR IDs
10.7554/elife.02917,2014-8-19,ROR IDs
10.7554/elife.02938,2014-6-10,ROR IDs
10.7554/elife.03251,2014-9-25,ROR IDs
10.7554/elife.04363,2015-2-25,ROR IDs
10.7554/elife.07661,2015-7-8,ROR IDs
10.7554/elife.06474,2015-5-7,ROR IDs
10.7554/elife.19510,2016-10-21,ROR IDs
10.7554/elife.20873,2017-3-20,ROR IDs
10.7554/elife.18894,2017-1-25,ROR IDs
10.7554/elife.20470,2017-3-14,ROR IDs
10.7554/elife.18205,2016-11-29,ROR IDs
10.7554/elife.21526,2017-6-27,ROR IDs
10.7554/elife.17634,2016-8-23,ROR IDs
10.7554/elife.16087,2016-8-1,ROR IDs
10.7554/elife.15082,2016-7-13,ROR IDs
10.7554/elife.14694,2016-8-8,ROR IDs
10.7554/elife.07398,2015-11-6,ROR IDs
10.7554/elife.25421,2017-6-16,ROR IDs
10.7554/elife.22451,2017-3-27,ROR IDs
10.7554/elife.00905,2013-9-24,ROR IDs
10.7554/elife.101736.3,2025-1-23,ROR IDs
10.7554/elife.10874,2015-9-29,ROR IDs
10.7554/elife.11479,2016-1-27,ROR IDs
10.7554/elife.10106,2015-12-29,ROR IDs
10.7554/elife.83840,2022-12-14,ROR IDs
10.7554/elife.21170,2016-11-24,ROR IDs
10.7554/elife.65467,2021-8-4,ROR IDs
10.7554/elife.60346,2020-7-14,ROR IDs
10.7554/elife.48293,2019-11-18,ROR IDs
10.7554/elife.56451,2020-5-27,ROR IDs
10.7554/elife.63396,2021-9-21,ROR IDs
10.7554/elife.01751,2014-3-11,ROR IDs
10.7554/elife.29089,2017-10-23,ROR IDs
10.7554/elife.11147,2015-12-15,ROR IDs
10.7554/elife.02001,2014-4-29,ROR IDs
10.7554/elife.01514,2013-10-15,ROR IDs
10.7554/elife.72000,2021-8-12,ROR IDs
10.7554/elife.21236,2016-10-11,ROR IDs
10.7554/elife.35111,2018-3-1,ROR IDs
10.7554/elife.22256,2016-11-29,ROR IDs
10.7554/elife.36064,2018-3-21,ROR IDs
10.7554/elife.48340,2019-6-14,ROR IDs
10.7554/elife.02583,2014-3-25,ROR IDs
10.7554/elife.55994,2020-11-10,ROR IDs
10.7554/elife.26519,2017-10-6,ROR IDs
10.7554/elife.35886,2018-7-17,ROR IDs
10.7554/elife.52676,2020-3-23,ROR IDs
10.7554/elife.08077,2015-9-19,ROR IDs
10.7554/elife.70560,2021-7-28,ROR IDs
10.7554/elife.28589,2017-7-18,ROR IDs
10.7554/elife.32137,2017-11-29,ROR IDs
10.7554/elife.05447,2015-3-31,ROR IDs
10.7554/elife.07832,2015-9-24,ROR IDs
10.7554/elife.37476,2018-6-22,ROR IDs
10.7554/elife.08898,2015-8-7,ROR IDs
10.7554/elife.36312,2018-6-26,ROR IDs
10.7554/elife.14003,2016-3-14,ROR IDs
10.7554/elife.48772,2019-11-11,ROR IDs
10.7554/elife.00594,2013-5-21,ROR IDs
10.7554/elife.60176,2021-4-27,ROR IDs
10.7554/elife.64944,2021-4-28,ROR IDs
10.7554/elife.67308,2021-8-24,ROR IDs
10.7554/elife.38588,2018-10-25,ROR IDs
10.7554/elife.12397,2016-2-1,ROR IDs
10.7554/elife.04872,2015-3-16,ROR IDs
10.7554/elife.28975,2017-11-2,ROR IDs
10.7554/elife.68678,2021-12-6,ROR IDs
10.7554/elife.60388,2020-8-19,ROR IDs
10.7554/elife.30734,2017-9-8,ROR IDs
10.7554/elife.43339,2018-12-4,ROR IDs
10.7554/elife.38209,2018-6-20,ROR IDs
10.7554/elife.10233,2015-8-25,ROR IDs
10.7554/elife.49932,2019-7-8,ROR IDs
10.7554/elife.62534,2020-9-29,ROR IDs
10.7554/elife.67269,2021-3-10,ROR IDs
10.7554/elife.07604,2015-4-17,ROR IDs
10.7554/elife.11375,2015-10-16,ROR IDs
10.7554/elife.00450,2013-1-8,ROR IDs
10.7554/elife.38959,2018-7-19,ROR IDs
10.7554/elife.09353,2015-7-22,ROR IDs
10.7554/elife.16393,2016-5-9,ROR IDs
10.7554/elife.57032,2020-3-27,ROR IDs
10.7554/elife.66395,2021-9-29,ROR IDs
10.7554/elife.68542,2021-9-3,ROR IDs
10.7554/elife.67024,2021-6-3,ROR IDs
10.7554/elife.57502,2020-11-19,ROR IDs
10.7554/elife.02725,2014-8-1,ROR IDs
10.7554/elife.34961,2018-7-10,ROR IDs
10.7554/elife.55829,2020-7-14,ROR IDs
10.7554/elife.36998,2018-5-10,ROR IDs
10.7554/elife.68436,2021-12-14,ROR IDs
10.7554/elife.00691,2013-7-9,ROR IDs
10.7554/elife.18481,2017-6-22,ROR IDs
10.7554/elife.34655,2018-5-1,ROR IDs
10.7554/elife.44527,2019-3-25,ROR IDs
10.7554/elife.02975,2014-8-8,ROR IDs
10.7554/elife.22268,2017-1-4,ROR IDs
10.7554/elife.25861,2017-8-31,ROR IDs
10.7554/elife.37272,2018-8-20,ROR IDs
10.7554/elife.72216,2021-10-19,ROR IDs
10.7554/elife.07736,2015-4-22,ROR IDs
10.7554/elife.65130,2021-1-20,ROR IDs
10.7554/elife.57763,2020-8-11,ROR IDs
10.7554/elife.41241,2018-11-28,ROR IDs
10.7554/elife.75639,2021-12-10,ROR IDs
10.7554/elife.49266,2019-9-17,ROR IDs
10.7554/elife.60683,2020-9-10,ROR IDs
10.7554/elife.42650,2019-2-8,ROR IDs
10.7554/elife.34550,2018-4-19,ROR IDs
10.7554/elife.14315,2016-5-31,ROR IDs
10.7554/elife.47713,2019-9-19,ROR IDs
10.7554/elife.55177,2020-12-28,ROR IDs
10.7554/elife.68316,2021-11-17,ROR IDs
10.7554/elife.51781,2019-12-23,ROR IDs
10.7554/elife.67509,2021-8-19,ROR IDs
10.7554/elife.03385,2014-9-29,ROR IDs
10.7554/elife.58154,2020-9-9,ROR IDs
10.7554/elife.43101,2019-1-15,ROR IDs
10.7554/elife.32057,2018-2-21,ROR IDs
10.7554/elife.13254,2016-4-29,ROR IDs
10.7554/elife.25932,2017-5-12,ROR IDs
10.7554/elife.60637,2020-8-26,ROR IDs
10.7554/elife.41228,2018-11-28,ROR IDs
10.7554/elife.18566,2016-12-23,ROR IDs
10.7554/elife.75922,2022-2-1,ROR IDs
10.7554/elife.62196,2021-5-18,ROR IDs
10.7554/elife.32237,2018-1-30,ROR IDs
10.7554/elife.70948,2021-8-31,ROR IDs
10.7554/elife.00299,2013-7-16,ROR IDs
10.7554/elife.02152,2014-6-16,ROR IDs
10.7554/elife.03282,2014-12-5,ROR IDs
10.7554/elife.14383,2016-1-27,ROR IDs
10.7554/elife.15743,2016-3-23,ROR IDs
10.7554/elife.16578,2016-8-2,ROR IDs
10.7554/elife.06959,2015-5-22,ROR IDs
10.7554/elife.08245,2015-9-3,ROR IDs
10.7554/elife.10670,2016-2-14,ROR IDs
10.7554/elife.29849,2017-6-27,ROR IDs
10.7554/elife.76000,2022-1-5,ROR IDs
10.7554/elife.44814,2019-1-8,ROR IDs
10.7554/elife.88685,2023-4-19,ROR IDs
10.7554/elife.64094,2020-10-22,ROR IDs
10.7554/elife.08497,2015-12-9,ROR IDs
10.7554/elife.17214,2016-11-22,ROR IDs
10.7554/elife.66862,2021-9-27,ROR IDs
10.7554/elife.69508,2021-9-15,ROR IDs
10.7554/elife.47602,2019-10-22,ROR IDs
10.7554/elife.29145,2017-8-23,ROR IDs
10.7554/elife.19568,2016-12-14,ROR IDs
10.7554/elife.37138,2018-9-18,ROR IDs
10.7554/elife.41641,2019-5-15,ROR IDs
10.7554/elife.29241,2017-9-7,ROR IDs
10.7554/elife.50524,2019-10-8,ROR IDs
10.7554/elife.29053,2018-4-10,ROR IDs
10.7554/elife.68837,2021-11-1,ROR IDs
10.7554/elife.60200,2021-2-2,ROR IDs
10.7554/elife.52535,2020-3-30,ROR IDs
10.7554/elife.17219,2016-9-26,ROR IDs
10.7554/elife.60970,2020-11-17,ROR IDs
10.7554/elife.41038,2018-12-6,ROR IDs
10.7554/elife.44186,2019-4-26,ROR IDs
10.7554/elife.03587,2014-11-25,ROR IDs
10.7554/elife.33617,2018-9-19,ROR IDs
10.7554/elife.64779,2021-2-1,ROR IDs
10.7554/elife.03189,2015-2-26,ROR IDs
10.7554/elife.41803,2019-1-2,ROR IDs
10.7554/elife.04069,2015-1-26,ROR IDs
10.7554/elife.64827,2021-3-11,ROR IDs
10.7554/elife.32536,2018-9-7,ROR IDs
10.7554/elife.60175,2021-1-4,ROR IDs
10.7554/elife.44736,2019-6-21,ROR IDs
10.7554/elife.04052,2015-3-6,ROR IDs
10.7554/elife.38564,2018-7-26,ROR IDs
10.7554/elife.44215,2019-8-6,ROR IDs
10.7554/elife.65369,2021-2-1,ROR IDs
10.7554/elife.49819,2019-12-23,ROR IDs
10.7554/elife.09343,2015-7-21,ROR IDs
10.7554/elife.47612,2019-9-13,ROR IDs
10.7554/elife.03842,2014-10-8,ROR IDs
10.7554/elife.52291,2020-1-6,ROR IDs
10.7554/elife.35987,2018-6-19,ROR IDs
10.7554/elife.65459,2021-7-26,ROR IDs
10.7554/elife.48787,2020-2-13,ROR IDs
10.7554/elife.49002,2019-9-16,ROR IDs
10.7554/elife.26602,2017-9-12,ROR IDs
10.7554/elife.46793,2019-7-9,ROR IDs
10.7554/elife.11880,2016-7-20,ROR IDs
10.7554/elife.62232,2021-1-21,ROR IDs
10.7554/elife.62324,2021-8-3,ROR IDs
10.7554/elife.47177,2019-7-24,ROR IDs
10.7554/elife.49744,2019-11-6,ROR IDs
10.7554/elife.57757,2020-8-26,ROR IDs
10.7554/elife.15043,2016-4-12,ROR IDs
10.7554/elife.42368,2018-10-22,ROR IDs
10.7554/elife.01119,2013-12-24,ROR IDs
10.7554/elife.17462,2016-10-15,ROR IDs
10.7554/elife.00425,2013-5-28,ROR IDs
10.7554/elife.40855,2019-8-13,ROR IDs
10.7554/elife.26437,2017-6-9,ROR IDs
10.7554/elife.50541,2019-12-2,ROR IDs
10.7554/elife.43318,2019-4-25,ROR IDs
10.7554/elife.04235,2014-9-24,ROR IDs
10.7554/elife.28468,2017-8-30,ROR IDs
10.7554/elife.56384,2020-12-4,ROR IDs
10.7554/elife.71094,2022-3-8,ROR IDs
10.7554/elife.65376,2021-8-24,ROR IDs
10.7554/elife.47946,2020-3-13,ROR IDs
10.7554/elife.64630,2021-4-27,ROR IDs
10.7554/elife.60293,2020-9-28,ROR IDs
10.7554/elife.37963,2018-7-13,ROR IDs
10.7554/elife.51144,2020-2-24,ROR IDs
10.7554/elife.01102,2013-10-1,ROR IDs
10.7554/elife.58108,2020-9-29,ROR IDs
10.7554/elife.60445,2020-10-1,ROR IDs
10.7554/elife.12247,2015-12-18,ROR IDs
10.7554/elife.02996,2014-8-26,ROR IDs
10.7554/elife.58764,2020-12-15,ROR IDs
10.7554/elife.67481,2021-6-8,ROR IDs
10.7554/elife.02772,2014-6-30,ROR IDs
10.7554/elife.61011,2021-5-20,ROR IDs
10.7554/elife.44954,2019-4-29,ROR IDs
10.7554/elife.41239,2019-10-1,ROR IDs
10.7554/elife.00260,2013-3-26,ROR IDs
10.7554/elife.37001,2018-7-17,ROR IDs
10.7554/elife.28083,2017-10-2,ROR IDs
10.7554/elife.10769,2016-2-22,ROR IDs
10.7554/elife.35468,2018-12-13,ROR IDs
10.7554/elife.46615,2019-7-31,ROR IDs
10.7554/elife.43828,2019-6-18,ROR IDs
10.7554/elife.71994,2022-2-25,ROR IDs
10.7554/elife.17756,2016-6-28,ROR IDs
10.7554/elife.45508,2019-5-30,ROR IDs
10.7554/elife.49062,2019-10-1,ROR IDs
10.7554/elife.46179,2019-6-18,ROR IDs
10.7554/elife.45881,2019-5-15,ROR IDs
10.7554/elife.39905,2019-5-14,ROR IDs
10.7554/elife.46086,2019-5-28,ROR IDs
10.7554/elife.59989,2020-12-7,ROR IDs
10.7554/elife.05534,2015-2-19,ROR IDs
10.7554/elife.55792,2020-8-24,ROR IDs
10.7554/elife.24570,2017-4-10,ROR IDs
10.7554/elife.43036,2018-12-24,ROR IDs
10.7554/elife.43944,2019-4-4,ROR IDs
10.7554/elife.02951,2014-8-19,ROR IDs
10.7554/elife.09186,2015-12-8,ROR IDs
10.7554/elife.72817,2021-12-21,ROR IDs
10.7554/elife.28086,2017-12-15,ROR IDs
10.7554/elife.43561,2019-2-11,ROR IDs
10.7554/elife.43079,2019-5-21,ROR IDs
10.7554/elife.35073,2018-5-24,ROR IDs
10.7554/elife.30959,2017-11-9,ROR IDs
10.7554/elife.54846,2020-5-5,ROR IDs
10.7554/elife.65096,2021-5-4,ROR IDs
10.7554/elife.49974,2020-2-7,ROR IDs
10.7554/elife.65280,2021-9-2,ROR IDs
10.7554/elife.19322,2016-9-2,ROR IDs
10.7554/elife.45777,2019-7-4,ROR IDs
10.7554/elife.19153,2017-2-13,ROR IDs
10.7554/elife.26509,2017-9-8,ROR IDs
10.7554/elife.61882,2020-11-20,ROR IDs
10.7554/elife.35224,2018-7-17,ROR IDs
10.7554/elife.02112,2014-5-8,ROR IDs
10.7554/elife.23232,2017-4-11,ROR IDs
10.7554/elife.20320,2016-12-14,ROR IDs
10.7554/elife.70129,2021-10-25,ROR IDs
10.7554/elife.27434,2017-11-15,ROR IDs
10.7554/elife.21855,2017-1-13,ROR IDs
10.7554/elife.59882,2020-10-21,ROR IDs
10.7554/elife.05401,2014-12-23,ROR IDs
10.7554/elife.43146,2019-1-28,ROR IDs
10.7554/elife.14908,2016-3-30,ROR IDs
10.7554/elife.36340,2018-7-25,ROR IDs
10.7554/elife.62873,2021-2-8,ROR IDs
10.7554/elife.27879,2017-10-4,ROR IDs
10.7554/elife.47732,2019-6-24,ROR IDs
10.7554/elife.65445,2021-7-22,ROR IDs
10.7554/elife.63982,2020-12-7,ROR IDs
10.7554/elife.07464,2015-6-2,ROR IDs
10.7554/elife.02236,2014-8-21,ROR IDs
10.7554/elife.58706,2020-8-4,ROR IDs
10.7554/elife.38194,2018-10-12,ROR IDs
10.7554/elife.12977,2016-5-23,ROR IDs
10.7554/elife.03582,2014-11-19,ROR IDs
10.7554/elife.05434,2015-5-19,ROR IDs
10.7554/elife.56279,2021-3-5,ROR IDs
10.7554/elife.49000,2019-11-22,ROR IDs
10.7554/elife.12821,2016-3-8,ROR IDs
10.7554/elife.67777,2021-9-7,ROR IDs
10.7554/elife.52677,2020-3-5,ROR IDs
10.7554/elife.43652,2019-3-5,ROR IDs
10.7554/elife.06412,2015-2-27,ROR IDs
10.7554/elife.31268,2017-10-13,ROR IDs
10.7554/elife.58880,2020-7-6,ROR IDs
10.7554/elife.49658,2020-1-14,ROR IDs
10.7554/elife.69457,2021-10-14,ROR IDs
10.7554/elife.22341,2017-2-22,ROR IDs
10.7554/elife.00036,2013-9-3,ROR IDs
10.7554/elife.13450,2016-4-28,ROR IDs
10.7554/elife.02043,2014-4-29,ROR IDs
10.7554/elife.24487,2017-4-5,ROR IDs
10.7554/elife.06416,2015-4-28,ROR IDs
10.7554/elife.57010,2020-5-18,ROR IDs
10.7554/elife.37434,2019-3-26,ROR IDs
10.7554/elife.19593,2016-11-29,ROR IDs
10.7554/elife.30015,2018-1-8,ROR IDs
10.7554/elife.69603,2021-9-6,ROR IDs
10.7554/elife.32794,2018-2-27,ROR IDs
10.7554/elife.07847,2015-7-13,ROR IDs
10.7554/elife.51599,2020-2-26,ROR IDs
10.7554/elife.00070,2012-12-13,ROR IDs
10.7554/elife.58184,2020-12-9,ROR IDs
10.7554/elife.43320,2018-12-21,ROR IDs
10.7554/elife.52539,2020-3-3,ROR IDs
10.7554/elife.54687,2020-5-4,ROR IDs
10.7554/elife.00117,2012-12-18,ROR IDs
10.7554/elife.59889,2020-11-10,ROR IDs
10.7554/elife.62155,2021-5-20,ROR IDs
10.7554/elife.40009,2018-12-13,ROR IDs
10.7554/elife.58037,2020-12-22,ROR IDs
10.7554/elife.17548,2016-8-23,ROR IDs
10.7554/elife.69883,2021-9-15,ROR IDs
10.7554/elife.26517,2017-11-22,ROR IDs
10.7554/elife.70394,2021-6-1,ROR IDs
10.7554/elife.14107,2016-3-28,ROR IDs
10.7554/elife.26337,2017-5-10,ROR IDs
10.7554/elife.67387,2021-8-3,ROR IDs
10.7554/elife.66522,2021-6-21,ROR IDs
10.7554/elife.15161,2016-7-27,ROR IDs
10.7554/elife.62390,2020-12-21,ROR IDs
10.7554/elife.45413,2019-12-3,ROR IDs
10.7554/elife.03197,2014-11-27,ROR IDs
10.7554/elife.08536,2015-9-22,ROR IDs
10.7554/elife.21886,2017-1-5,ROR IDs
10.7554/elife.42690,2019-2-4,ROR IDs
10.7554/elife.39023,2018-12-4,ROR IDs
10.7554/elife.63671,2021-2-2,ROR IDs
10.7554/elife.16777,2016-6-28,ROR IDs
10.7554/elife.32242,2018-1-18,ROR IDs
10.7554/elife.52939,2020-4-2,ROR IDs
10.7554/elife.46525,2019-4-4,ROR IDs
10.7554/elife.38578,2018-6-29,ROR IDs
10.7554/elife.02088,2014-1-21,ROR IDs
10.7554/elife.33792,2018-1-8,ROR IDs
10.7554/elife.01494,2013-10-8,ROR IDs
10.7554/elife.01680,2013-12-3,ROR IDs
10.7554/elife.54467,2020-1-7,ROR IDs
10.7554/elife.63385,2020-11-3,ROR IDs
10.7554/elife.73378,2021-9-29,ROR IDs
10.7554/elife.73380,2021-9-29,ROR IDs
10.7554/elife.74096,2021-11-5,ROR IDs
10.7554/elife.41912,2018-10-16,ROR IDs
10.7554/elife.45580,2019-3-5,ROR IDs
10.7554/elife.36786,2018-4-16,ROR IDs
10.7554/elife.20707,2017-1-24,ROR IDs
10.7554/elife.40655,2019-1-4,ROR IDs
10.7554/elife.53148,2020-2-20,ROR IDs
10.7554/elife.59464,2020-10-1,ROR IDs
10.7554/elife.47566,2019-8-28,ROR IDs
10.7554/elife.20982,2017-1-26,ROR IDs
10.7554/elife.65325,2021-6-1,ROR IDs
10.7554/elife.71335,2021-9-10,ROR IDs
10.7554/elife.25462,2017-8-1,ROR IDs
10.7554/elife.67379,2021-8-20,ROR IDs
10.7554/elife.57977,2020-11-17,ROR IDs
10.7554/elife.04729,2015-2-25,ROR IDs
10.7554/elife.11308,2015-12-17,ROR IDs
10.7554/elife.53470,2020-6-4,ROR IDs
10.7554/elife.48916,2019-12-24,ROR IDs
10.7554/elife.13696,2016-5-23,ROR IDs
10.7554/elife.61762,2020-9-29,ROR IDs
10.7554/elife.61869,2021-3-8,ROR IDs
10.7554/elife.60470,2020-11-23,ROR IDs
10.7554/elife.49065,2019-10-18,ROR IDs
10.7554/elife.38198,2018-8-15,ROR IDs
10.7554/elife.44328,2019-4-29,ROR IDs
10.7554/elife.69058,2021-12-2,ROR IDs
10.7554/elife.55502,2020-7-27,ROR IDs
10.7554/elife.37833,2018-5-4,ROR IDs
10.7554/elife.44302,2018-12-21,ROR IDs
10.7554/elife.51663,2019-12-16,ROR IDs
10.7554/elife.69853,2021-4-29,ROR IDs
10.7554/elife.74057,2022-1-10,ROR IDs
10.7554/elife.04489,2015-1-27,ROR IDs
10.7554/elife.56554,2020-10-13,ROR IDs
10.7554/elife.29793,2018-4-17,ROR IDs
10.7554/elife.45146,2019-5-17,ROR IDs
10.7554/elife.57519,2020-4-16,ROR IDs
10.7554/elife.23367,2017-1-7,ROR IDs
10.7554/elife.00632,2013-6-14,ROR IDs
10.7554/elife.49894,2019-12-24,ROR IDs
10.7554/elife.51166,2020-1-14,ROR IDs
10.7554/elife.26902,2017-3-27,ROR IDs
10.7554/elife.09169,2015-6-8,ROR IDs
10.7554/elife.98211,2024-4-25,ROR IDs
10.7554/elife.56553,2020-3-5,ROR IDs
10.7554/elife.65703,2021-3-10,ROR IDs
10.7554/elife.54523,2020-3-30,ROR IDs
10.7554/elife.10859,2015-11-26,ROR IDs
10.7554/elife.28212,2017-5-4,ROR IDs
10.7554/elife.77092,2022-1-28,ROR IDs
10.7554/elife.26343,2017-8-9,ROR IDs
10.7554/elife.62875,2021-2-23,ROR IDs
10.7554/elife.15316,2016-6-15,ROR IDs
10.7554/elife.56938,2020-8-4,ROR IDs
10.7554/elife.00481,2013-4-30,ROR IDs
10.7554/elife.58622,2020-8-18,ROR IDs
10.7554/elife.32976,2018-3-6,ROR IDs
10.7554/elife.36349,2018-5-9,ROR IDs
10.7554/elife.24192,2017-12-4,ROR IDs
10.7554/elife.67587,2021-6-1,ROR IDs
10.7554/elife.59399,2021-1-19,ROR IDs
10.7554/elife.62071,2020-10-29,ROR IDs
10.7554/elife.06995,2015-3-12,ROR IDs
10.7554/elife.31106,2017-9-11,ROR IDs
10.7554/elife.72978,2021-9-22,ROR IDs
10.7554/elife.06837,2015-3-9,ROR IDs
10.7554/elife.08723,2015-9-24,ROR IDs
10.7554/elife.07460,2015-7-29,ROR IDs
10.7554/elife.08505,2015-9-8,ROR IDs
10.7554/elife.09862,2016-3-16,ROR IDs
10.7554/elife.01530,2014-3-11,ROR IDs
10.7554/elife.01557,2013-12-3,ROR IDs
10.7554/elife.01812,2014-3-4,ROR IDs
10.7554/elife.03077,2014-10-27,ROR IDs
10.7554/elife.02667,2014-5-27,ROR IDs
10.7554/elife.00967,2013-8-13,ROR IDs
10.7554/elife.01457,2014-1-14,ROR IDs
10.7554/elife.00336,2013-3-19,ROR IDs
10.7554/elife.04693,2015-2-18,ROR IDs
10.7554/elife.11416,2015-12-24,ROR IDs
10.7554/elife.52985,2020-4-29,ROR IDs
10.7554/elife.52981,2020-3-11,ROR IDs
10.7554/elife.53387,2020-3-30,ROR IDs
10.7554/elife.52237,2020-6-16,ROR IDs
10.7554/elife.53850,2020-7-6,ROR IDs
10.7554/elife.50267,2020-1-15,ROR IDs
10.7554/elife.53080,2020-7-14,ROR IDs
10.7554/elife.26268,2017-6-22,ROR IDs
10.7554/elife.44324,2019-5-13,ROR IDs
10.7554/elife.44698,2019-6-24,ROR IDs
10.7554/elife.43024,2019-4-30,ROR IDs
10.7554/elife.43366,2019-1-14,ROR IDs
10.7554/elife.40982,2018-10-22,ROR IDs
10.7554/elife.42276,2019-7-23,ROR IDs
10.7554/elife.42879,2019-5-21,ROR IDs
10.7554/elife.41208,2018-12-20,ROR IDs
10.7554/elife.41091,2019-4-17,ROR IDs
10.7554/elife.41637,2019-1-29,ROR IDs
10.7554/elife.17557,2016-9-13,ROR IDs
10.7554/elife.34890,2018-7-11,ROR IDs
10.7554/elife.32814,2018-4-23,ROR IDs
10.7554/elife.34469,2018-5-31,ROR IDs
10.7554/elife.33503,2018-7-9,ROR IDs
10.7554/elife.36144,2018-6-18,ROR IDs
10.7554/elife.33274,2017-12-6,ROR IDs
10.7554/elife.74306,2022-1-4,ROR IDs
10.7554/elife.23382,2017-6-6,ROR IDs
10.7554/elife.74336,2021-12-23,ROR IDs
10.7554/elife.69974,2021-8-9,ROR IDs
10.7554/elife.22219,2017-5-30,ROR IDs
10.7554/elife.22039,2017-1-25,ROR IDs
10.7554/elife.25069,2017-8-21,ROR IDs
10.7554/elife.56651,2020-10-19,ROR IDs
10.7554/elife.65845,2021-3-11,ROR IDs
10.7554/elife.69444,2021-7-27,ROR IDs
10.7554/elife.57467,2021-1-7,ROR IDs
10.7554/elife.63252,2021-2-4,ROR IDs
10.7554/elife.62548,2021-2-17,ROR IDs
10.7554/elife.64302,2021-2-8,ROR IDs
10.7554/elife.66369,2021-6-2,ROR IDs
10.7554/elife.65952,2021-8-6,ROR IDs
10.7554/elife.16879,2016-8-23,ROR IDs
10.7554/elife.27159,2017-8-10,ROR IDs
10.7554/elife.21843,2017-1-6,ROR IDs
10.7554/elife.48909,2019-10-22,ROR IDs
10.7554/elife.48940,2019-11-5,ROR IDs
10.7554/elife.44934,2019-9-11,ROR IDs
10.7554/elife.48119,2019-9-9,ROR IDs
10.7554/elife.47402,2019-7-10,ROR IDs
10.7554/elife.46028,2019-6-10,ROR IDs
10.7554/elife.46566,2019-7-22,ROR IDs
10.7554/elife.47147,2019-10-17,ROR IDs
10.7554/elife.16335,2016-5-13,ROR IDs
10.7554/elife.17197,2016-12-23,ROR IDs
10.7554/elife.17823,2016-9-24,ROR IDs
10.7554/elife.39658,2018-11-28,ROR IDs
10.7554/elife.39694,2019-1-2,ROR IDs
10.7554/elife.38369,2018-9-11,ROR IDs
10.7554/elife.38631,2018-12-10,ROR IDs
10.7554/elife.40444,2018-10-19,ROR IDs
10.7554/elife.63355,2021-6-8,ROR IDs
10.7554/elife.57921,2020-11-19,ROR IDs
10.7554/elife.43942,2019-5-1,ROR IDs
10.7554/elife.61437,2021-4-12,ROR IDs
10.7554/elife.27000,2017-12-23,ROR IDs
10.7554/elife.11394,2016-1-19,ROR IDs
10.7554/elife.63524,2021-2-19,ROR IDs
10.7554/elife.59799,2020-8-28,ROR IDs
10.7554/elife.49315,2019-11-1,ROR IDs
10.7554/elife.62718,2021-6-23,ROR IDs
10.7554/elife.21167,2016-11-18,ROR IDs
10.7554/elife.33392,2018-5-29,ROR IDs
10.7554/elife.36245,2018-6-26,ROR IDs
10.7554/elife.51990,2019-11-5,ROR IDs
10.7554/elife.04114,2014-12-17,ROR IDs
10.7554/elife.44353,2019-5-28,ROR IDs
10.7554/elife.51029,2019-12-16,ROR IDs
10.7554/elife.05216,2015-2-24,ROR IDs
10.7554/elife.64232,2021-5-26,ROR IDs
10.7554/elife.35176,2018-5-29,ROR IDs
10.7554/elife.21076,2017-1-24,ROR IDs
10.7554/elife.12748,2016-1-23,ROR IDs
10.7554/elife.70357,2021-10-26,ROR IDs
10.7554/elife.55175,2020-11-10,ROR IDs
10.7554/elife.04263,2015-1-3,ROR IDs
10.7554/elife.19090,2016-11-28,ROR IDs
10.7554/elife.13974,2016-3-15,ROR IDs
10.7554/elife.22235,2017-3-6,ROR IDs
10.7554/elife.65420,2021-3-30,ROR IDs
10.7554/elife.37513,2018-12-21,ROR IDs
10.7554/elife.03728,2014-9-10,ROR IDs
10.7554/elife.28231,2017-10-23,ROR IDs
10.7554/elife.62027,2020-10-27,ROR IDs
10.7554/elife.44487,2019-3-1,ROR IDs
10.7554/elife.52228,2020-1-28,ROR IDs
10.7554/elife.05003,2015-4-2,ROR IDs
10.7554/elife.00573,2013-2-19,ROR IDs
10.7554/elife.40818,2019-4-24,ROR IDs
10.7554/elife.14211,2016-4-15,ROR IDs
10.7554/elife.57495,2020-6-24,ROR IDs
10.7554/elife.66074,2021-8-25,ROR IDs
10.7554/elife.68275,2021-8-12,ROR IDs
10.7554/elife.26179,2017-6-13,ROR IDs
10.7554/elife.54346,2021-1-18,ROR IDs
10.7554/elife.00704,2013-6-4,ROR IDs
10.7554/elife.46775,2020-1-2,ROR IDs
10.7554/elife.55204,2020-6-9,ROR IDs
10.7554/elife.64501,2020-12-8,ROR IDs
10.7554/elife.50458,2020-1-28,ROR IDs
10.7554/elife.33562,2018-3-8,ROR IDs
10.7554/elife.18515,2016-11-16,ROR IDs
10.7554/elife.30637,2017-12-19,ROR IDs
10.7554/elife.54812,2020-9-9,ROR IDs
10.7554/elife.40092,2019-2-12,ROR IDs
10.7554/elife.32660,2018-4-18,ROR IDs
10.7554/elife.43514,2019-2-20,ROR IDs
10.7554/elife.35621,2018-6-25,ROR IDs
10.7554/elife.31549,2018-2-27,ROR IDs
10.7554/elife.05151,2014-12-23,ROR IDs
10.7554/elife.02451,2014-4-30,ROR IDs
10.7554/elife.63731,2021-7-14,ROR IDs
10.7554/elife.31414,2018-4-13,ROR IDs
10.7554/elife.54568,2020-4-27,ROR IDs
10.7554/elife.50778,2019-11-11,ROR IDs
10.7554/elife.49305,2019-12-4,ROR IDs
10.7554/elife.62632,2021-3-16,ROR IDs
10.7554/elife.61960,2020-10-14,ROR IDs
10.7554/elife.06828,2015-4-2,ROR IDs
10.7554/elife.66809,2021-10-18,ROR IDs
10.7554/elife.56307,2020-7-8,ROR IDs
10.7554/elife.29154,2017-10-2,ROR IDs
10.7554/elife.77953,2022-7-12,ROR IDs
10.7554/elife.48628,2019-9-24,ROR IDs
10.7554/elife.65644,2021-9-3,ROR IDs
10.7554/elife.65979,2021-10-5,ROR IDs
10.7554/elife.64564,2021-4-19,ROR IDs
10.7554/elife.37841,2018-11-27,ROR IDs
10.7554/elife.66043,2021-8-9,ROR IDs
10.7554/elife.14618,2016-6-2,ROR IDs
10.7554/elife.27595,2017-10-30,ROR IDs
10.7554/elife.28932,2017-10-31,ROR IDs
10.7554/elife.20991,2017-1-30,ROR IDs
10.7554/elife.56008,2020-7-9,ROR IDs
10.7554/elife.32871,2018-2-8,ROR IDs
10.7554/elife.45084,2019-6-10,ROR IDs
10.7554/elife.00003,2012-11-13,ROR IDs
10.7554/elife.05124,2015-7-18,ROR IDs
10.7554/elife.61389,2022-1-13,ROR IDs
10.7554/elife.22466,2017-2-23,ROR IDs
10.7554/elife.00461,2013-2-19,ROR IDs
10.7554/elife.36774,2018-8-15,ROR IDs
10.7554/elife.36317,2018-8-23,ROR IDs
10.7554/elife.56527,2020-6-4,ROR IDs
10.7554/elife.52012,2020-4-16,ROR IDs
10.7554/elife.34955,2018-3-27,ROR IDs
10.7554/elife.34836,2018-5-2,ROR IDs
10.7554/elife.47733,2019-11-26,ROR IDs
10.7554/elife.01681,2014-7-15,ROR IDs
10.7554/elife.58057,2020-8-18,ROR IDs
10.7554/elife.04766,2014-12-15,ROR IDs
10.7554/elife.22472,2017-2-3,ROR IDs
10.7554/elife.00873,2013-5-21,ROR IDs
10.7554/elife.09944,2015-7-23,ROR IDs
10.7554/elife.05449,2015-3-4,ROR IDs
10.7554/elife.74981,2021-11-5,ROR IDs
10.7554/elife.13977,2016-2-3,ROR IDs
10.7554/elife.05169,2015-1-9,ROR IDs
10.7554/elife.16019,2016-4-12,ROR IDs
10.7554/elife.23447,2016-12-23,ROR IDs
10.7554/elife.31808,2017-10-10,ROR IDs
10.7554/elife.48999,2019-7-15,ROR IDs
10.7554/elife.49211,2019-7-26,ROR IDs
10.7554/elife.07009,2015-7-8,ROR IDs
10.7554/elife.32015,2017-9-28,ROR IDs
10.7554/elife.02386,2014-3-4,ROR IDs
10.7554/elife.26260,2017-3-28,ROR IDs
10.7554/elife.21230,2016-9-29,ROR IDs
10.7554/elife.12481,2016-1-25,ROR IDs
10.7554/elife.21072,2016-9-23,ROR IDs
10.7554/elife.40034,2018-8-21,ROR IDs
10.7554/elife.12708,2015-11-11,ROR IDs
10.7554/elife.49458,2019-11-14,ROR IDs
10.7554/elife.06545,2015-4-27,ROR IDs
10.7554/elife.36656,2018-6-14,ROR IDs
10.7554/elife.41913,2019-1-15,ROR IDs
10.7554/elife.63537,2021-2-23,ROR IDs
10.7554/elife.28862,2017-7-25,ROR IDs
10.7554/elife.20977,2016-11-25,ROR IDs
10.7554/elife.42068,2019-3-22,ROR IDs
10.7554/elife.40448,2019-3-14,ROR IDs
10.7554/elife.65390,2021-5-25,ROR IDs
10.7554/elife.05519,2015-5-7,ROR IDs
10.7554/elife.44153,2019-11-8,ROR IDs
10.7554/elife.11572,2016-2-29,ROR IDs
10.7554/elife.03307,2014-11-7,ROR IDs
10.7554/elife.17828,2016-8-19,ROR IDs
10.7554/elife.66551,2021-8-2,ROR IDs
10.7554/elife.22540,2017-1-17,ROR IDs
10.7554/elife.26875,2017-6-27,ROR IDs
10.7554/elife.20383,2017-2-14,ROR IDs
10.7554/elife.08811,2015-7-24,ROR IDs
10.7554/elife.61235,2020-12-1,ROR IDs
10.7554/elife.18825,2017-2-21,ROR IDs
10.7554/elife.42762,2019-11-8,ROR IDs
10.7554/elife.47996,2019-9-17,ROR IDs
10.7554/elife.16747,2016-8-31,ROR IDs
10.7554/elife.50034,2019-11-6,ROR IDs
10.7554/elife.22906,2017-2-22,ROR IDs
10.7554/elife.71911,2022-1-20,ROR IDs
10.7554/elife.48907,2019-12-9,ROR IDs
10.7554/elife.62635,2021-9-21,ROR IDs
10.7554/elife.69676,2021-8-16,ROR IDs
10.7554/elife.11031,2016-7-25,ROR IDs
10.7554/elife.50354,2019-11-20,ROR IDs
10.7554/elife.42669,2019-2-12,ROR IDs
10.7554/elife.68336,2021-7-29,ROR IDs
10.7554/elife.59828,2021-8-3,ROR IDs
10.7554/elife.61552,2020-10-26,ROR IDs
10.7554/elife.56980,2020-8-26,ROR IDs
10.7554/elife.47929,2019-8-8,ROR IDs
10.7554/elife.20172,2017-1-18,ROR IDs
10.7554/elife.04741,2014-9-18,ROR IDs
10.7554/elife.12810,2015-11-6,ROR IDs
10.7554/elife.14734,2016-9-15,ROR IDs
10.7554/elife.22300,2016-10-19,ROR IDs
10.7554/elife.22495,2016-10-19,ROR IDs
10.7554/elife.25460,2017-1-31,ROR IDs
10.7554/elife.48968,2019-8-9,ROR IDs
10.7554/elife.39944,2018-12-11,ROR IDs
10.7554/elife.06356,2015-4-21,ROR IDs
10.7554/elife.06535,2015-6-17,ROR IDs
10.7554/elife.08168,2015-4-22,ROR IDs
10.7554/elife.08663,2015-5-28,ROR IDs
10.7554/elife.09395,2015-11-17,ROR IDs
10.7554/elife.107055,2025-4-3,ROR IDs
10.7554/elife.75278,2021-11-29,ROR IDs
10.7554/elife.84187,2022-10-20,ROR IDs
10.7554/elife.85738,2023-1-3,ROR IDs
10.7554/elife.52786,2020-3-25,ROR IDs
10.7554/elife.93941,2023-11-1,ROR IDs
10.7554/elife.60563,2021-4-8,ROR IDs
10.7554/elife.64644,2021-8-10,ROR IDs
10.7554/elife.69424,2021-7-27,ROR IDs
10.7554/elife.71662,2021-11-16,ROR IDs
10.7554/elife.26355,2017-4-27,ROR IDs
10.7554/elife.01345,2013-11-19,ROR IDs
10.7554/elife.21290,2016-11-10,ROR IDs
10.7554/elife.03656,2014-8-27,ROR IDs
10.7554/elife.07454,2015-7-20,ROR IDs
10.7554/elife.48774,2020-1-3,ROR IDs
10.7554/elife.09181,2015-10-6,ROR IDs
10.7554/elife.56619,2020-9-28,ROR IDs
10.7554/elife.44161,2019-3-12,ROR IDs
10.7554/elife.24369,2017-4-11,ROR IDs
10.7554/elife.37892,2018-9-7,ROR IDs
10.7554/elife.44235,2019-4-16,ROR IDs
10.7554/elife.58925,2020-5-28,ROR IDs
10.7554/elife.16965,2016-7-8,ROR IDs
10.7554/elife.26232,2017-5-31,ROR IDs
10.7554/elife.68536,2021-4-19,ROR IDs
10.7554/elife.62203,2021-1-22,ROR IDs
10.7554/elife.63976,2021-5-4,ROR IDs
10.7554/elife.35786,2018-8-10,ROR IDs
10.7554/elife.54076,2020-7-7,ROR IDs
10.7554/elife.34226,2018-5-31,ROR IDs
10.7554/elife.60165,2020-10-6,ROR IDs
10.7554/elife.24573,2017-5-3,ROR IDs
10.7554/elife.63249,2020-12-23,ROR IDs
10.7554/elife.46054,2019-5-22,ROR IDs
10.7554/elife.26177,2017-5-16,ROR IDs
10.7554/elife.29913,2018-1-23,ROR IDs
10.7554/elife.28197,2017-12-4,ROR IDs
10.7554/elife.11553,2015-11-26,ROR IDs
10.7554/elife.60895,2020-10-27,ROR IDs
10.7554/elife.15276,2016-6-10,ROR IDs
10.7554/elife.53514,2020-3-31,ROR IDs
10.7554/elife.57313,2020-7-20,ROR IDs
10.7554/elife.30203,2017-10-25,ROR IDs
10.7554/elife.61092,2021-3-5,ROR IDs
10.7554/elife.39324,2019-3-18,ROR IDs
10.7554/elife.03005,2014-6-14,ROR IDs
10.7554/elife.10501,2015-10-12,ROR IDs
10.7554/elife.39882,2019-4-29,ROR IDs
10.7554/elife.18227,2016-9-20,ROR IDs
10.7554/elife.46131,2019-5-28,ROR IDs
10.7554/elife.54056,2020-4-21,ROR IDs
10.7554/elife.43421,2018-12-18,ROR IDs
10.7554/elife.69063,2021-5-25,ROR IDs
10.7554/elife.55216,2020-2-25,ROR IDs
10.7554/elife.45672,2019-4-29,ROR IDs
10.7554/elife.21354,2017-1-13,ROR IDs
10.7554/elife.59073,2020-12-23,ROR IDs
10.7554/elife.34616,2018-10-30,ROR IDs
10.7554/elife.44039,2019-4-26,ROR IDs
10.7554/elife.59654,2021-6-2,ROR IDs
10.7554/elife.55013,2020-11-17,ROR IDs
10.7554/elife.65306,2021-1-11,ROR IDs
10.7554/elife.13125,2016-4-12,ROR IDs
10.7554/elife.24139,2017-6-27,ROR IDs
10.7554/elife.04785,2015-1-5,ROR IDs
10.7554/elife.52014,2020-3-3,ROR IDs
10.7554/elife.37846,2018-8-31,ROR IDs
10.7554/elife.72093,2021-12-31,ROR IDs
10.7554/elife.55429,2020-3-3,ROR IDs
10.7554/elife.22963,2016-12-23,ROR IDs
10.7554/elife.08688,2015-9-30,ROR IDs
10.7554/elife.12993,2016-4-29,ROR IDs
10.7554/elife.61590,2021-3-22,ROR IDs
10.7554/elife.66898,2021-4-28,ROR IDs
10.7554/elife.28081,2017-8-25,ROR IDs
10.7554/elife.30657,2018-2-6,ROR IDs
10.7554/elife.58374,2020-9-10,ROR IDs
10.7554/elife.31507,2018-3-13,ROR IDs
10.7554/elife.03941,2014-10-3,ROR IDs
10.7554/elife.61388,2020-9-25,ROR IDs
10.7554/elife.38853,2018-9-24,ROR IDs
10.7554/elife.55799,2020-5-19,ROR IDs
10.7554/elife.53986,2020-4-21,ROR IDs
10.7554/elife.67714,2021-6-15,ROR IDs
10.7554/elife.17667,2016-10-10,ROR IDs
10.7554/elife.66738,2021-8-23,ROR IDs
10.7554/elife.36764,2018-4-9,ROR IDs
10.7554/elife.55845,2020-5-20,ROR IDs
10.7554/elife.64903,2021-6-24,ROR IDs
10.7554/elife.63607,2021-4-8,ROR IDs
10.7554/elife.42153,2019-1-8,ROR IDs
10.7554/elife.71521,2022-2-4,ROR IDs
10.7554/elife.56894,2020-8-11,ROR IDs
10.7554/elife.63093,2021-1-13,ROR IDs
10.7554/elife.01257,2014-5-9,ROR IDs
10.7554/elife.24712,2017-5-5,ROR IDs
10.7554/elife.27438,2017-6-29,ROR IDs
10.7554/elife.03558,2014-10-14,ROR IDs
10.7554/elife.48511,2020-1-28,ROR IDs
10.7554/elife.62601,2020-12-9,ROR IDs
10.7554/elife.05958,2015-5-20,ROR IDs
10.7554/elife.45403,2019-5-13,ROR IDs
10.7554/elife.10051,2016-2-19,ROR IDs
10.7554/elife.08942,2015-7-31,ROR IDs
10.7554/elife.08586,2015-9-15,ROR IDs
10.7554/elife.33012,2018-1-30,ROR IDs
10.7554/elife.35578,2018-6-11,ROR IDs
10.7554/elife.06744,2015-7-11,ROR IDs
10.7554/elife.58116,2020-12-22,ROR IDs
10.7554/elife.45954,2019-6-7,ROR IDs
10.7554/elife.12129,2016-2-8,ROR IDs
10.7554/elife.05597,2015-2-2,ROR IDs
10.7554/elife.04988,2015-4-14,ROR IDs
10.7554/elife.59136,2020-7-30,ROR IDs
10.7554/elife.12401,2015-12-23,ROR IDs
10.7554/elife.45450,2019-7-2,ROR IDs
10.7554/elife.34798,2018-3-19,ROR IDs
10.7554/elife.50025,2019-10-29,ROR IDs
10.7554/elife.61279,2021-2-12,ROR IDs
10.7554/elife.54969,2020-2-11,ROR IDs
10.7554/elife.51412,2020-6-24,ROR IDs
10.7554/elife.55352,2020-5-26,ROR IDs
10.7554/elife.18447,2016-9-20,ROR IDs
10.7554/elife.45645,2019-7-9,ROR IDs
10.7554/elife.19332,2016-9-26,ROR IDs
10.7554/elife.12850,2016-4-13,ROR IDs
10.7554/elife.08362,2015-9-3,ROR IDs
10.7554/elife.50566,2019-11-13,ROR IDs
10.7554/elife.47866,2019-11-19,ROR IDs
10.7554/elife.67190,2022-3-18,ROR IDs
10.7554/elife.34410,2018-3-29,ROR IDs
10.7554/elife.36919,2018-7-10,ROR IDs
10.7554/elife.45559,2019-6-7,ROR IDs
10.7554/elife.01136,2013-7-23,ROR IDs
10.7554/elife.22962,2017-3-20,ROR IDs
10.7554/elife.53531,2020-5-18,ROR IDs
10.7554/elife.25773,2017-7-25,ROR IDs
10.7554/elife.35731,2018-5-1,ROR IDs
10.7554/elife.47605,2019-8-8,ROR IDs
10.7554/elife.67170,2021-3-31,ROR IDs
10.7554/elife.56893,2020-11-17,ROR IDs
10.7554/elife.24838,2017-5-22,ROR IDs
10.7554/elife.26839,2017-9-25,ROR IDs
10.7554/elife.04047,2014-12-17,ROR IDs
10.7554/elife.38805,2019-8-13,ROR IDs
10.7554/elife.63512,2021-3-11,ROR IDs
10.7554/elife.10696,2016-2-15,ROR IDs
10.7554/elife.38097,2018-9-11,ROR IDs
10.7554/elife.07596,2016-4-14,ROR IDs
10.7554/elife.61531,2021-2-17,ROR IDs
10.7554/elife.70601,2021-12-2,ROR IDs
10.7554/elife.58064,2021-1-8,ROR IDs
10.7554/elife.41215,2018-11-20,ROR IDs
10.7554/elife.17056,2016-8-3,ROR IDs
10.7554/elife.17688,2016-10-27,ROR IDs
10.7554/elife.52990,2020-1-6,ROR IDs
10.7554/elife.51771,2020-2-5,ROR IDs
10.7554/elife.66834,2021-7-20,ROR IDs
10.7554/elife.54017,2020-5-18,ROR IDs
10.7554/elife.50770,2020-1-20,ROR IDs
10.7554/elife.51830,2020-4-21,ROR IDs
10.7554/elife.06068,2015-4-7,ROR IDs
10.7554/elife.04686,2014-11-21,ROR IDs
10.7554/elife.12950,2016-5-5,ROR IDs
10.7554/elife.06808,2015-3-25,ROR IDs
10.7554/elife.60153,2021-2-11,ROR IDs
10.7554/elife.21937,2017-3-7,ROR IDs
10.7554/elife.00068,2012-11-13,ROR IDs
10.7554/elife.41305,2018-11-15,ROR IDs
10.7554/elife.58541,2021-3-29,ROR IDs
10.7554/elife.00542,2013-7-16,ROR IDs
10.7554/elife.48084,2019-6-10,ROR IDs
10.7554/elife.61630,2021-1-18,ROR IDs
10.7554/elife.62297,2020-11-6,ROR IDs
10.7554/elife.67828,2021-7-12,ROR IDs
10.7554/elife.68054,2021-9-20,ROR IDs
10.7554/elife.70608,2021-10-5,ROR IDs
10.7554/elife.00969,2013-11-5,ROR IDs
10.7554/elife.00953,2013-7-23,ROR IDs
10.7554/elife.02439,2014-5-27,ROR IDs
10.7554/elife.39575,2018-9-27,ROR IDs
10.7554/elife.71575,2021-11-17,ROR IDs
10.7554/elife.17256,2016-8-22,ROR IDs
10.7554/elife.32581,2018-3-27,ROR IDs
10.7554/elife.30883,2017-9-12,ROR IDs
10.7554/elife.32499,2018-6-22,ROR IDs
10.7554/elife.21440,2017-9-11,ROR IDs
10.7554/elife.48979,2019-7-17,ROR IDs
10.7554/elife.50532,2020-3-9,ROR IDs
10.7554/elife.52187,2020-4-7,ROR IDs
10.7554/elife.49696,2019-9-10,ROR IDs
10.7554/elife.49948,2019-12-17,ROR IDs
10.7554/elife.50231,2019-9-5,ROR IDs
10.7554/elife.52153,2019-12-10,ROR IDs
10.7554/elife.47346,2019-10-1,ROR IDs
10.7554/elife.45116,2019-6-7,ROR IDs
10.7554/elife.40234,2019-3-5,ROR IDs
10.7554/elife.42955,2018-12-14,ROR IDs
10.7554/elife.45851,2019-5-2,ROR IDs
10.7554/elife.11008,2016-3-14,ROR IDs
10.7554/elife.27955,2017-8-19,ROR IDs
10.7554/elife.27827,2017-12-14,ROR IDs
10.7554/elife.23955,2017-3-15,ROR IDs
10.7554/elife.62051,2021-6-15,ROR IDs
10.7554/elife.60354,2020-10-14,ROR IDs
10.7554/elife.61174,2020-12-7,ROR IDs
10.7554/elife.59390,2021-3-15,ROR IDs
10.7554/elife.56972,2020-8-24,ROR IDs
10.7554/elife.61919,2020-12-1,ROR IDs
10.7554/elife.54838,2020-12-4,ROR IDs
10.7554/elife.54618,2021-1-4,ROR IDs
10.7554/elife.54276,2020-6-8,ROR IDs
10.7554/elife.26111,2017-5-20,ROR IDs
10.7554/elife.26338,2017-6-9,ROR IDs
10.7554/elife.35828,2018-5-29,ROR IDs
10.7554/elife.35949,2018-9-17,ROR IDs
10.7554/elife.34729,2018-6-21,ROR IDs
10.7554/elife.37143,2018-9-10,ROR IDs
10.7554/elife.06262,2015-5-12,ROR IDs
10.7554/elife.06283,2015-6-12,ROR IDs
10.7554/elife.10451,2015-11-27,ROR IDs
10.7554/elife.12704,2016-3-8,ROR IDs
10.7554/elife.12052,2016-3-1,ROR IDs
10.7554/elife.15797,2016-10-31,ROR IDs
10.7554/elife.16931,2016-6-16,ROR IDs
10.7554/elife.14730,2016-5-20,ROR IDs
10.7554/elife.06250,2015-3-18,ROR IDs
10.7554/elife.36547,2018-7-19,ROR IDs
10.7554/elife.20059,2016-10-25,ROR IDs
10.7554/elife.39111,2018-12-25,ROR IDs
10.7554/elife.31013,2017-11-7,ROR IDs
10.7554/elife.42386,2019-2-8,ROR IDs
10.7554/elife.37762,2018-8-28,ROR IDs
10.7554/elife.35657,2018-5-1,ROR IDs
10.7554/elife.52701,2020-4-21,ROR IDs
10.7554/elife.27793,2017-8-11,ROR IDs
10.7554/elife.18659,2016-9-23,ROR IDs
10.7554/elife.11346,2015-12-29,ROR IDs
10.7554/elife.43864,2019-3-26,ROR IDs
10.7554/elife.40224,2018-12-6,ROR IDs
10.7554/elife.10130,2016-1-28,ROR IDs
10.7554/elife.65484,2021-7-20,ROR IDs
10.7554/elife.21470,2016-12-24,ROR IDs
10.7554/elife.65228,2021-3-16,ROR IDs
10.7554/elife.07403,2015-4-22,ROR IDs
10.7554/elife.34789,2018-6-18,ROR IDs
10.7554/elife.66703,2021-8-23,ROR IDs
10.7554/elife.59177,2020-7-7,ROR IDs
10.7554/elife.61461,2021-5-26,ROR IDs
10.7554/elife.17666,2016-8-31,ROR IDs
10.7554/elife.21036,2017-2-14,ROR IDs
10.7554/elife.58349,2020-7-20,ROR IDs
10.7554/elife.65088,2021-5-4,ROR IDs
10.7554/elife.65762,2021-5-28,ROR IDs
10.7554/elife.36246,2018-8-17,ROR IDs
10.7554/elife.38279,2018-10-12,ROR IDs
10.7554/elife.63886,2021-3-17,ROR IDs
10.7554/elife.56883,2020-12-22,ROR IDs
10.7554/elife.69431,2021-5-28,ROR IDs
10.7554/elife.30056,2017-10-23,ROR IDs
10.7554/elife.50535,2020-1-7,ROR IDs
10.7554/elife.61599,2020-9-14,ROR IDs
10.7554/elife.32473,2017-10-30,ROR IDs
10.7554/elife.00386,2012-12-18,ROR IDs
10.7554/elife.11709,2015-10-21,ROR IDs
10.7554/elife.11326,2015-10-7,ROR IDs
10.7554/elife.08679,2015-6-23,ROR IDs
10.7554/elife.20314,2016-9-6,ROR IDs
10.7554/elife.21263,2016-10-11,ROR IDs
10.7554/elife.13788,2016-2-2,ROR IDs
10.7554/elife.58965,2020-6-22,ROR IDs
10.7554/elife.00958,2013-6-25,ROR IDs
10.7554/elife.54767,2020-2-24,ROR IDs
10.7554/elife.63845,2020-11-17,ROR IDs
10.7554/elife.55396,2020-2-27,ROR IDs
10.7554/elife.50815,2019-9-17,ROR IDs
10.7554/elife.27692,2017-8-15,ROR IDs
10.7554/elife.31867,2018-4-5,ROR IDs
10.7554/elife.69773,2021-12-13,ROR IDs
10.7554/elife.67732,2021-4-30,ROR IDs
10.7554/elife.49223,2019-10-22,ROR IDs
10.7554/elife.01603,2014-2-11,ROR IDs
10.7554/elife.51898,2020-10-5,ROR IDs
10.7554/elife.47372,2019-7-18,ROR IDs
10.7554/elife.50143,2019-12-3,ROR IDs
10.7554/elife.52168,2020-1-22,ROR IDs
10.7554/elife.32018,2018-1-18,ROR IDs
10.7554/elife.44574,2019-6-3,ROR IDs
10.7554/elife.07141,2016-1-12,ROR IDs
10.7554/elife.23702,2017-4-11,ROR IDs
10.7554/elife.24425,2017-6-8,ROR IDs
10.7554/elife.13035,2015-12-30,ROR IDs
10.7554/elife.23268,2017-2-8,ROR IDs
10.7554/elife.01834,2014-2-18,ROR IDs
10.7554/elife.49900,2020-3-18,ROR IDs
10.7554/elife.12669,2016-9-27,ROR IDs
10.7554/elife.38963,2018-10-3,ROR IDs
10.7554/elife.59224,2021-1-19,ROR IDs
10.7554/elife.34901,2018-2-21,ROR IDs
10.7554/elife.71121,2021-8-4,ROR IDs
10.7554/elife.15438,2016-3-31,ROR IDs
10.7554/elife.00340,2012-12-13,ROR IDs
10.7554/elife.18707,2016-7-15,ROR IDs
10.7554/elife.47523,2019-5-14,ROR IDs
10.7554/elife.106701,2025-3-27,ROR IDs
10.7554/elife.102618,2025-1-17,ROR IDs
10.7554/elife.33219,2017-12-4,ROR IDs
10.7554/elife.64948,2020-12-23,ROR IDs
10.7554/elife.64228,2020-11-26,ROR IDs
10.7554/elife.04126,2014-10-13,ROR IDs
10.7554/elife.03293,2014-10-30,ROR IDs
10.7554/elife.04186,2015-3-17,ROR IDs
10.7554/elife.13150,2016-2-24,ROR IDs
10.7554/elife.14166,2016-5-31,ROR IDs
10.7554/elife.10766,2015-12-9,ROR IDs
10.7554/elife.07186,2015-5-7,ROR IDs
10.7554/elife.08501,2015-11-17,ROR IDs
10.7554/elife.09460,2015-12-10,ROR IDs
10.7554/elife.24063,2017-7-11,ROR IDs
10.7554/elife.25008,2017-8-24,ROR IDs
10.7554/elife.22467,2016-12-21,ROR IDs
10.7554/elife.20799,2016-12-12,ROR IDs
10.7554/elife.20718,2016-12-3,ROR IDs
10.7554/elife.19881,2016-11-23,ROR IDs
10.7554/elife.21510,2017-1-16,ROR IDs
10.7554/elife.21199,2017-1-18,ROR IDs
10.7554/elife.33006,2018-3-13,ROR IDs
10.7554/elife.33051,2018-8-1,ROR IDs
10.7554/elife.33220,2018-2-9,ROR IDs
10.7554/elife.29968,2017-12-15,ROR IDs
10.7554/elife.31451,2018-7-20,ROR IDs
10.7554/elife.53249,2020-7-17,ROR IDs
10.7554/elife.50004,2020-1-8,ROR IDs
10.7554/elife.55979,2020-7-2,ROR IDs
10.7554/elife.59341,2021-7-2,ROR IDs
10.7554/elife.59264,2020-6-18,ROR IDs
10.7554/elife.50986,2020-2-13,ROR IDs
10.7554/elife.50629,2020-2-20,ROR IDs
10.7554/elife.55443,2020-4-28,ROR IDs
10.7554/elife.28505,2017-10-6,ROR IDs
10.7554/elife.26424,2017-9-5,ROR IDs
10.7554/elife.48498,2019-12-9,ROR IDs
10.7554/elife.47542,2020-1-14,ROR IDs
10.7554/elife.47027,2019-10-21,ROR IDs
10.7554/elife.49779,2020-2-19,ROR IDs
10.7554/elife.15129,2016-6-8,ROR IDs
10.7554/elife.15200,2016-8-15,ROR IDs
10.7554/elife.35957,2018-10-26,ROR IDs
10.7554/elife.41877,2018-12-28,ROR IDs
10.7554/elife.42633,2019-2-22,ROR IDs
10.7554/elife.44199,2019-6-25,ROR IDs
10.7554/elife.42262,2019-3-15,ROR IDs
10.7554/elife.72264,2021-12-21,ROR IDs
10.7554/elife.70458,2021-8-20,ROR IDs
10.7554/elife.67589,2021-7-26,ROR IDs
10.7554/elife.71968,2021-10-29,ROR IDs
10.7554/elife.66011,2021-8-13,ROR IDs
10.7554/elife.26039,2018-6-8,ROR IDs
10.7554/elife.25543,2017-5-24,ROR IDs
10.7554/elife.26231,2017-9-5,ROR IDs
10.7554/elife.37798,2018-6-25,ROR IDs
10.7554/elife.40292,2019-1-28,ROR IDs
10.7554/elife.40538,2019-3-5,ROR IDs
10.7554/elife.38298,2019-2-27,ROR IDs
10.7554/elife.38865,2018-11-13,ROR IDs
10.7554/elife.40760,2019-2-13,ROR IDs
10.7554/elife.59328,2020-8-4,ROR IDs
10.7554/elife.60208,2021-5-18,ROR IDs
10.7554/elife.60628,2020-12-2,ROR IDs
10.7554/elife.58571,2020-7-23,ROR IDs
10.7554/elife.64480,2021-5-4,ROR IDs
10.7554/elife.65895,2021-5-18,ROR IDs
10.7554/elife.64983,2021-10-29,ROR IDs
10.7554/elife.68215,2021-6-30,ROR IDs
10.7554/elife.60419,2020-11-12,ROR IDs
10.7554/elife.60849,2020-11-2,ROR IDs
10.7554/elife.62915,2021-4-30,ROR IDs
10.7554/elife.65311,2021-4-14,ROR IDs
10.7554/elife.64719,2021-6-21,ROR IDs
10.7554/elife.62114,2020-12-31,ROR IDs
10.7554/elife.63852,2021-6-18,ROR IDs
10.7554/elife.00745,2013-6-11,ROR IDs
10.7554/elife.00801,2013-7-9,ROR IDs
10.7554/elife.06847,2015-5-5,ROR IDs
10.7554/elife.05981,2015-4-24,ROR IDs
10.7554/elife.05648,2015-4-23,ROR IDs
10.7554/elife.02839,2014-7-8,ROR IDs
10.7554/elife.20705,2017-7-19,ROR IDs
10.7554/elife.01004,2013-9-24,ROR IDs
10.7554/elife.47333,2020-4-16,ROR IDs
10.7554/elife.09008,2015-6-22,ROR IDs
10.7554/elife.48750,2019-9-30,ROR IDs
10.7554/elife.33417,2018-3-29,ROR IDs
10.7554/elife.36435,2018-8-2,ROR IDs
10.7554/elife.07187,2015-6-19,ROR IDs
10.7554/elife.58619,2020-7-31,ROR IDs
10.7554/elife.53948,2020-5-15,ROR IDs
10.7554/elife.33318,2018-3-26,ROR IDs
10.7554/elife.07897,2016-4-5,ROR IDs
10.7554/elife.06034,2015-4-14,ROR IDs
10.7554/elife.39381,2018-10-30,ROR IDs
10.7554/elife.39016,2018-9-12,ROR IDs
10.7554/elife.31515,2018-2-5,ROR IDs
10.7554/elife.60936,2021-1-26,ROR IDs
10.7554/elife.43410,2019-3-29,ROR IDs
10.7554/elife.08648,2015-10-27,ROR IDs
10.7554/elife.44597,2019-3-29,ROR IDs
10.7554/elife.31134,2018-3-14,ROR IDs
10.7554/elife.59810,2020-8-26,ROR IDs
10.7554/elife.08401,2015-8-13,ROR IDs
10.7554/elife.10719,2015-11-17,ROR IDs
10.7554/elife.33420,2018-2-7,ROR IDs
10.7554/elife.65777,2021-5-18,ROR IDs
10.7554/elife.02848,2014-6-16,ROR IDs
10.7554/elife.71946,2021-12-24,ROR IDs
10.7554/elife.36131,2018-6-15,ROR IDs
10.7554/elife.07436,2015-6-23,ROR IDs
10.7554/elife.20832,2017-3-6,ROR IDs
10.7554/elife.22037,2017-1-31,ROR IDs
10.7554/elife.64056,2021-4-30,ROR IDs
10.7554/elife.53530,2020-3-3,ROR IDs
10.7554/elife.10912,2016-4-20,ROR IDs
10.7554/elife.00090,2012-12-18,ROR IDs
10.7554/elife.58359,2020-6-3,ROR IDs
10.7554/elife.46808,2019-6-28,ROR IDs
10.7554/elife.50065,2020-1-3,ROR IDs
10.7554/elife.63905,2021-6-22,ROR IDs
10.7554/elife.43654,2019-1-25,ROR IDs
10.7554/elife.33099,2018-5-29,ROR IDs
10.7554/elife.46551,2019-5-30,ROR IDs
10.7554/elife.52505,2020-4-14,ROR IDs
10.7554/elife.17755,2016-10-4,ROR IDs
10.7554/elife.01990,2014-6-23,ROR IDs
10.7554/elife.29677,2017-11-21,ROR IDs
10.7554/elife.63453,2021-9-1,ROR IDs
10.7554/elife.38473,2019-5-2,ROR IDs
10.7554/elife.00994,2013-10-8,ROR IDs
10.7554/elife.52798,2020-3-23,ROR IDs
10.7554/elife.53558,2020-4-6,ROR IDs
10.7554/elife.06914,2015-6-17,ROR IDs
10.7554/elife.04158,2015-1-8,ROR IDs
10.7554/elife.66313,2021-4-19,ROR IDs
10.7554/elife.41927,2019-2-18,ROR IDs
10.7554/elife.19571,2016-11-25,ROR IDs
10.7554/elife.04790,2015-3-5,ROR IDs
10.7554/elife.40924,2019-1-8,ROR IDs
10.7554/elife.28804,2017-9-9,ROR IDs
10.7554/elife.14193,2016-8-15,ROR IDs
10.7554/elife.56935,2020-6-25,ROR IDs
10.7554/elife.69249,2021-9-16,ROR IDs
10.7554/elife.39494,2018-11-21,ROR IDs
10.7554/elife.53664,2020-9-29,ROR IDs
10.7554/elife.56749,2020-10-5,ROR IDs
10.7554/elife.05279,2015-4-15,ROR IDs
10.7554/elife.57258,2020-8-6,ROR IDs
10.7554/elife.33676,2018-9-7,ROR IDs
10.7554/elife.58499,2020-5-28,ROR IDs
10.7554/elife.06489,2015-6-8,ROR IDs
10.7554/elife.46518,2019-3-13,ROR IDs
10.7554/elife.10955,2015-12-10,ROR IDs
10.7554/elife.62183,2021-6-14,ROR IDs
10.7554/elife.29626,2017-11-10,ROR IDs
10.7554/elife.64958,2021-1-14,ROR IDs
10.7554/elife.19788,2016-10-22,ROR IDs
10.7554/elife.00603,2013-6-18,ROR IDs
10.7554/elife.01236,2013-10-29,ROR IDs
10.7554/elife.12577,2016-3-4,ROR IDs
10.7554/elife.16813,2016-9-13,ROR IDs
10.7554/elife.18129,2016-12-6,ROR IDs
10.7554/elife.18898,2016-8-30,ROR IDs
10.7554/elife.105750,2024-12-20,ROR IDs
10.7554/elife.106301,2025-2-7,ROR IDs
10.7554/elife.01763,2014-5-20,ROR IDs
10.7554/elife.02950,2014-9-25,ROR IDs
10.7554/elife.79782,2022-5-4,ROR IDs
10.7554/elife.85158,2022-11-28,ROR IDs
10.7554/elife.99599,2024-5-10,ROR IDs
10.7554/elife.56997,2020-3-18,ROR IDs
10.7554/elife.59045,2020-11-26,ROR IDs
10.7554/elife.59795,2020-10-19,ROR IDs
10.7554/elife.72568,2021-11-16,ROR IDs
10.7554/elife.64691,2021-3-4,ROR IDs
10.7554/elife.22475,2016-10-24,ROR IDs
10.7554/elife.34572,2018-1-8,ROR IDs
10.7554/elife.36711,2018-5-4,ROR IDs
10.7554/elife.48410,2019-8-27,ROR IDs
10.7554/elife.46417,2019-7-25,ROR IDs
10.7554/elife.70878,2022-1-20,ROR IDs
10.7554/elife.28166,2017-9-26,ROR IDs
10.7554/elife.04220,2014-12-9,ROR IDs
10.7554/elife.09102,2015-12-10,ROR IDs
10.7554/elife.53688,2020-5-12,ROR IDs
10.7554/elife.65234,2021-5-13,ROR IDs
10.7554/elife.23625,2018-1-17,ROR IDs
10.7554/elife.60246,2020-11-2,ROR IDs
10.7554/elife.17072,2016-10-11,ROR IDs
10.7554/elife.25606,2017-8-19,ROR IDs
10.7554/elife.50895,2020-4-22,ROR IDs
10.7554/elife.55038,2020-5-4,ROR IDs
10.7554/elife.51918,2020-2-3,ROR IDs
10.7554/elife.61714,2021-2-23,ROR IDs
10.7554/elife.52775,2020-1-7,ROR IDs
10.7554/elife.53103,2020-4-23,ROR IDs
10.7554/elife.61189,2020-12-24,ROR IDs
10.7554/elife.58613,2020-7-8,ROR IDs
10.7554/elife.03357,2014-7-17,ROR IDs
10.7554/elife.67638,2021-6-3,ROR IDs
10.7554/elife.71769,2021-12-13,ROR IDs
10.7554/elife.57017,2020-10-5,ROR IDs
10.7554/elife.49987,2020-1-14,ROR IDs
10.7554/elife.55913,2020-6-5,ROR IDs
10.7554/elife.44548,2019-5-10,ROR IDs
10.7554/elife.56211,2020-6-8,ROR IDs
10.7554/elife.38904,2019-1-14,ROR IDs
10.7554/elife.39273,2018-11-30,ROR IDs
10.7554/elife.46454,2019-7-26,ROR IDs
10.7554/elife.69380,2022-1-6,ROR IDs
10.7554/elife.05899,2015-2-17,ROR IDs
10.7554/elife.41463,2019-1-15,ROR IDs
10.7554/elife.03487,2014-12-22,ROR IDs
10.7554/elife.46599,2019-9-5,ROR IDs
10.7554/elife.11750,2015-12-15,ROR IDs
10.7554/elife.37227,2019-2-5,ROR IDs
10.7554/elife.67753,2021-7-12,ROR IDs
10.7554/elife.46089,2019-9-10,ROR IDs
10.7554/elife.66538,2021-6-15,ROR IDs
10.7554/elife.57205,2020-9-18,ROR IDs
10.7554/elife.46402,2019-10-8,ROR IDs
10.7554/elife.56029,2020-12-29,ROR IDs
10.7554/elife.04775,2015-1-26,ROR IDs
10.7554/elife.01287,2013-12-24,ROR IDs
10.7554/elife.03943,2014-10-3,ROR IDs
10.7554/elife.51224,2020-4-28,ROR IDs
10.7554/elife.21184,2017-1-24,ROR IDs
10.7554/elife.02403,2014-5-27,ROR IDs
10.7554/elife.49110,2019-8-9,ROR IDs
10.7554/elife.29929,2017-11-6,ROR IDs
10.7554/elife.53518,2020-4-7,ROR IDs
10.7554/elife.37880,2019-1-10,ROR IDs
10.7554/elife.41740,2019-1-15,ROR IDs
10.7554/elife.22152,2017-3-6,ROR IDs
10.7554/elife.01958,2014-6-4,ROR IDs
10.7554/elife.65998,2021-4-6,ROR IDs
10.7554/elife.21536,2017-2-15,ROR IDs
10.7554/elife.62574,2021-2-17,ROR IDs
10.7554/elife.68917,2021-8-3,ROR IDs
10.7554/elife.85039,2023-4-27,ROR IDs
10.7554/elife.01104,2013-10-15,ROR IDs
10.7554/elife.48363,2019-10-15,ROR IDs
10.7554/elife.70095,2021-11-29,ROR IDs
10.7554/elife.64508,2021-1-4,ROR IDs
10.7554/elife.43467,2019-2-8,ROR IDs
10.7554/elife.53670,2020-3-9,ROR IDs
10.7554/elife.50697,2019-11-21,ROR IDs
10.7554/elife.69635,2021-9-13,ROR IDs
10.7554/elife.25605,2017-6-20,ROR IDs
10.7554/elife.43990,2019-9-17,ROR IDs
10.7554/elife.27454,2018-2-9,ROR IDs
10.7554/elife.51061,2019-12-3,ROR IDs
10.7554/elife.53165,2020-5-5,ROR IDs
10.7554/elife.23383,2017-1-19,ROR IDs
10.7554/elife.33125,2018-1-4,ROR IDs
10.7554/elife.41046,2019-4-9,ROR IDs
10.7554/elife.60528,2020-11-12,ROR IDs
10.7554/elife.23798,2017-3-23,ROR IDs
10.7554/elife.71393,2021-9-7,ROR IDs
10.7554/elife.22431,2017-2-23,ROR IDs
10.7554/elife.41520,2018-12-18,ROR IDs
10.7554/elife.63591,2021-3-2,ROR IDs
10.7554/elife.27868,2017-9-29,ROR IDs
10.7554/elife.38770,2018-8-2,ROR IDs
10.7554/elife.55471,2020-3-20,ROR IDs
10.7554/elife.01202,2013-11-5,ROR IDs
10.7554/elife.41017,2019-2-14,ROR IDs
10.7554/elife.51696,2020-2-24,ROR IDs
10.7554/elife.23136,2017-3-6,ROR IDs
10.7554/elife.37927,2018-9-18,ROR IDs
10.7554/elife.53200,2020-4-24,ROR IDs
10.7554/elife.71695,2021-10-13,ROR IDs
10.7554/elife.50324,2021-12-24,ROR IDs
10.7554/elife.06197,2015-11-6,ROR IDs
10.7554/elife.38069,2018-11-26,ROR IDs
10.7554/elife.00800,2013-7-2,ROR IDs
10.7554/elife.08469,2015-6-23,ROR IDs
10.7554/elife.59489,2020-11-25,ROR IDs
10.7554/elife.61771,2020-12-4,ROR IDs
10.7554/elife.53406,2020-1-27,ROR IDs
10.7554/elife.27024,2018-4-12,ROR IDs
10.7554/elife.65215,2021-6-30,ROR IDs
10.7554/elife.70619,2021-8-12,ROR IDs
10.7554/elife.21491,2016-11-17,ROR IDs
10.7554/elife.43785,2019-5-15,ROR IDs
10.7554/elife.69732,2021-10-22,ROR IDs
10.7554/elife.08160,2015-8-31,ROR IDs
10.7554/elife.26402,2017-4-13,ROR IDs
10.7554/elife.46924,2019-10-15,ROR IDs
10.7554/elife.26464,2017-6-6,ROR IDs
10.7554/elife.61539,2021-1-6,ROR IDs
10.7554/elife.52803,2020-4-28,ROR IDs
10.7554/elife.37629,2018-7-12,ROR IDs
10.7554/elife.03671,2014-7-20,ROR IDs
10.7554/elife.07197,2015-7-1,ROR IDs
10.7554/elife.35082,2018-10-25,ROR IDs
10.7554/elife.65726,2021-4-20,ROR IDs
10.7554/elife.10230,2015-11-14,ROR IDs
10.7554/elife.08825,2015-8-31,ROR IDs
10.7554/elife.56428,2020-7-29,ROR IDs
10.7554/elife.61849,2021-6-9,ROR IDs
10.7554/elife.47951,2019-7-1,ROR IDs
10.7554/elife.12735,2016-2-16,ROR IDs
10.7554/elife.31373,2017-12-12,ROR IDs
10.7554/elife.71752,2021-11-26,ROR IDs
10.7554/elife.55320,2020-5-18,ROR IDs
10.7554/elife.69248,2021-8-6,ROR IDs
10.7554/elife.04660,2014-12-19,ROR IDs
10.7554/elife.47994,2019-10-1,ROR IDs
10.7554/elife.62207,2021-6-25,ROR IDs
10.7554/elife.50016,2019-8-1,ROR IDs
10.7554/elife.49923,2020-1-14,ROR IDs
10.7554/elife.62206,2021-1-18,ROR IDs
10.7554/elife.61909,2020-12-8,ROR IDs
10.7554/elife.67686,2021-10-22,ROR IDs
10.7554/elife.48469,2019-9-13,ROR IDs
10.7554/elife.51492,2020-1-14,ROR IDs
10.7554/elife.06585,2015-8-21,ROR IDs
10.7554/elife.32497,2017-12-5,ROR IDs
10.7554/elife.66493,2021-7-2,ROR IDs
10.7554/elife.10837,2015-12-23,ROR IDs
10.7554/elife.33650,2017-12-5,ROR IDs
10.7554/elife.38895,2018-7-31,ROR IDs
10.7554/elife.35852,2018-5-8,ROR IDs
10.7554/elife.14576,2016-3-1,ROR IDs
10.7554/elife.36489,2018-4-23,ROR IDs
10.7554/elife.46651,2019-4-10,ROR IDs
10.7554/elife.43512,2018-11-30,ROR IDs
10.7554/elife.46561,2019-5-3,ROR IDs
10.7554/elife.02087,2014-2-4,ROR IDs
10.7554/elife.02715,2014-4-8,ROR IDs
10.7554/elife.62694,2020-10-16,ROR IDs
10.7554/elife.63585,2020-11-17,ROR IDs
10.7554/elife.50626,2019-9-3,ROR IDs
10.7554/elife.66676,2021-2-23,ROR IDs
10.7554/elife.57515,2020-5-19,ROR IDs
10.7554/elife.29586,2017-7-14,ROR IDs
10.7554/elife.08773,2015-6-16,ROR IDs
10.7554/elife.61820,2020-9-16,ROR IDs
10.7554/elife.14790,2016-3-7,ROR IDs
10.7554/elife.109320,2025-10-30,ROR IDs
10.7554/elife.10504,2015-9-1,ROR IDs
10.7554/elife.03981,2014-12-10,ROR IDs
10.7554/elife.12188,2016-9-21,ROR IDs
10.7554/elife.17044,2017-1-19,ROR IDs
10.7554/elife.11092,2015-10-6,ROR IDs
10.7554/elife.03297,2014-9-23,ROR IDs
10.7554/elife.04517,2015-1-27,ROR IDs
10.7554/elife.02907,2014-7-22,ROR IDs
10.7554/elife.09066,2015-12-19,ROR IDs
10.7554/elife.09811,2015-9-29,ROR IDs
10.7554/elife.23699,2017-6-7,ROR IDs
10.7554/elife.25094,2017-3-28,ROR IDs
10.7554/elife.45973,2019-4-11,ROR IDs
10.7554/elife.45983,2019-5-3,ROR IDs
10.7554/elife.44766,2019-4-26,ROR IDs
10.7554/elife.44071,2019-6-11,ROR IDs
10.7554/elife.47534,2019-9-25,ROR IDs
10.7554/elife.45199,2019-8-2,ROR IDs
10.7554/elife.43045,2019-1-15,ROR IDs
10.7554/elife.39649,2018-11-7,ROR IDs
10.7554/elife.42720,2019-7-25,ROR IDs
10.7554/elife.42383,2018-12-19,ROR IDs
10.7554/elife.22194,2017-4-11,ROR IDs
10.7554/elife.21634,2017-1-19,ROR IDs
10.7554/elife.51984,2020-1-15,ROR IDs
10.7554/elife.48434,2019-11-1,ROR IDs
10.7554/elife.52307,2020-2-5,ROR IDs
10.7554/elife.50601,2020-1-9,ROR IDs
10.7554/elife.49570,2019-11-21,ROR IDs
10.7554/elife.31922,2018-5-1,ROR IDs
10.7554/elife.38911,2018-11-5,ROR IDs
10.7554/elife.66797,2021-5-5,ROR IDs
10.7554/elife.71074,2022-1-18,ROR IDs
10.7554/elife.68000,2022-1-28,ROR IDs
10.7554/elife.69264,2021-10-19,ROR IDs
10.7554/elife.65884,2021-8-31,ROR IDs
10.7554/elife.74589,2022-1-10,ROR IDs
10.7554/elife.70361,2021-12-3,ROR IDs
10.7554/elife.34055,2018-5-29,ROR IDs
10.7554/elife.34353,2018-4-13,ROR IDs
10.7554/elife.33746,2018-5-2,ROR IDs
10.7554/elife.34862,2018-5-22,ROR IDs
10.7554/elife.32222,2018-5-8,ROR IDs
10.7554/elife.57822,2020-5-26,ROR IDs
10.7554/elife.58242,2020-12-22,ROR IDs
10.7554/elife.58734,2021-2-22,ROR IDs
10.7554/elife.56974,2021-3-9,ROR IDs
10.7554/elife.58147,2020-12-1,ROR IDs
10.7554/elife.58371,2021-1-6,ROR IDs
10.7554/elife.59186,2020-8-3,ROR IDs
10.7554/elife.59035,2020-9-2,ROR IDs
10.7554/elife.58971,2021-8-4,ROR IDs
10.7554/elife.61254,2021-4-28,ROR IDs
10.7554/elife.66588,2021-10-5,ROR IDs
10.7554/elife.62554,2020-10-26,ROR IDs
10.7554/elife.56811,2020-8-10,ROR IDs
10.7554/elife.58567,2020-8-25,ROR IDs
10.7554/elife.56626,2020-5-22,ROR IDs
10.7554/elife.65540,2021-12-24,ROR IDs
10.7554/elife.64891,2021-5-11,ROR IDs
10.7554/elife.64581,2021-8-6,ROR IDs
10.7554/elife.57968,2020-10-20,ROR IDs
10.7554/elife.57063,2020-12-8,ROR IDs
10.7554/elife.13063,2016-4-19,ROR IDs
10.7554/elife.26801,2017-7-10,ROR IDs
10.7554/elife.26478,2017-7-25,ROR IDs
10.7554/elife.16644,2016-8-9,ROR IDs
10.7554/elife.66454,2021-9-2,ROR IDs
10.7554/elife.63779,2021-4-23,ROR IDs
10.7554/elife.59839,2020-12-21,ROR IDs
10.7554/elife.10820,2016-1-21,ROR IDs
10.7554/elife.28297,2017-7-25,ROR IDs
10.7554/elife.35954,2018-4-9,ROR IDs
10.7554/elife.20269,2016-12-6,ROR IDs
10.7554/elife.14409,2016-3-7,ROR IDs
10.7554/elife.59272,2021-2-1,ROR IDs
10.7554/elife.59426,2020-11-10,ROR IDs
10.7554/elife.43281,2019-4-4,ROR IDs
10.7554/elife.35898,2018-8-1,ROR IDs
10.7554/elife.79548,2023-8-3,ROR IDs
10.7554/elife.70931,2021-9-30,ROR IDs
10.7554/elife.00932,2013-10-22,ROR IDs
10.7554/elife.18017,2016-8-30,ROR IDs
10.7554/elife.02501,2014-6-2,ROR IDs
10.7554/elife.25366,2017-5-2,ROR IDs
10.7554/elife.48373,2019-11-20,ROR IDs
10.7554/elife.11154,2016-4-27,ROR IDs
10.7554/elife.39981,2018-12-3,ROR IDs
10.7554/elife.42012,2019-5-17,ROR IDs
10.7554/elife.22696,2017-2-6,ROR IDs
10.7554/elife.69161,2021-8-24,ROR IDs
10.7554/elife.55678,2020-6-15,ROR IDs
10.7554/elife.67611,2021-11-29,ROR IDs
10.7554/elife.07389,2015-7-30,ROR IDs
10.7554/elife.18882,2016-11-23,ROR IDs
10.7554/elife.26850,2017-8-21,ROR IDs
10.7554/elife.62932,2021-12-6,ROR IDs
10.7554/elife.26023,2017-7-6,ROR IDs
10.7554/elife.29112,2017-9-29,ROR IDs
10.7554/elife.69836,2021-10-26,ROR IDs
10.7554/elife.15750,2016-4-13,ROR IDs
10.7554/elife.32838,2018-2-8,ROR IDs
10.7554/elife.59726,2020-9-15,ROR IDs
10.7554/elife.12002,2015-12-18,ROR IDs
10.7554/elife.00631,2013-5-14,ROR IDs
10.7554/elife.54831,2020-4-23,ROR IDs
10.7554/elife.59753,2020-11-16,ROR IDs
10.7554/elife.19274,2016-11-1,ROR IDs
10.7554/elife.48958,2019-9-24,ROR IDs
10.7554/elife.40580,2019-5-23,ROR IDs
10.7554/elife.04000,2015-2-3,ROR IDs
10.7554/elife.08206,2015-12-9,ROR IDs
10.7554/elife.02730,2014-5-27,ROR IDs
10.7554/elife.57730,2021-1-4,ROR IDs
10.7554/elife.20975,2017-2-14,ROR IDs
10.7554/elife.10027,2015-9-15,ROR IDs
10.7554/elife.68903,2021-9-22,ROR IDs
10.7554/elife.70520,2021-11-29,ROR IDs
10.7554/elife.03700,2015-4-13,ROR IDs
10.7554/elife.19058,2016-9-19,ROR IDs
10.7554/elife.04883,2015-3-10,ROR IDs
10.7554/elife.25413,2017-6-6,ROR IDs
10.7554/elife.66376,2022-1-19,ROR IDs
10.7554/elife.33569,2018-3-16,ROR IDs
10.7554/elife.39787,2019-10-23,ROR IDs
10.7554/elife.44474,2019-9-16,ROR IDs
10.7554/elife.51972,2020-3-13,ROR IDs
10.7554/elife.62483,2021-3-30,ROR IDs
10.7554/elife.23235,2017-5-16,ROR IDs
10.7554/elife.08504,2015-9-8,ROR IDs
10.7554/elife.03614,2015-2-16,ROR IDs
10.7554/elife.12362,2015-12-28,ROR IDs
10.7554/elife.35587,2018-6-5,ROR IDs
10.7554/elife.41439,2019-1-22,ROR IDs
10.7554/elife.46827,2019-9-20,ROR IDs
10.7554/elife.65766,2021-5-21,ROR IDs
10.7554/elife.37291,2018-9-26,ROR IDs
10.7554/elife.57028,2020-6-8,ROR IDs
10.7554/elife.08483,2015-11-4,ROR IDs
10.7554/elife.26215,2017-10-23,ROR IDs
10.7554/elife.55487,2020-5-26,ROR IDs
10.7554/elife.25716,2017-6-7,ROR IDs
10.7554/elife.07571,2015-10-28,ROR IDs
10.7554/elife.36428,2018-9-11,ROR IDs
10.7554/elife.51423,2019-12-11,ROR IDs
10.7554/elife.27119,2017-11-8,ROR IDs
10.7554/elife.08413,2015-11-10,ROR IDs
10.7554/elife.57297,2020-10-7,ROR IDs
10.7554/elife.67173,2021-4-13,ROR IDs
10.7554/elife.13500,2016-5-12,ROR IDs
10.7554/elife.55119,2020-8-10,ROR IDs
10.7554/elife.34613,2018-5-29,ROR IDs
10.7554/elife.40919,2019-2-22,ROR IDs
10.7554/elife.31522,2018-1-11,ROR IDs
10.7554/elife.56086,2020-8-27,ROR IDs
10.7554/elife.53560,2020-5-1,ROR IDs
10.7554/elife.10786,2016-2-11,ROR IDs
10.7554/elife.39393,2018-12-17,ROR IDs
10.7554/elife.64188,2021-7-6,ROR IDs
10.7554/elife.44452,2019-7-9,ROR IDs
10.7554/elife.47326,2019-8-20,ROR IDs
10.7554/elife.73992,2022-1-20,ROR IDs
10.7554/elife.63784,2021-4-27,ROR IDs
10.7554/elife.46850,2019-9-12,ROR IDs
10.7554/elife.69198,2021-10-5,ROR IDs
10.7554/elife.34414,2018-7-26,ROR IDs
10.7554/elife.23043,2017-4-25,ROR IDs
10.7554/elife.15550,2016-7-20,ROR IDs
10.7554/elife.02559,2014-7-8,ROR IDs
10.7554/elife.72483,2022-2-9,ROR IDs
10.7554/elife.71188,2021-8-10,ROR IDs
10.7554/elife.05413,2015-3-6,ROR IDs
10.7554/elife.63528,2020-12-9,ROR IDs
10.7554/elife.42129,2019-1-2,ROR IDs
10.7554/elife.04885,2015-1-9,ROR IDs
10.7554/elife.54379,2020-3-24,ROR IDs
10.7554/elife.56629,2020-5-19,ROR IDs
10.7554/elife.58498,2020-8-25,ROR IDs
10.7554/elife.19295,2016-11-18,ROR IDs
10.7554/elife.00288,2013-4-16,ROR IDs
10.7554/elife.70016,2021-12-31,ROR IDs
10.7554/elife.63632,2021-4-9,ROR IDs
10.7554/elife.65381,2021-3-26,ROR IDs
10.7554/elife.29738,2017-10-3,ROR IDs
10.7554/elife.34110,2018-6-29,ROR IDs
10.7554/elife.67019,2021-9-6,ROR IDs
10.7554/elife.01977,2014-11-18,ROR IDs
10.7554/elife.61660,2021-9-27,ROR IDs
10.7554/elife.43487,2019-1-16,ROR IDs
10.7554/elife.62644,2021-11-30,ROR IDs
10.7554/elife.69353,2021-9-14,ROR IDs
10.7554/elife.41351,2019-1-29,ROR IDs
10.7554/elife.50684,2020-6-2,ROR IDs
10.7554/elife.64166,2021-1-26,ROR IDs
10.7554/elife.43235,2019-7-11,ROR IDs
10.7554/elife.17092,2016-9-27,ROR IDs
10.7554/elife.70349,2021-10-7,ROR IDs
10.7554/elife.66635,2021-9-28,ROR IDs
10.7554/elife.24623,2017-5-16,ROR IDs
10.7554/elife.10473,2016-5-17,ROR IDs
10.7554/elife.22280,2016-11-19,ROR IDs
10.7554/elife.41556,2019-2-15,ROR IDs
10.7554/elife.68719,2021-7-13,ROR IDs
10.7554/elife.72730,2022-1-6,ROR IDs
10.7554/elife.05115,2014-12-9,ROR IDs
10.7554/elife.09419,2015-11-13,ROR IDs
10.7554/elife.52696,2020-2-26,ROR IDs
10.7554/elife.46356,2019-8-21,ROR IDs
10.7554/elife.35336,2018-3-7,ROR IDs
10.7554/elife.04876,2015-2-10,ROR IDs
10.7554/elife.13598,2016-3-18,ROR IDs
10.7554/elife.50960,2020-1-16,ROR IDs
10.7554/elife.10222,2015-12-10,ROR IDs
10.7554/elife.05105,2014-12-29,ROR IDs
10.7554/elife.10074,2015-9-7,ROR IDs
10.7554/elife.25687,2017-3-31,ROR IDs
10.7554/elife.39725,2019-3-21,ROR IDs
10.7554/elife.00592,2013-4-30,ROR IDs
10.7554/elife.12814,2016-1-8,ROR IDs
10.7554/elife.50678,2020-4-14,ROR IDs
10.7554/elife.63775,2021-3-9,ROR IDs
10.7554/elife.12081,2016-5-3,ROR IDs
10.7554/elife.58411,2020-7-22,ROR IDs
10.7554/elife.65012,2021-3-31,ROR IDs
10.7554/elife.73695,2022-3-1,ROR IDs
10.7554/elife.55249,2020-6-30,ROR IDs
10.7554/elife.29319,2017-10-30,ROR IDs
10.7554/elife.61302,2020-11-11,ROR IDs
10.7554/elife.68549,2021-7-19,ROR IDs
10.7554/elife.30257,2018-1-5,ROR IDs
10.7554/elife.00537,2013-5-21,ROR IDs
10.7554/elife.00422,2013-5-14,ROR IDs
10.7554/elife.55771,2020-4-30,ROR IDs
10.7554/elife.63225,2021-3-23,ROR IDs
10.7554/elife.54983,2020-5-11,ROR IDs
10.7554/elife.06085,2015-7-9,ROR IDs
10.7554/elife.50163,2019-12-23,ROR IDs
10.7554/elife.60619,2020-9-9,ROR IDs
10.7554/elife.34272,2018-6-26,ROR IDs
10.7554/elife.47492,2019-9-10,ROR IDs
10.7554/elife.67321,2021-6-11,ROR IDs
10.7554/elife.24656,2018-1-3,ROR IDs
10.7554/elife.08419,2015-11-19,ROR IDs
10.7554/elife.46574,2019-9-25,ROR IDs
10.7554/elife.29655,2017-8-18,ROR IDs
10.7554/elife.47084,2019-8-27,ROR IDs
10.7554/elife.15545,2016-4-21,ROR IDs
10.7554/elife.106198,2025-2-3,ROR IDs
10.7554/elife.72022,2021-7-9,ROR IDs
10.7554/elife.74648,2022-1-4,ROR IDs
10.7554/elife.01114,2013-7-2,ROR IDs
10.7554/elife.26528,2017-3-8,ROR IDs
10.7554/elife.31512,2017-9-7,ROR IDs
10.7554/elife.31550,2017-10-9,ROR IDs
10.7554/elife.83277,2022-9-14,ROR IDs
10.7554/elife.86893,2023-2-23,ROR IDs
10.7554/elife.87987,2023-3-22,ROR IDs
10.7554/elife.37316,2018-4-10,ROR IDs
10.7554/elife.38361,2018-5-16,ROR IDs
10.7554/elife.43415,2019-4-25,ROR IDs
10.7554/elife.46313,2019-6-21,ROR IDs
10.7554/elife.48778,2019-5-28,ROR IDs
10.7554/elife.51742,2019-9-11,ROR IDs
10.7554/elife.91539,2023-8-2,ROR IDs
10.7554/elife.57666,2020-4-16,ROR IDs
10.7554/elife.65742,2021-4-23,ROR IDs
10.7554/elife.70755,2021-5-28,ROR IDs
10.7554/elife.65150,2021-6-28,ROR IDs
10.7554/elife.48118,2019-11-25,ROR IDs
10.7554/elife.38017,2018-7-16,ROR IDs
10.7554/elife.59351,2020-8-17,ROR IDs
10.7554/elife.52004,2019-12-12,ROR IDs
10.7554/elife.45257,2019-7-8,ROR IDs
10.7554/elife.72873,2021-10-1,ROR IDs
10.7554/elife.51712,2020-4-7,ROR IDs
10.7554/elife.23539,2017-7-7,ROR IDs
10.7554/elife.07122,2015-7-10,ROR IDs
10.7554/elife.64787,2021-1-7,ROR IDs
10.7554/elife.70451,2021-12-6,ROR IDs
10.7554/elife.00772,2013-8-27,ROR IDs
10.7554/elife.08760,2015-10-13,ROR IDs
10.7554/elife.54229,2020-4-21,ROR IDs
10.7554/elife.63509,2021-1-21,ROR IDs
10.7554/elife.18073,2016-8-9,ROR IDs
10.7554/elife.10607,2016-5-25,ROR IDs
10.7554/elife.23496,2017-5-22,ROR IDs
10.7554/elife.30649,2018-1-23,ROR IDs
10.7554/elife.23481,2017-4-27,ROR IDs
10.7554/elife.64714,2021-4-16,ROR IDs
10.7554/elife.35832,2018-7-25,ROR IDs
10.7554/elife.12469,2016-5-17,ROR IDs
10.7554/elife.11473,2016-1-26,ROR IDs
10.7554/elife.52716,2020-4-21,ROR IDs
10.7554/elife.45815,2019-5-8,ROR IDs
10.7554/elife.63502,2021-1-5,ROR IDs
10.7554/elife.63954,2021-8-5,ROR IDs
10.7554/elife.15312,2016-5-20,ROR IDs
10.7554/elife.03703,2014-8-19,ROR IDs
10.7554/elife.00886,2013-8-27,ROR IDs
10.7554/elife.57410,2020-5-26,ROR IDs
10.7554/elife.103959,2025-9-30,ROR IDs
10.7554/elife.46814,2019-7-11,ROR IDs
10.7554/elife.66240,2021-4-13,ROR IDs
10.7554/elife.34171,2018-7-3,ROR IDs
10.7554/elife.43482,2019-2-6,ROR IDs
10.7554/elife.69148,2021-9-20,ROR IDs
10.7554/elife.22631,2017-3-13,ROR IDs
10.7554/elife.71879,2021-10-5,ROR IDs
10.7554/elife.62659,2020-12-10,ROR IDs
10.7554/elife.67077,2021-5-14,ROR IDs
10.7554/elife.66601,2021-5-18,ROR IDs
10.7554/elife.03599,2015-7-20,ROR IDs
10.7554/elife.32330,2017-11-1,ROR IDs
10.7554/elife.35246,2018-2-27,ROR IDs
10.7554/elife.47381,2019-4-5,ROR IDs
10.7554/elife.16761,2016-9-13,ROR IDs
10.7554/elife.42341,2019-1-24,ROR IDs
10.7554/elife.03915,2014-11-7,ROR IDs
10.7554/elife.55080,2020-6-16,ROR IDs
10.7554/elife.28040,2017-9-13,ROR IDs
10.7554/elife.62567,2021-11-10,ROR IDs
10.7554/elife.65948,2021-4-20,ROR IDs
10.7554/elife.31599,2018-11-12,ROR IDs
10.7554/elife.27346,2017-9-29,ROR IDs
10.7554/elife.01779,2013-12-3,ROR IDs
10.7554/elife.20686,2016-9-20,ROR IDs
10.7554/elife.14643,2016-5-7,ROR IDs
10.7554/elife.28069,2017-7-17,ROR IDs
10.7554/elife.26956,2017-8-8,ROR IDs
10.7554/elife.26524,2017-5-8,ROR IDs
10.7554/elife.28275,2017-9-11,ROR IDs
10.7554/elife.29905,2017-12-12,ROR IDs
10.7554/elife.71270,2021-9-7,ROR IDs
10.7554/elife.71683,2021-11-9,ROR IDs
10.7554/elife.70576,2021-9-17,ROR IDs
10.7554/elife.68610,2021-9-1,ROR IDs
10.7554/elife.23355,2017-2-8,ROR IDs
10.7554/elife.25392,2017-3-18,ROR IDs
10.7554/elife.36095,2018-7-9,ROR IDs
10.7554/elife.60498,2020-9-21,ROR IDs
10.7554/elife.64860,2021-11-9,ROR IDs
10.7554/elife.68205,2021-7-22,ROR IDs
10.7554/elife.67663,2021-11-22,ROR IDs
10.7554/elife.63922,2021-3-24,ROR IDs
10.7554/elife.64518,2021-7-19,ROR IDs
10.7554/elife.62765,2020-12-22,ROR IDs
10.7554/elife.64588,2020-12-29,ROR IDs
10.7554/elife.66225,2021-4-6,ROR IDs
10.7554/elife.70160,2021-6-28,ROR IDs
10.7554/elife.70021,2021-11-8,ROR IDs
10.7554/elife.64498,2022-1-11,ROR IDs
10.7554/elife.65620,2021-3-31,ROR IDs
10.7554/elife.65993,2021-3-8,ROR IDs
10.7554/elife.69096,2022-2-2,ROR IDs
10.7554/elife.70106,2021-10-4,ROR IDs
10.7554/elife.21673,2017-1-13,ROR IDs
10.7554/elife.13232,2015-12-28,ROR IDs
10.7554/elife.12151,2016-4-15,ROR IDs
10.7554/elife.11273,2016-2-10,ROR IDs
10.7554/elife.21964,2016-11-16,ROR IDs
10.7554/elife.50325,2020-2-27,ROR IDs
10.7554/elife.51114,2019-12-12,ROR IDs
10.7554/elife.51456,2020-1-14,ROR IDs
10.7554/elife.47870,2019-9-5,ROR IDs
10.7554/elife.51927,2020-10-12,ROR IDs
10.7554/elife.46916,2019-10-28,ROR IDs
10.7554/elife.47509,2019-11-26,ROR IDs
10.7554/elife.20732,2016-11-30,ROR IDs
10.7554/elife.21383,2016-10-13,ROR IDs
10.7554/elife.45252,2019-4-24,ROR IDs
10.7554/elife.03083,2014-8-19,ROR IDs
10.7554/elife.69994,2021-8-19,ROR IDs
10.7554/elife.56020,2021-3-22,ROR IDs
10.7554/elife.02131,2014-4-8,ROR IDs
10.7554/elife.01579,2014-3-4,ROR IDs
10.7554/elife.00321,2013-2-5,ROR IDs
10.7554/elife.05914,2015-5-8,ROR IDs
10.7554/elife.05979,2015-4-24,ROR IDs
10.7554/elife.04599,2015-2-23,ROR IDs
10.7554/elife.05560,2015-3-5,ROR IDs
10.7554/elife.08711,2016-3-17,ROR IDs
10.7554/elife.08697,2015-9-26,ROR IDs
10.7554/elife.10365,2015-12-23,ROR IDs
10.7554/elife.13828,2016-4-19,ROR IDs
10.7554/elife.15133,2016-8-19,ROR IDs
10.7554/elife.15202,2016-5-24,ROR IDs
10.7554/elife.30839,2018-1-31,ROR IDs
10.7554/elife.33891,2018-6-6,ROR IDs
10.7554/elife.30963,2018-1-29,ROR IDs
10.7554/elife.60155,2020-9-16,ROR IDs
10.7554/elife.60960,2021-9-2,ROR IDs
10.7554/elife.62334,2020-12-8,ROR IDs
10.7554/elife.62639,2021-4-26,ROR IDs
10.7554/elife.59711,2020-11-24,ROR IDs
10.7554/elife.56860,2020-7-14,ROR IDs
10.7554/elife.56189,2020-6-19,ROR IDs
10.7554/elife.54795,2020-10-27,ROR IDs
10.7554/elife.56354,2020-6-18,ROR IDs
10.7554/elife.52370,2020-8-27,ROR IDs
10.7554/elife.63107,2021-3-16,ROR IDs
10.7554/elife.59157,2020-11-16,ROR IDs
10.7554/elife.57089,2020-5-15,ROR IDs
10.7554/elife.56816,2020-7-20,ROR IDs
10.7554/elife.52702,2020-4-21,ROR IDs
10.7554/elife.25517,2017-8-15,ROR IDs
10.7554/elife.22883,2017-2-13,ROR IDs
10.7554/elife.40387,2019-1-22,ROR IDs
10.7554/elife.42542,2019-9-3,ROR IDs
10.7554/elife.40618,2018-12-20,ROR IDs
10.7554/elife.11692,2015-12-8,ROR IDs
10.7554/elife.34555,2018-1-29,ROR IDs
10.7554/elife.03896,2014-11-17,ROR IDs
10.7554/elife.03575,2014-7-8,ROR IDs
10.7554/elife.12386,2015-12-15,ROR IDs
10.7554/elife.39664,2018-8-6,ROR IDs
10.7554/elife.07431,2015-4-16,ROR IDs
10.7554/elife.62104,2020-9-1,ROR IDs
10.7554/elife.57668,2020-5-28,ROR IDs
10.7554/elife.74912,2021-12-9,ROR IDs
10.7554/elife.67634,2021-3-23,ROR IDs
10.7554/elife.59379,2020-6-30,ROR IDs
10.7554/elife.63871,2020-11-10,ROR IDs
10.7554/elife.59046,2022-1-13,ROR IDs
10.7554/elife.35663,2018-3-1,ROR IDs
10.7554/elife.14955,2016-3-15,ROR IDs
10.7554/elife.30183,2017-7-11,ROR IDs
10.7554/elife.16846,2016-5-18,ROR IDs
10.7554/elife.16964,2016-5-13,ROR IDs
10.7554/elife.37732,2018-5-29,ROR IDs
10.7554/elife.60912,2020-8-11,ROR IDs
10.7554/elife.65676,2021-2-2,ROR IDs
10.7554/elife.56833,2020-4-27,ROR IDs
10.7554/elife.69398,2021-7-22,ROR IDs
10.7554/elife.27894,2017-5-23,ROR IDs
10.7554/elife.37357,2018-7-25,ROR IDs
10.7554/elife.38689,2018-8-7,ROR IDs
10.7554/elife.66406,2021-9-9,ROR IDs
10.7554/elife.46816,2019-10-14,ROR IDs
10.7554/elife.70412,2021-11-15,ROR IDs
10.7554/elife.50608,2020-3-6,ROR IDs
10.7554/elife.02130,2014-4-24,ROR IDs
10.7554/elife.67523,2021-8-17,ROR IDs
10.7554/elife.31149,2018-1-11,ROR IDs
10.7554/elife.14874,2016-5-9,ROR IDs
10.7554/elife.71351,2021-9-29,ROR IDs
10.7554/elife.07811,2015-12-1,ROR IDs
10.7554/elife.40101,2019-1-9,ROR IDs
10.7554/elife.41337,2019-1-15,ROR IDs
10.7554/elife.63444,2021-1-11,ROR IDs
10.7554/elife.27190,2017-8-10,ROR IDs
10.7554/elife.45311,2019-4-29,ROR IDs
10.7554/elife.07455,2015-8-12,ROR IDs
10.7554/elife.49734,2020-2-7,ROR IDs
10.7554/elife.66226,2021-5-12,ROR IDs
10.7554/elife.00626,2013-5-21,ROR IDs
10.7554/elife.27860,2017-10-30,ROR IDs
10.7554/elife.69456,2021-9-13,ROR IDs
10.7554/elife.12556,2016-1-29,ROR IDs
10.7554/elife.00429,2013-5-21,ROR IDs
10.7554/elife.30107,2017-10-26,ROR IDs
10.7554/elife.37419,2018-5-9,ROR IDs
10.7554/elife.69312,2021-8-31,ROR IDs
10.7554/elife.04634,2015-3-10,ROR IDs
10.7554/elife.53008,2020-2-14,ROR IDs
10.7554/elife.84243,2025-9-18,ROR IDs
10.7554/elife.66917,2021-6-7,ROR IDs
10.7554/elife.26435,2017-9-21,ROR IDs
10.7554/elife.56664,2020-8-25,ROR IDs
10.7554/elife.23202,2017-7-11,ROR IDs
10.7554/elife.22861,2017-6-15,ROR IDs
10.7554/elife.58417,2020-11-6,ROR IDs
10.7554/elife.03445,2014-12-22,ROR IDs
10.7554/elife.02669,2014-5-7,ROR IDs
10.7554/elife.03522,2015-2-18,ROR IDs
10.7554/elife.59696,2021-5-11,ROR IDs
10.7554/elife.53445,2020-6-26,ROR IDs
10.7554/elife.61453,2021-4-7,ROR IDs
10.7554/elife.55529,2020-11-13,ROR IDs
10.7554/elife.06358,2015-4-16,ROR IDs
10.7554/elife.16127,2016-6-22,ROR IDs
10.7554/elife.40093,2019-2-19,ROR IDs
10.7554/elife.29539,2018-3-8,ROR IDs
10.7554/elife.43019,2018-12-18,ROR IDs
10.7554/elife.32341,2018-2-26,ROR IDs
10.7554/elife.50925,2019-11-5,ROR IDs
10.7554/elife.62375,2021-7-13,ROR IDs
10.7554/elife.69056,2021-10-15,ROR IDs
10.7554/elife.18889,2016-11-15,ROR IDs
10.7554/elife.30756,2018-2-27,ROR IDs
10.7554/elife.42057,2018-12-24,ROR IDs
10.7554/elife.51406,2020-3-4,ROR IDs
10.7554/elife.01861,2014-4-15,ROR IDs
10.7554/elife.50226,2019-9-25,ROR IDs
10.7554/elife.55124,2020-8-17,ROR IDs
10.7554/elife.52289,2020-2-14,ROR IDs
10.7554/elife.11159,2015-11-19,ROR IDs
10.7554/elife.64283,2021-3-25,ROR IDs
10.7554/elife.41299,2019-3-13,ROR IDs
10.7554/elife.26591,2017-7-18,ROR IDs
10.7554/elife.58145,2020-11-19,ROR IDs
10.7554/elife.58668,2020-9-11,ROR IDs
10.7554/elife.48601,2019-10-29,ROR IDs
10.7554/elife.25728,2017-5-17,ROR IDs
10.7554/elife.64013,2021-5-19,ROR IDs
10.7554/elife.17047,2016-9-26,ROR IDs
10.7554/elife.47001,2019-6-27,ROR IDs
10.7554/elife.46202,2019-8-27,ROR IDs
10.7554/elife.33370,2018-4-26,ROR IDs
10.7554/elife.65309,2021-10-14,ROR IDs
10.7554/elife.58989,2020-6-8,ROR IDs
10.7554/elife.35337,2018-3-27,ROR IDs
10.7554/elife.49291,2019-10-18,ROR IDs
10.7554/elife.62922,2021-2-19,ROR IDs
10.7554/elife.74135,2021-11-2,ROR IDs
10.7554/elife.34701,2018-3-20,ROR IDs
10.7554/elife.53990,2020-11-13,ROR IDs
10.7554/elife.01831,2014-4-22,ROR IDs
10.7554/elife.09861,2015-11-14,ROR IDs
10.7554/elife.61523,2020-10-21,ROR IDs
10.7554/elife.20488,2017-3-15,ROR IDs
10.7554/elife.41319,2018-11-27,ROR IDs
10.7554/elife.47212,2019-8-8,ROR IDs
10.7554/elife.61238,2020-8-25,ROR IDs
10.7554/elife.42288,2019-8-13,ROR IDs
10.7554/elife.49995,2019-9-6,ROR IDs
10.7554/elife.14034,2016-4-12,ROR IDs
10.7554/elife.69068,2021-7-16,ROR IDs
10.7554/elife.70327,2021-6-16,ROR IDs
10.7554/elife.51447,2019-12-12,ROR IDs
10.7554/elife.08817,2015-11-20,ROR IDs
10.7554/elife.09262,2015-7-24,ROR IDs
10.7554/elife.28030,2017-7-14,ROR IDs
10.7554/elife.45105,2019-4-9,ROR IDs
10.7554/elife.81645,2022-10-12,ROR IDs
10.7554/elife.45181,2019-5-29,ROR IDs
10.7554/elife.56367,2020-6-30,ROR IDs
10.7554/elife.54207,2020-8-24,ROR IDs
10.7554/elife.58630,2020-11-10,ROR IDs
10.7554/elife.66112,2021-5-4,ROR IDs
10.7554/elife.52613,2020-4-2,ROR IDs
10.7554/elife.48284,2019-9-23,ROR IDs
10.7554/elife.59751,2021-6-1,ROR IDs
10.7554/elife.16246,2016-8-23,ROR IDs
10.7554/elife.48065,2019-10-9,ROR IDs
10.7554/elife.00533,2013-9-10,ROR IDs
10.7554/elife.04371,2014-8-22,ROR IDs
10.7554/elife.108912,2025-8-20,ROR IDs
10.7554/elife.11547,2015-9-22,ROR IDs
10.7554/elife.16624,2016-10-3,ROR IDs
10.7554/elife.104341,2024-11-11,ROR IDs
10.7554/elife.107369,2025-5-2,ROR IDs
10.7554/elife.40162,2019-2-26,ROR IDs
10.7554/elife.43690,2018-11-16,ROR IDs
10.7554/elife.58195,2020-4-27,ROR IDs
10.7554/elife.59079,2020-10-2,ROR IDs
10.7554/elife.01967,2014-4-16,ROR IDs
10.7554/elife.07074,2015-3-25,ROR IDs
10.7554/elife.37243,2018-9-10,ROR IDs
10.7554/elife.70680,2022-1-25,ROR IDs
10.7554/elife.66954,2021-6-16,ROR IDs
10.7554/elife.62455,2021-1-19,ROR IDs
10.7554/elife.10180,2015-10-6,ROR IDs
10.7554/elife.16843,2016-8-30,ROR IDs
10.7554/elife.23352,2017-1-6,ROR IDs
10.7554/elife.68242,2022-1-11,ROR IDs
10.7554/elife.64045,2021-5-10,ROR IDs
10.7554/elife.07253,2015-5-22,ROR IDs
10.7554/elife.32930,2018-3-20,ROR IDs
10.7554/elife.60482,2020-9-14,ROR IDs
10.7554/elife.55549,2020-6-19,ROR IDs
10.7554/elife.64851,2021-7-22,ROR IDs
10.7554/elife.51188,2020-2-17,ROR IDs
10.7554/elife.16921,2016-10-4,ROR IDs
10.7554/elife.00857,2013-7-16,ROR IDs
10.7554/elife.59153,2020-8-4,ROR IDs
10.7554/elife.54313,2020-7-6,ROR IDs
10.7554/elife.44530,2019-5-14,ROR IDs
10.7554/elife.06878,2015-5-13,ROR IDs
10.7554/elife.74730,2021-10-19,ROR IDs
10.7554/elife.76247,2021-12-15,ROR IDs
10.7554/elife.77377,2022-1-27,ROR IDs
10.7554/elife.26811,2017-3-15,ROR IDs
10.7554/elife.28205,2017-5-5,ROR IDs
10.7554/elife.21887,2017-2-15,ROR IDs
10.7554/elife.27810,2017-7-7,ROR IDs
10.7554/elife.22175,2017-4-26,ROR IDs
10.7554/elife.60541,2020-9-17,ROR IDs
10.7554/elife.57417,2021-2-22,ROR IDs
10.7554/elife.14814,2016-6-8,ROR IDs
10.7554/elife.22187,2017-2-15,ROR IDs
10.7554/elife.23533,2017-3-16,ROR IDs
10.7554/elife.04395,2014-9-8,ROR IDs
10.7554/elife.43352,2019-5-31,ROR IDs
10.7554/elife.56223,2020-6-29,ROR IDs
10.7554/elife.02040,2014-3-18,ROR IDs
10.7554/elife.50175,2019-9-12,ROR IDs
10.7554/elife.37202,2018-9-7,ROR IDs
10.7554/elife.53588,2020-7-20,ROR IDs
10.7554/elife.19605,2016-7-29,ROR IDs
10.7554/elife.52541,2020-2-21,ROR IDs
10.7554/elife.05871,2015-4-1,ROR IDs
10.7554/elife.66836,2021-4-14,ROR IDs
10.7554/elife.50371,2020-3-18,ROR IDs
10.7554/elife.46668,2019-9-11,ROR IDs
10.7554/elife.01581,2014-2-11,ROR IDs
10.7554/elife.53814,2020-6-8,ROR IDs
10.7554/elife.37960,2018-10-11,ROR IDs
10.7554/elife.38297,2018-6-15,ROR IDs
10.7554/elife.00011,2012-11-13,ROR IDs
10.7554/elife.39380,2019-4-9,ROR IDs
10.7554/elife.39140,2018-10-2,ROR IDs
10.7554/elife.03254,2014-8-12,ROR IDs
10.7554/elife.45426,2019-6-19,ROR IDs
10.7554/elife.65304,2021-9-9,ROR IDs
10.7554/elife.52278,2020-1-8,ROR IDs
10.7554/elife.54302,2020-3-24,ROR IDs
10.7554/elife.25281,2017-10-4,ROR IDs
10.7554/elife.02935,2014-10-1,ROR IDs
10.7554/elife.21074,2017-1-30,ROR IDs
10.7554/elife.12068,2016-2-20,ROR IDs
10.7554/elife.03399,2014-8-22,ROR IDs
10.7554/elife.31259,2017-9-27,ROR IDs
10.7554/elife.62503,2021-5-25,ROR IDs
10.7554/elife.56582,2020-5-14,ROR IDs
10.7554/elife.03115,2014-9-16,ROR IDs
10.7554/elife.64776,2021-4-27,ROR IDs
10.7554/elife.25964,2017-5-24,ROR IDs
10.7554/elife.66448,2021-4-19,ROR IDs
10.7554/elife.59212,2020-8-25,ROR IDs
10.7554/elife.62885,2021-1-27,ROR IDs
10.7554/elife.73873,2021-12-6,ROR IDs
10.7554/elife.30373,2018-3-7,ROR IDs
10.7554/elife.54590,2020-6-23,ROR IDs
10.7554/elife.50793,2019-12-24,ROR IDs
10.7554/elife.53432,2020-3-30,ROR IDs
10.7554/elife.04577,2014-12-23,ROR IDs
10.7554/elife.58277,2020-11-13,ROR IDs
10.7554/elife.39088,2018-8-23,ROR IDs
10.7554/elife.22593,2017-6-8,ROR IDs
10.7554/elife.72668,2022-1-12,ROR IDs
10.7554/elife.57784,2020-9-9,ROR IDs
10.7554/elife.06980,2015-5-29,ROR IDs
10.7554/elife.68264,2021-6-1,ROR IDs
10.7554/elife.13925,2016-3-23,ROR IDs
10.7554/elife.51067,2019-12-27,ROR IDs
10.7554/elife.45542,2019-5-8,ROR IDs
10.7554/elife.35673,2018-3-15,ROR IDs
10.7554/elife.16394,2016-11-2,ROR IDs
10.7554/elife.40179,2018-11-19,ROR IDs
10.7554/elife.45333,2019-8-6,ROR IDs
10.7554/elife.23449,2017-3-27,ROR IDs
10.7554/elife.28534,2017-11-15,ROR IDs
10.7554/elife.67793,2021-5-25,ROR IDs
10.7554/elife.54895,2020-10-21,ROR IDs
10.7554/elife.60263,2021-2-5,ROR IDs
10.7554/elife.71892,2021-12-23,ROR IDs
10.7554/elife.69951,2021-9-20,ROR IDs
10.7554/elife.11815,2016-1-23,ROR IDs
10.7554/elife.51254,2020-1-27,ROR IDs
10.7554/elife.06633,2015-3-6,ROR IDs
10.7554/elife.64041,2021-4-27,ROR IDs
10.7554/elife.62508,2021-1-19,ROR IDs
10.7554/elife.55542,2020-10-16,ROR IDs
10.7554/elife.39435,2018-12-18,ROR IDs
10.7554/elife.06011,2015-10-29,ROR IDs
10.7554/elife.42940,2019-1-9,ROR IDs
10.7554/elife.61974,2021-4-26,ROR IDs
10.7554/elife.26938,2017-7-11,ROR IDs
10.7554/elife.37701,2018-10-30,ROR IDs
10.7554/elife.37131,2018-6-19,ROR IDs
10.7554/elife.03523,2014-9-16,ROR IDs
10.7554/elife.73901,2022-1-5,ROR IDs
10.7554/elife.61999,2021-11-9,ROR IDs
10.7554/elife.04603,2014-9-30,ROR IDs
10.7554/elife.01403,2013-9-28,ROR IDs
10.7554/elife.16798,2016-5-18,ROR IDs
10.7554/elife.16156,2016-4-28,ROR IDs
10.7554/elife.16209,2016-4-29,ROR IDs
10.7554/elife.69657,2021-5-26,ROR IDs
10.7554/elife.60600,2020-8-5,ROR IDs
10.7554/elife.73739,2021-10-18,ROR IDs
10.7554/elife.11399,2015-10-6,ROR IDs
10.7554/elife.26401,2017-4-12,ROR IDs
10.7554/elife.03374,2014-6-17,ROR IDs
10.7554/elife.57481,2020-5-6,ROR IDs
10.7554/elife.52805,2019-11-14,ROR IDs
10.7554/elife.66591,2021-2-12,ROR IDs
10.7554/elife.15963,2016-4-21,ROR IDs
10.7554/elife.03068,2014-5-20,ROR IDs
10.7554/elife.27563,2017-5-17,ROR IDs
10.7554/elife.57892,2020-4-20,ROR IDs
10.7554/elife.16758,2016-5-17,ROR IDs
10.7554/elife.46757,2019-4-25,ROR IDs
10.7554/elife.47376,2019-8-2,ROR IDs
10.7554/elife.56038,2020-7-21,ROR IDs
10.7554/elife.49226,2019-10-1,ROR IDs
10.7554/elife.54100,2020-4-7,ROR IDs
10.7554/elife.55152,2020-5-11,ROR IDs
10.7554/elife.50531,2020-3-9,ROR IDs
10.7554/elife.54012,2020-3-17,ROR IDs
10.7554/elife.51710,2020-7-7,ROR IDs
10.7554/elife.30388,2018-3-19,ROR IDs
10.7554/elife.44837,2019-8-27,ROR IDs
10.7554/elife.45501,2019-4-16,ROR IDs
10.7554/elife.46344,2019-5-23,ROR IDs
10.7554/elife.41563,2019-2-21,ROR IDs
10.7554/elife.43158,2019-2-13,ROR IDs
10.7554/elife.32041,2018-1-2,ROR IDs
10.7554/elife.38619,2019-4-12,ROR IDs
10.7554/elife.40063,2019-1-3,ROR IDs
10.7554/elife.98747.3,2024-11-25,ROR IDs
10.7554/elife.69796,2021-9-20,ROR IDs
10.7554/elife.70296,2021-10-18,ROR IDs
10.7554/elife.73240,2021-10-26,ROR IDs
10.7554/elife.62394,2021-9-7,ROR IDs
10.7554/elife.59650,2020-10-30,ROR IDs
10.7554/elife.62039,2020-11-9,ROR IDs
10.7554/elife.60467,2021-5-4,ROR IDs
10.7554/elife.32808,2018-2-6,ROR IDs
10.7554/elife.32847,2018-6-5,ROR IDs
10.7554/elife.32965,2018-4-6,ROR IDs
10.7554/elife.33107,2018-3-22,ROR IDs
10.7554/elife.67999,2021-7-2,ROR IDs
10.7554/elife.33150,2018-2-26,ROR IDs
10.7554/elife.56645,2021-5-24,ROR IDs
10.7554/elife.57000,2020-12-15,ROR IDs
10.7554/elife.38393,2018-11-27,ROR IDs
10.7554/elife.58838,2021-2-8,ROR IDs
10.7554/elife.56911,2020-6-17,ROR IDs
10.7554/elife.60830,2021-6-11,ROR IDs
10.7554/elife.62470,2021-2-25,ROR IDs
10.7554/elife.63372,2021-9-10,ROR IDs
10.7554/elife.63595,2021-1-27,ROR IDs
10.7554/elife.62320,2021-6-4,ROR IDs
10.7554/elife.65167,2021-2-9,ROR IDs
10.7554/elife.55356,2020-7-28,ROR IDs
10.7554/elife.04418,2014-10-30,ROR IDs
10.7554/elife.11102,2015-12-24,ROR IDs
10.7554/elife.68346,2021-6-16,ROR IDs
10.7554/elife.05767,2015-6-19,ROR IDs
10.7554/elife.23777,2017-2-7,ROR IDs
10.7554/elife.24661,2017-3-28,ROR IDs
10.7554/elife.21143,2016-10-26,ROR IDs
10.7554/elife.27311,2017-5-20,ROR IDs
10.7554/elife.25012,2017-9-21,ROR IDs
10.7554/elife.16650,2017-6-26,ROR IDs
10.7554/elife.19267,2016-9-14,ROR IDs
10.7554/elife.17304,2017-3-6,ROR IDs
10.7554/elife.16807,2016-8-15,ROR IDs
10.7554/elife.15657,2016-8-24,ROR IDs
10.7554/elife.15886,2016-10-28,ROR IDs
10.7554/elife.00218,2013-3-5,ROR IDs
10.7554/elife.01412,2014-1-28,ROR IDs
10.7554/elife.07320,2015-7-10,ROR IDs
10.7554/elife.02949,2014-8-13,ROR IDs
10.7554/elife.04494,2015-1-20,ROR IDs
10.7554/elife.02286,2014-5-23,ROR IDs
10.7554/elife.02504,2014-12-9,ROR IDs
10.7554/elife.08201,2015-9-3,ROR IDs
10.7554/elife.08445,2016-5-6,ROR IDs
10.7554/elife.29384,2017-11-17,ROR IDs
10.7554/elife.00855,2013-5-16,ROR IDs
10.7554/elife.33116,2018-1-22,ROR IDs
10.7554/elife.41661,2018-12-6,ROR IDs
10.7554/elife.27467,2017-5-19,ROR IDs
10.7554/elife.05808,2015-3-31,ROR IDs
10.7554/elife.06249,2015-6-5,ROR IDs
10.7554/elife.57877,2020-6-23,ROR IDs
10.7554/elife.21114,2017-11-28,ROR IDs
10.7554/elife.26664,2017-6-23,ROR IDs
10.7554/elife.72881,2021-11-23,ROR IDs
10.7554/elife.05322,2015-12-30,ROR IDs
10.7554/elife.13420,2016-2-15,ROR IDs
10.7554/elife.66984,2021-10-27,ROR IDs
10.7554/elife.18990,2017-4-24,ROR IDs
10.7554/elife.65759,2021-10-27,ROR IDs
10.7554/elife.68311,2021-6-3,ROR IDs
10.7554/elife.62403,2021-3-11,ROR IDs
10.7554/elife.48224,2019-8-27,ROR IDs
10.7554/elife.33285,2018-3-21,ROR IDs
10.7554/elife.17290,2016-6-28,ROR IDs
10.7554/elife.30766,2017-11-1,ROR IDs
10.7554/elife.61459,2021-7-8,ROR IDs
10.7554/elife.55608,2020-11-19,ROR IDs
10.7554/elife.65878,2021-2-3,ROR IDs
10.7554/elife.26014,2017-9-8,ROR IDs
10.7554/elife.66590,2021-7-6,ROR IDs
10.7554/elife.26713,2017-10-23,ROR IDs
10.7554/elife.20420,2017-2-21,ROR IDs
10.7554/elife.58941,2020-9-15,ROR IDs
10.7554/elife.58722,2020-10-16,ROR IDs
10.7554/elife.38070,2019-1-31,ROR IDs
10.7554/elife.51889,2020-4-29,ROR IDs
10.7554/elife.38113,2018-8-30,ROR IDs
10.7554/elife.37673,2018-7-19,ROR IDs
10.7554/elife.64943,2021-5-14,ROR IDs
10.7554/elife.19505,2017-1-31,ROR IDs
10.7554/elife.54565,2020-4-29,ROR IDs
10.7554/elife.61432,2021-2-11,ROR IDs
10.7554/elife.39383,2018-7-25,ROR IDs
10.7554/elife.70317,2021-10-12,ROR IDs
10.7554/elife.70816,2022-1-28,ROR IDs
10.7554/elife.28751,2017-10-5,ROR IDs
10.7554/elife.19896,2016-12-20,ROR IDs
10.7554/elife.53237,2020-2-21,ROR IDs
10.7554/elife.09638,2015-10-1,ROR IDs
10.7554/elife.05463,2015-2-4,ROR IDs
10.7554/elife.08105,2015-10-20,ROR IDs
10.7554/elife.33845,2018-1-19,ROR IDs
10.7554/elife.14371,2016-5-25,ROR IDs
10.7554/elife.32744,2018-7-9,ROR IDs
10.7554/elife.61984,2020-9-17,ROR IDs
10.7554/elife.45571,2019-5-29,ROR IDs
10.7554/elife.26947,2018-3-29,ROR IDs
10.7554/elife.46080,2019-7-3,ROR IDs
10.7554/elife.58138,2020-10-20,ROR IDs
10.7554/elife.03104,2014-7-24,ROR IDs
10.7554/elife.17096,2016-8-2,ROR IDs
10.7554/elife.00278,2013-4-2,ROR IDs
10.7554/elife.01042,2013-7-9,ROR IDs
10.7554/elife.01694,2014-4-15,ROR IDs
10.7554/elife.05657,2014-11-24,ROR IDs
10.7554/elife.06986,2015-2-18,ROR IDs
10.7554/elife.104114,2024-10-21,ROR IDs
10.7554/elife.15597,2016-3-16,ROR IDs
10.7554/elife.91723,2023-8-9,ROR IDs
10.7554/elife.27642,2017-4-13,ROR IDs
10.7554/elife.21221,2017-1-31,ROR IDs
10.7554/elife.22058,2017-4-25,ROR IDs
10.7554/elife.56774,2020-3-10,ROR IDs
10.7554/elife.64351,2021-3-9,ROR IDs
10.7554/elife.38080,2018-10-12,ROR IDs
10.7554/elife.45804,2019-2-6,ROR IDs
10.7554/elife.29815,2018-1-3,ROR IDs
10.7554/elife.31641,2017-9-6,ROR IDs
10.7554/elife.86471,2023-2-9,ROR IDs
10.7554/elife.33413,2017-11-8,ROR IDs
10.7554/elife.35588,2018-2-20,ROR IDs
10.7554/elife.21883,2017-1-23,ROR IDs
10.7554/elife.53357,2020-4-8,ROR IDs
10.7554/elife.43877,2019-6-4,ROR IDs
10.7554/elife.49998,2020-1-8,ROR IDs
10.7554/elife.51862,2020-1-14,ROR IDs
10.7554/elife.56656,2020-4-30,ROR IDs
10.7554/elife.00884,2013-9-3,ROR IDs
10.7554/elife.69628,2022-1-28,ROR IDs
10.7554/elife.64683,2021-7-12,ROR IDs
10.7554/elife.42670,2019-2-8,ROR IDs
10.7554/elife.47434,2019-7-31,ROR IDs
10.7554/elife.04390,2014-10-14,ROR IDs
10.7554/elife.49977,2019-12-4,ROR IDs
10.7554/elife.03342,2014-7-9,ROR IDs
10.7554/elife.18857,2016-9-24,ROR IDs
10.7554/elife.20309,2016-12-10,ROR IDs
10.7554/elife.53618,2020-6-23,ROR IDs
10.7554/elife.65435,2021-4-22,ROR IDs
10.7554/elife.55217,2020-4-30,ROR IDs
10.7554/elife.52714,2020-4-24,ROR IDs
10.7554/elife.69269,2021-9-14,ROR IDs
10.7554/elife.01828,2014-3-11,ROR IDs
10.7554/elife.30523,2017-11-6,ROR IDs
10.7554/elife.64020,2021-5-11,ROR IDs
10.7554/elife.65487,2021-4-15,ROR IDs
10.7554/elife.60603,2020-11-25,ROR IDs
10.7554/elife.29430,2017-10-24,ROR IDs
10.7554/elife.36931,2018-7-13,ROR IDs
10.7554/elife.46926,2019-9-24,ROR IDs
10.7554/elife.47013,2019-10-22,ROR IDs
10.7554/elife.20148,2016-11-23,ROR IDs
10.7554/elife.06500,2015-5-15,ROR IDs
10.7554/elife.16988,2016-7-26,ROR IDs
10.7554/elife.44929,2019-3-13,ROR IDs
10.7554/elife.05745,2015-4-21,ROR IDs
10.7554/elife.00708,2013-7-16,ROR IDs
10.7554/elife.03348,2014-9-1,ROR IDs
10.7554/elife.42607,2019-2-8,ROR IDs
10.7554/elife.10087,2015-12-5,ROR IDs
10.7554/elife.47221,2019-5-2,ROR IDs
10.7554/elife.39244,2018-7-27,ROR IDs
10.7554/elife.27746,2017-12-19,ROR IDs
10.7554/elife.03383,2014-8-8,ROR IDs
10.7554/elife.01369,2014-1-14,ROR IDs
10.7554/elife.40529,2019-3-19,ROR IDs
10.7554/elife.02792,2014-6-17,ROR IDs
10.7554/elife.00844,2013-10-1,ROR IDs
10.7554/elife.01982,2014-3-25,ROR IDs
10.7554/elife.38314,2018-11-9,ROR IDs
10.7554/elife.40977,2018-12-18,ROR IDs
10.7554/elife.02866,2014-5-27,ROR IDs
10.7554/elife.66567,2021-3-23,ROR IDs
10.7554/elife.57964,2021-3-26,ROR IDs
10.7554/elife.10518,2015-11-2,ROR IDs
10.7554/elife.39655,2018-10-16,ROR IDs
10.7554/elife.17002,2016-9-9,ROR IDs
10.7554/elife.68544,2021-11-12,ROR IDs
10.7554/elife.58882,2020-10-13,ROR IDs
10.7554/elife.03464,2014-12-2,ROR IDs
10.7554/elife.25237,2017-6-26,ROR IDs
10.7554/elife.67860,2021-3-23,ROR IDs
10.7554/elife.44830,2019-7-11,ROR IDs
10.7554/elife.18299,2017-1-9,ROR IDs
10.7554/elife.39569,2018-12-21,ROR IDs
10.7554/elife.05849,2015-3-30,ROR IDs
10.7554/elife.51322,2020-5-4,ROR IDs
10.7554/elife.69236,2021-11-15,ROR IDs
10.7554/elife.04637,2015-3-25,ROR IDs
10.7554/elife.51230,2019-10-25,ROR IDs
10.7554/elife.24603,2017-5-13,ROR IDs
10.7554/elife.63720,2021-11-30,ROR IDs
10.7554/elife.21455,2017-1-3,ROR IDs
10.7554/elife.51101,2019-12-12,ROR IDs
10.7554/elife.00675,2013-6-11,ROR IDs
10.7554/elife.01340,2013-10-29,ROR IDs
10.7554/elife.03949,2014-10-1,ROR IDs
10.7554/elife.52668,2020-2-24,ROR IDs
10.7554/elife.21763,2017-3-31,ROR IDs
10.7554/elife.26403,2017-6-29,ROR IDs
10.7554/elife.10067,2015-11-23,ROR IDs
10.7554/elife.00723,2013-9-3,ROR IDs
10.7554/elife.37093,2018-8-28,ROR IDs
10.7554/elife.34268,2018-6-15,ROR IDs
10.7554/elife.12192,2016-2-1,ROR IDs
10.7554/elife.13429,2016-6-2,ROR IDs
10.7554/elife.68764,2021-9-14,ROR IDs
10.7554/elife.00940,2013-11-19,ROR IDs
10.7554/elife.44358,2019-7-23,ROR IDs
10.7554/elife.29656,2018-2-6,ROR IDs
10.7554/elife.47188,2019-8-14,ROR IDs
10.7554/elife.11721,2015-12-16,ROR IDs
10.7554/elife.45977,2019-7-25,ROR IDs
10.7554/elife.55911,2020-9-29,ROR IDs
10.7554/elife.03574,2014-9-18,ROR IDs
10.7554/elife.14521,2016-5-5,ROR IDs
10.7554/elife.56523,2020-7-20,ROR IDs
10.7554/elife.54835,2020-11-6,ROR IDs
10.7554/elife.64909,2021-3-23,ROR IDs
10.7554/elife.61393,2020-11-10,ROR IDs
10.7554/elife.33478,2018-2-27,ROR IDs
10.7554/elife.68620,2021-10-12,ROR IDs
10.7554/elife.46188,2019-8-27,ROR IDs
10.7554/elife.56349,2020-10-16,ROR IDs
10.7554/elife.19732,2016-9-28,ROR IDs
10.7554/elife.48491,2019-12-17,ROR IDs
10.7554/elife.56221,2020-8-25,ROR IDs
10.7554/elife.02536,2014-5-7,ROR IDs
10.7554/elife.58635,2020-10-6,ROR IDs
10.7554/elife.06758,2015-3-3,Funder Registry IDs
10.7554/elife.06877,2015-3-12,Funder Registry IDs
10.7554/elife.01608,2013-11-5,Funder Registry IDs
10.7554/elife.00385,2012-12-18,Funder Registry IDs
10.7554/elife.59285,2020-6-15,Funder Registry IDs
10.7554/elife.95989,2024-3-4,Funder Registry IDs
10.7554/elife.54984,2020-2-11,Funder Registry IDs
10.7554/elife.85477,2023-1-31,Funder Registry IDs
10.7554/elife.81963,2022-8-19,Funder Registry IDs
10.7554/elife.25001,2017-2-16,Funder Registry IDs
10.7554/elife.03804,2014-7-29,Funder Registry IDs
10.7554/elife.21786,2016-11-1,Funder Registry IDs
10.7554/elife.40660,2018-8-23,Funder Registry IDs
10.7554/elife.04997,2014-10-28,Funder Registry IDs
10.7554/elife.14729,2016-2-19,Funder Registry IDs
10.7554/elife.103786,2024-11-4,Funder Registry IDs
10.7554/elife.29763,2017-7-27,Funder Registry IDs
10.7554/elife.41523,2019-1-1,Funder Registry IDs
10.7554/elife.96286,2024-1-24,Funder Registry IDs
10.7554/elife.10161,2015-8-19,Funder Registry IDs
10.7554/elife.36545,2018-6-26,Funder Registry IDs
10.7554/elife.105504,2025-10-17,Funder Registry IDs
10.7554/elife.69496,2021-5-18,Funder Registry IDs
10.7554/elife.55136,2020-2-19,Funder Registry IDs
10.7554/elife.75471,2021-12-10,Funder Registry IDs
10.7554/elife.78729,2023-2-28,Funder Registry IDs
10.7554/elife.86369,2023-7-18,Funder Registry IDs
10.7554/elife.52426,2020-3-6,Funder Registry IDs
10.7554/elife.82538,2023-4-26,Funder Registry IDs
10.7554/elife.108853,2025-11-28,Funder Registry IDs
10.7554/elife.82996,2023-5-9,Funder Registry IDs
10.7554/elife.35272,2018-5-8,Funder Registry IDs
10.7554/elife.107397.4,2025-11-19,Funder Registry IDs
10.7554/elife.105209,2025-12-19,Funder Registry IDs
10.7554/elife.65031,2022-2-18,Funder Registry IDs
10.7554/elife.101496,2025-11-26,Funder Registry IDs
10.7554/elife.56114,2020-3-31,Funder Registry IDs
10.7554/elife.102529,2025-10-30,Funder Registry IDs
10.7554/elife.36133,2018-6-29,Funder Registry IDs
10.7554/elife.91079,2023-10-24,Funder Registry IDs
10.7554/elife.55543,2020-2-10,Funder Registry IDs
10.7554/elife.107650.3,2026-1-8,Funder Registry IDs
10.7554/elife.57555,2020-4-27,Funder Registry IDs
10.7554/elife.91808,2024-6-12,Funder Registry IDs
10.7554/elife.78579,2022-3-18,Funder Registry IDs
10.7554/elife.80570,2022-6-28,Funder Registry IDs
10.7554/elife.92968,2023-10-13,Funder Registry IDs
10.7554/elife.65227,2020-12-3,Funder Registry IDs
10.7554/elife.02490,2014-2-11,Funder Registry IDs
10.7554/elife.03521,2014-6-3,Funder Registry IDs
10.7554/elife.27970,2017-4-25,Funder Registry IDs
10.7554/elife.37048,2018-4-12,Funder Registry IDs
10.7554/elife.40515,2018-8-2,Funder Registry IDs
10.7554/elife.52397,2019-10-4,Funder Registry IDs
10.7554/elife.94305,2023-11-9,Funder Registry IDs
10.7554/elife.15928,2016-3-31,Funder Registry IDs
10.7554/elife.67400,2021-7-9,Funder Registry IDs
10.7554/elife.70382,2022-1-13,Funder Registry IDs
10.7554/elife.89700,2023-7-7,Funder Registry IDs
10.7554/elife.39804,2018-8-10,Funder Registry IDs
10.7554/elife.101113,2025-10-31,Funder Registry IDs
10.7554/elife.34477,2018-2-1,Funder Registry IDs
10.7554/elife.10032,2015-8-31,Funder Registry IDs
10.7554/elife.65554,2021-6-15,Funder Registry IDs
10.7554/elife.83451,2023-8-9,Funder Registry IDs
10.7554/elife.103817,2025-12-8,Funder Registry IDs
10.7554/elife.103508,2024-10-28,Funder Registry IDs
10.7554/elife.53363,2019-12-23,Funder Registry IDs
10.7554/elife.07527,2015-4-15,Funder Registry IDs
10.7554/elife.38967,2018-7-17,Funder Registry IDs
10.7554/elife.06536,2015-4-13,Funder Registry IDs
10.7554/elife.01633,2013-10-22,Funder Registry IDs
10.7554/elife.01873,2013-12-24,Funder Registry IDs
10.7554/elife.17692,2016-6-29,Funder Registry IDs
10.7554/elife.107459,2025-6-9,Funder Registry IDs
10.7554/elife.105095,2024-12-11,Funder Registry IDs
10.7554/elife.107620,2025-6-13,Funder Registry IDs
10.7554/elife.00477,2013-1-22,Funder Registry IDs
10.7554/elife.19733,2016-8-23,Funder Registry IDs
10.7554/elife.08710,2015-6-11,Funder Registry IDs
10.7554/elife.26775,2017-5-9,Funder Registry IDs
10.7554/elife.20061,2016-8-31,Funder Registry IDs
10.7554/elife.93090,2023-10-27,Funder Registry IDs
10.7554/elife.91831,2023-9-6,Funder Registry IDs
10.7554/elife.62925,2020-10-13,Funder Registry IDs
10.7554/elife.71583,2021-7-2,Funder Registry IDs
10.7554/elife.76632,2022-2-8,Funder Registry IDs
10.7554/elife.67701,2021-4-26,Funder Registry IDs
10.7554/elife.74744,2021-11-24,Funder Registry IDs
10.7554/elife.27933,2017-5-31,Funder Registry IDs
10.7554/elife.90050,2025-10-3,Funder Registry IDs
10.7554/elife.79651,2022-6-9,Funder Registry IDs
10.7554/elife.97031,2024-4-3,Funder Registry IDs
10.7554/elife.31082,2017-9-19,Funder Registry IDs
10.7554/elife.102055,2024-9-5,Funder Registry IDs
10.7554/elife.17079,2016-6-6,Funder Registry IDs
10.7554/elife.25000,2017-2-15,Funder Registry IDs
10.7554/elife.47162,2019-5-7,Funder Registry IDs
10.7554/elife.44298,2019-1-16,Funder Registry IDs
10.7554/elife.85301,2023-1-19,Funder Registry IDs
10.7554/elife.50543,2019-8-20,Funder Registry IDs
10.7554/elife.50784,2019-9-13,Funder Registry IDs
10.7554/elife.55722,2020-3-11,Funder Registry IDs
10.7554/elife.55254,2020-2-13,Funder Registry IDs
10.7554/elife.05259,2014-11-25,Funder Registry IDs
10.7554/elife.10040,2015-8-25,Funder Registry IDs
10.7554/elife.05377,2014-12-9,Funder Registry IDs
10.7554/elife.109427,2025-11-11,Funder Registry IDs
10.7554/elife.102391.3,2025-11-21,Funder Registry IDs
10.7554/elife.106814.2,2025-10-2,Funder Registry IDs
10.7554/elife.106655.4,2025-11-11,Funder Registry IDs
10.7554/elife.13238,2016-5-24,Funder Registry IDs
10.7554/elife.107121.3,2025-10-20,Funder Registry IDs
10.7554/elife.107030.3,2025-11-5,Funder Registry IDs
10.7554/elife.87522,2025-1-8,Funder Registry IDs
10.7554/elife.107301.3,2025-11-28,Funder Registry IDs
10.7554/elife.27004,2017-5-2,Funder Registry IDs
10.7554/elife.98289.3,2025-12-15,Funder Registry IDs
10.7554/elife.90849,2025-12-31,Funder Registry IDs
10.7554/elife.107758.3,2025-12-31,Funder Registry IDs
10.7554/elife.47626,2019-4-17,Funder Registry IDs
10.7554/elife.83292,2022-11-7,Funder Registry IDs
10.7554/elife.52847,2019-10-18,Funder Registry IDs
10.7554/elife.110124,2025-12-1,Funder Registry IDs
10.7554/elife.11514,2015-9-25,Funder Registry IDs
10.7554/elife.06400,2015-3-26,Funder Registry IDs
10.7554/elife.79841,2022-5-19,Funder Registry IDs
10.7554/elife.87507,2023-3-13,Funder Registry IDs
10.7554/elife.87888,2023-3-21,Funder Registry IDs
10.7554/elife.59538,2020-6-2,Funder Registry IDs
10.7554/elife.108892,2026-1-12,Funder Registry IDs
10.7554/elife.92991,2026-1-12,Funder Registry IDs
10.7554/elife.107108,2025-12-16,Funder Registry IDs
10.7554/elife.104921,2026-1-8,Funder Registry IDs
10.7554/elife.70283,2022-2-4,Funder Registry IDs
10.7554/elife.07865,2015-7-7,Funder Registry IDs
10.7554/elife.45380,2019-3-21,Funder Registry IDs
10.7554/elife.93554,2025-12-4,Funder Registry IDs
10.7554/elife.47720,2019-5-21,Funder Registry IDs
10.7554/elife.57678,2020-5-15,Funder Registry IDs
10.7554/elife.67422,2021-3-16,Funder Registry IDs
10.7554/elife.72379,2021-9-1,Funder Registry IDs
10.7554/elife.105335,2025-1-20,Funder Registry IDs
10.7554/elife.101212,2024-8-13,Funder Registry IDs
10.7554/elife.04902,2014-10-17,Funder Registry IDs
10.7554/elife.05490,2014-12-11,Funder Registry IDs
10.7554/elife.25700,2017-3-7,Funder Registry IDs
10.7554/elife.32012,2017-9-28,Funder Registry IDs
10.7554/elife.11284,2015-10-6,Funder Registry IDs
10.7554/elife.09666,2015-8-5,Funder Registry IDs
10.7554/elife.49976,2019-8-13,Funder Registry IDs
10.7554/elife.82831,2022-9-5,Funder Registry IDs
10.7554/elife.00648,2013-3-26,Funder Registry IDs
10.7554/elife.72980,2021-9-17,Funder Registry IDs
10.7554/elife.07083,2015-3-31,Funder Registry IDs
10.7554/elife.16207,2016-4-19,Funder Registry IDs
10.7554/elife.30774,2017-9-11,Funder Registry IDs
10.7554/elife.94131,2023-12-1,Funder Registry IDs
10.7554/elife.01428,2013-9-24,Funder Registry IDs
10.7554/elife.59636,2020-6-5,Funder Registry IDs
10.7554/elife.12760,2015-12-23,Funder Registry IDs
10.7554/elife.107718.3,2025-11-18,Funder Registry IDs
10.7554/elife.90627.4,2025-11-20,Funder Registry IDs
10.7554/elife.98817,2025-12-22,Funder Registry IDs
10.7554/elife.17181,2016-4-27,Funder Registry IDs
10.7554/elife.05087,2014-10-13,Funder Registry IDs
10.7554/elife.05394,2014-11-7,Funder Registry IDs
10.7554/elife.101107,2024-7-1,Funder Registry IDs
10.7554/elife.96183,2024-1-22,Funder Registry IDs
10.7554/elife.33307,2017-11-8,Funder Registry IDs
10.7554/elife.34752,2018-1-8,Funder Registry IDs
10.7554/elife.86017,2023-1-11,Funder Registry IDs
10.7554/elife.43237,2018-11-12,Funder Registry IDs
10.7554/elife.56968,2020-3-18,Funder Registry IDs
10.7554/elife.65744,2020-12-16,Funder Registry IDs
10.7554/elife.93239,2023-11-2,Funder Registry IDs
10.7554/elife.90408,2023-8-8,Funder Registry IDs
10.7554/elife.107998,2025-6-11,Funder Registry IDs
10.7554/elife.99614,2025-10-17,Funder Registry IDs
10.7554/elife.24238,2017-1-31,Funder Registry IDs
10.7554/elife.107524,2025-10-29,Funder Registry IDs
10.7554/elife.109371,2025-11-3,Funder Registry IDs
10.7554/elife.56122,2020-3-30,Funder Registry IDs
10.7554/elife.39729,2018-10-1,Funder Registry IDs
10.7554/elife.60438,2020-7-7,Funder Registry IDs
10.7554/elife.12626,2016-2-26,Funder Registry IDs
10.7554/elife.106201,2025-12-17,Funder Registry IDs
10.7554/elife.84816,2022-12-8,Funder Registry IDs
10.7554/elife.92706.3,2025-11-11,Funder Registry IDs
10.7554/elife.25956,2017-5-2,Funder Registry IDs
10.7554/elife.98063.3,2025-12-10,Funder Registry IDs
10.7554/elife.00625,2013-3-26,Funder Registry IDs
10.7554/elife.106616,2025-12-11,Funder Registry IDs
10.7554/elife.102800,2025-12-11,Funder Registry IDs
10.7554/elife.29503,2017-8-1,Funder Registry IDs
10.7554/elife.36494,2018-8-21,Funder Registry IDs
10.7554/elife.70092,2021-10-14,Funder Registry IDs
10.7554/elife.97881,2024-5-14,Funder Registry IDs
10.7554/elife.59587,2020-6-10,Funder Registry IDs
10.7554/elife.107824,2025-7-23,Funder Registry IDs
10.7554/elife.72787,2021-9-13,Funder Registry IDs
10.7554/elife.93273.3,2024-8-13,Funder Registry IDs
10.7554/elife.99982.3,2025-10-27,Funder Registry IDs
10.7554/elife.47676,2019-10-17,Funder Registry IDs
10.7554/elife.41901,2018-10-15,Funder Registry IDs
10.7554/elife.67195,2021-9-7,Funder Registry IDs
10.7554/elife.58654,2020-8-12,Funder Registry IDs
10.7554/elife.59209,2020-8-17,Funder Registry IDs
10.7554/elife.105504.4,2025-10-17,Funder Registry IDs
10.7554/elife.106303,2025-10-16,Funder Registry IDs
10.7554/elife.39762,2018-8-14,Funder Registry IDs
10.7554/elife.108727,2025-9-24,Funder Registry IDs
10.7554/elife.75862,2021-12-13,Funder Registry IDs
10.7554/elife.98828,2024-5-15,Funder Registry IDs
10.7554/elife.06430,2015-2-16,Funder Registry IDs
10.7554/elife.01029,2013-7-2,Funder Registry IDs
10.7554/elife.108735,2025-9-18,Funder Registry IDs
10.7554/elife.41229,2018-9-28,Funder Registry IDs
10.7554/elife.65360,2021-1-27,Funder Registry IDs
10.7554/elife.18243,2016-7-7,Funder Registry IDs
10.7554/elife.18365,2016-7-12,Funder Registry IDs
10.7554/elife.25996,2017-3-17,Funder Registry IDs
10.7554/elife.00659,2013-4-9,Funder Registry IDs
10.7554/elife.08166,2015-5-27,Funder Registry IDs
10.7554/elife.102837,2024-10-2,Funder Registry IDs
10.7554/elife.26942,2017-4-25,Funder Registry IDs
10.7554/elife.34427,2018-1-24,Funder Registry IDs
10.7554/elife.05427,2014-11-26,Funder Registry IDs
10.7554/elife.36649,2018-4-18,Funder Registry IDs
10.7554/elife.41926,2018-9-20,Funder Registry IDs
10.7554/elife.36662,2018-4-24,Funder Registry IDs
10.7554/elife.30599,2017-8-14,Funder Registry IDs
10.7554/elife.106291,2025-3-27,Funder Registry IDs
10.7554/elife.31911,2017-10-24,Funder Registry IDs
10.7554/elife.100366,2025-12-1,Funder Registry IDs
10.7554/elife.101140.3,2025-12-8,Funder Registry IDs
10.7554/elife.104242.4,2025-12-8,Funder Registry IDs
10.7554/elife.01138,2013-7-16,Funder Registry IDs
10.7554/elife.50210,2019-10-7,Funder Registry IDs
10.7554/elife.105537,2025-11-14,Funder Registry IDs
10.7554/elife.47019,2019-4-30,Funder Registry IDs
10.7554/elife.104375,2025-12-23,Funder Registry IDs
10.7554/elife.02945,2014-4-16,Funder Registry IDs
10.7554/elife.109449,2025-10-15,Funder Registry IDs
10.7554/elife.22214,2016-10-20,Funder Registry IDs
10.7554/elife.07586,2015-3-24,Funder Registry IDs
10.7554/elife.08656,2015-5-18,Funder Registry IDs
10.7554/elife.94481,2023-11-20,Funder Registry IDs
10.7554/elife.98284,2024-3-28,Funder Registry IDs
10.7554/elife.24506,2016-12-30,Funder Registry IDs
10.7554/elife.50707,2019-8-5,Funder Registry IDs
10.7554/elife.44791,2019-5-2,Funder Registry IDs
10.7554/elife.21864,2016-10-31,Funder Registry IDs
10.7554/elife.02475,2014-3-12,Funder Registry IDs
10.7554/elife.04246,2014-9-2,Funder Registry IDs
10.7554/elife.108282.2,2025-11-20,Funder Registry IDs
10.7554/elife.105452,2025-12-15,Funder Registry IDs
10.7554/elife.107467,2025-12-19,Funder Registry IDs
10.7554/elife.107021.3,2025-12-23,Funder Registry IDs
10.7554/elife.73193,2021-10-12,Funder Registry IDs
10.7554/elife.72438,2021-7-26,Funder Registry IDs
10.7554/elife.74046,2021-9-23,Funder Registry IDs
10.7554/elife.77091,2022-1-28,Funder Registry IDs
10.7554/elife.79475,2022-4-26,Funder Registry IDs
10.7554/elife.32902,2017-10-19,Funder Registry IDs
10.7554/elife.60141,2020-6-18,Funder Registry IDs
10.7554/elife.105575,2026-1-14,Funder Registry IDs
10.7554/elife.106037,2026-1-15,Funder Registry IDs
10.7554/elife.41178,2018-9-17,Funder Registry IDs
10.7554/elife.88824,2025-10-20,Funder Registry IDs
10.7554/elife.19823,2016-8-25,Funder Registry IDs
10.7554/elife.105271.3,2025-12-16,Funder Registry IDs
10.7554/elife.106768,2025-4-21,Funder Registry IDs
10.7554/elife.107012,2025-12-1,Funder Registry IDs
10.7554/elife.53755,2019-11-29,Funder Registry IDs
10.7554/elife.107039,2026-1-5,Funder Registry IDs
10.7554/elife.108701,2025-9-9,Funder Registry IDs
10.7554/elife.06351,2015-2-12,Funder Registry IDs
10.7554/elife.06782,2015-3-3,Funder Registry IDs
10.7554/elife.31816,2017-10-6,Funder Registry IDs
10.7554/elife.106286,2025-3-5,Funder Registry IDs
10.7554/elife.104560,2024-11-20,Funder Registry IDs
10.7554/elife.66506,2021-3-2,Funder Registry IDs
10.7554/elife.70548,2021-6-24,Funder Registry IDs
10.7554/elife.70947,2021-7-6,Funder Registry IDs
10.7554/elife.07808,2015-5-5,Funder Registry IDs
10.7554/elife.32016,2017-9-28,Funder Registry IDs
10.7554/elife.11665,2015-10-21,Funder Registry IDs
10.7554/elife.11509,2015-10-16,Funder Registry IDs
10.7554/elife.03285,2014-6-10,Funder Registry IDs
10.7554/elife.58592,2020-6-9,Funder Registry IDs
10.7554/elife.88989,2023-6-7,Funder Registry IDs
10.7554/elife.91450,2023-9-6,Funder Registry IDs
10.7554/elife.98891,2024-4-29,Funder Registry IDs
10.7554/elife.105420,2025-1-13,Funder Registry IDs
10.7554/elife.00866,2013-5-28,Funder Registry IDs
10.7554/elife.103351,2024-10-16,Funder Registry IDs
10.7554/elife.50761,2019-9-13,Funder Registry IDs
10.7554/elife.95513,2024-3-1,Funder Registry IDs
10.7554/elife.86758,2023-2-10,Funder Registry IDs
10.7554/elife.97364.3,2025-12-8,Funder Registry IDs
10.7554/elife.34965,2018-3-23,Funder Registry IDs
10.7554/elife.56640,2020-4-16,Funder Registry IDs
10.7554/elife.81075,2022-7-26,Funder Registry IDs
10.7554/elife.01515,2013-11-19,Funder Registry IDs
10.7554/elife.01968,2013-12-31,Funder Registry IDs
10.7554/elife.32402,2018-2-8,Funder Registry IDs
10.7554/elife.108331,2025-12-4,Funder Registry IDs
10.7554/elife.98593.3,2025-2-12,Funder Registry IDs
10.7554/elife.58237,2020-9-15,Funder Registry IDs
10.7554/elife.107309,2025-11-25,Funder Registry IDs
10.7554/elife.107301,2025-11-28,Funder Registry IDs
10.7554/elife.24896,2017-2-6,Funder Registry IDs
10.7554/elife.17393,2016-5-13,Funder Registry IDs
10.7554/elife.21070,2016-9-9,Funder Registry IDs
10.7554/elife.104493,2024-11-11,Funder Registry IDs
10.7554/elife.104545,2025-12-29,Funder Registry IDs
10.7554/elife.79196,2023-1-31,Funder Registry IDs
10.7554/elife.50980,2019-8-12,Funder Registry IDs
10.7554/elife.99343,2024-5-7,Funder Registry IDs
10.7554/elife.60401,2020-6-30,Funder Registry IDs
10.7554/elife.63695,2020-10-5,Funder Registry IDs
10.7554/elife.01221,2013-7-23,Funder Registry IDs
10.7554/elife.01252,2013-7-23,Funder Registry IDs
10.7554/elife.18706,2016-6-16,Funder Registry IDs
10.7554/elife.05419,2014-11-7,Funder Registry IDs
10.7554/elife.33173,2017-10-31,Funder Registry IDs
10.7554/elife.75743,2021-11-25,Funder Registry IDs
10.7554/elife.77794,2022-2-18,Funder Registry IDs
10.7554/elife.49720,2019-11-22,Funder Registry IDs
10.7554/elife.73062,2021-9-30,Funder Registry IDs
10.7554/elife.73586,2021-10-12,Funder Registry IDs
10.7554/elife.76475,2022-2-9,Funder Registry IDs
10.7554/elife.78890,2022-4-4,Funder Registry IDs
10.7554/elife.95362,2024-1-29,Funder Registry IDs
10.7554/elife.83907,2022-11-3,Funder Registry IDs
10.7554/elife.91145,2023-8-30,Funder Registry IDs
10.7554/elife.49828,2019-8-14,Funder Registry IDs
10.7554/elife.96304,2024-2-23,Funder Registry IDs
10.7554/elife.21583,2016-10-25,Funder Registry IDs
10.7554/elife.14076,2016-2-12,Funder Registry IDs
10.7554/elife.05041,2014-11-11,Funder Registry IDs
10.7554/elife.05218,2014-11-4,Funder Registry IDs
10.7554/elife.101739,2024-9-2,Funder Registry IDs
10.7554/elife.108102,2025-7-22,Funder Registry IDs
10.7554/elife.52959,2019-12-10,Funder Registry IDs
10.7554/elife.106702,2025-3-25,Funder Registry IDs
10.7554/elife.66850,2021-3-5,Funder Registry IDs
10.7554/elife.10054,2015-8-14,Funder Registry IDs
10.7554/elife.23624,2017-1-4,Funder Registry IDs
10.7554/elife.45974,2019-3-8,Funder Registry IDs
10.7554/elife.16598,2016-5-20,Funder Registry IDs
10.7554/elife.42676,2018-11-6,Funder Registry IDs
10.7554/elife.25858,2017-3-20,Funder Registry IDs
10.7554/elife.25412,2017-3-15,Funder Registry IDs
10.7554/elife.02747,2014-4-8,Funder Registry IDs
10.7554/elife.00605,2013-3-20,Funder Registry IDs
10.7554/elife.00903,2013-6-11,Funder Registry IDs
10.7554/elife.12100,2015-11-6,Funder Registry IDs
10.7554/elife.102355,2024-9-13,Funder Registry IDs
10.7554/elife.102425,2024-9-26,Funder Registry IDs
10.7554/elife.01516,2013-10-15,Funder Registry IDs
10.7554/elife.73723,2021-10-14,Funder Registry IDs
10.7554/elife.68979,2021-5-10,Funder Registry IDs
10.7554/elife.64587,2020-12-21,Funder Registry IDs
10.7554/elife.46033,2019-3-25,Funder Registry IDs
10.7554/elife.37288,2018-5-16,Funder Registry IDs
10.7554/elife.71974,2021-8-12,Funder Registry IDs
10.7554/elife.102573.3,2025-6-11,Funder Registry IDs
10.7554/elife.103220.3,2025-11-11,Funder Registry IDs
10.7554/elife.01140,2013-7-23,Funder Registry IDs
10.7554/elife.70838,2021-10-26,Funder Registry IDs
10.7554/elife.65532,2021-6-16,Funder Registry IDs
10.7554/elife.108175,2026-1-7,Funder Registry IDs
10.7554/elife.110102,2026-1-7,Funder Registry IDs
10.7554/elife.91529,2023-8-8,Funder Registry IDs
10.7554/elife.06740,2015-2-11,Funder Registry IDs
10.7554/elife.07532,2015-3-27,Funder Registry IDs
10.7554/elife.102872,2024-9-6,Funder Registry IDs
10.7554/elife.103327,2024-9-23,Funder Registry IDs
10.7554/elife.73737,2021-9-9,Funder Registry IDs
10.7554/elife.79129,2022-4-5,Funder Registry IDs
10.7554/elife.91532,2024-6-10,Funder Registry IDs
10.7554/elife.101175,2025-10-28,Funder Registry IDs
10.7554/elife.48145,2019-6-6,Funder Registry IDs
10.7554/elife.94835.4,2026-1-6,Funder Registry IDs
10.7554/elife.107765,2025-12-31,Funder Registry IDs
10.7554/elife.104700,2026-1-5,Funder Registry IDs
10.7554/elife.64875,2021-9-2,Funder Registry IDs
10.7554/elife.00281,2012-10-30,Funder Registry IDs
10.7554/elife.54042,2020-1-17,Funder Registry IDs
10.7554/elife.10479,2015-9-9,Funder Registry IDs
10.7554/elife.104275.3,2025-11-18,Funder Registry IDs
10.7554/elife.93694.3,2024-6-20,Funder Registry IDs
10.7554/elife.106753,2025-11-19,Funder Registry IDs
10.7554/elife.100159,2025-12-2,Funder Registry IDs
10.7554/elife.108181,2025-12-1,Funder Registry IDs
10.7554/elife.92339,2024-3-25,Funder Registry IDs
10.7554/elife.44179,2019-2-25,Funder Registry IDs
10.7554/elife.62955,2020-10-13,Funder Registry IDs
10.7554/elife.106791,2026-1-15,Funder Registry IDs
10.7554/elife.93339,2023-11-10,Funder Registry IDs
10.7554/elife.01233,2013-9-3,Funder Registry IDs
10.7554/elife.30280,2017-8-16,Funder Registry IDs
10.7554/elife.106140,2025-11-7,Funder Registry IDs
10.7554/elife.34396,2018-1-29,Funder Registry IDs
10.7554/elife.30194,2017-8-14,Funder Registry IDs
10.7554/elife.78385,2022-8-24,Funder Registry IDs
10.7554/elife.109627,2025-12-2,Funder Registry IDs
10.7554/elife.77539,2022-3-8,Funder Registry IDs
10.7554/elife.105690,2025-11-28,Funder Registry IDs
10.7554/elife.54582,2020-6-9,Funder Registry IDs
10.7554/elife.106119,2025-2-28,Funder Registry IDs
10.7554/elife.05770,2015-1-6,Funder Registry IDs
10.7554/elife.61397,2020-9-11,Funder Registry IDs
10.7554/elife.77309,2022-2-28,Funder Registry IDs
10.7554/elife.85166,2022-12-1,Funder Registry IDs
10.7554/elife.86885,2023-3-23,Funder Registry IDs
10.7554/elife.93122,2023-11-9,Funder Registry IDs
10.7554/elife.100032,2024-7-2,Funder Registry IDs
10.7554/elife.21863,2016-11-3,Funder Registry IDs
10.7554/elife.05060,2014-11-14,Funder Registry IDs
10.7554/elife.29942,2017-8-10,Funder Registry IDs
10.7554/elife.06453,2015-2-13,Funder Registry IDs
10.7554/elife.01270,2013-8-20,Funder Registry IDs
10.7554/elife.01387,2013-9-3,Funder Registry IDs
10.7554/elife.74331,2021-11-17,Funder Registry IDs
10.7554/elife.92319,2023-9-19,Funder Registry IDs
10.7554/elife.79182,2022-4-13,Funder Registry IDs
10.7554/elife.90735,2024-6-21,Funder Registry IDs
10.7554/elife.57242,2020-4-24,Funder Registry IDs
10.7554/elife.25159,2017-3-9,Funder Registry IDs
10.7554/elife.08366,2015-6-3,Funder Registry IDs
10.7554/elife.00476,2013-1-22,Funder Registry IDs
10.7554/elife.26397,2017-4-13,Funder Registry IDs
10.7554/elife.02658,2014-3-25,Funder Registry IDs
10.7554/elife.105191,2024-12-20,Funder Registry IDs
10.7554/elife.00646,2013-3-12,Funder Registry IDs
10.7554/elife.99765,2024-6-20,Funder Registry IDs
10.7554/elife.65604,2021-2-8,Funder Registry IDs
10.7554/elife.107069.3,2025-11-3,Funder Registry IDs
10.7554/elife.36273,2018-8-17,Funder Registry IDs
10.7554/elife.44942,2019-9-3,Funder Registry IDs
10.7554/elife.95524,2024-9-11,Funder Registry IDs
10.7554/elife.83561,2023-2-3,Funder Registry IDs
10.7554/elife.102346.3,2025-11-4,Funder Registry IDs
10.7554/elife.102529.3,2025-10-30,Funder Registry IDs
10.7554/elife.91431.5,2025-11-10,Funder Registry IDs
10.7554/elife.74634,2022-2-16,Funder Registry IDs
10.7554/elife.11409,2015-10-9,Funder Registry IDs
10.7554/elife.90964,2024-7-19,Funder Registry IDs
10.7554/elife.55133,2020-8-11,Funder Registry IDs
10.7554/elife.01388,2013-9-24,Funder Registry IDs
10.7554/elife.00642,2013-3-26,Funder Registry IDs
10.7554/elife.75171,2021-12-3,Funder Registry IDs
10.7554/elife.92958.3,2025-11-19,Funder Registry IDs
10.7554/elife.06193,2015-2-3,Funder Registry IDs
10.7554/elife.78248,2022-4-4,Funder Registry IDs
10.7554/elife.106415,2025-12-23,Funder Registry IDs
10.7554/elife.97839.4,2025-9-30,Funder Registry IDs
10.7554/elife.77202,2022-2-22,Funder Registry IDs
10.7554/elife.105029.3,2026-1-2,Funder Registry IDs
10.7554/elife.62529,2020-11-19,Funder Registry IDs
10.7554/elife.10095,2015-7-21,Funder Registry IDs
10.7554/elife.106163,2025-1-27,Funder Registry IDs
10.7554/elife.28567,2017-6-20,Funder Registry IDs
10.7554/elife.31482,2017-9-13,Funder Registry IDs
10.7554/elife.84169,2022-10-17,Funder Registry IDs
10.7554/elife.35768,2018-2-12,Funder Registry IDs
10.7554/elife.63264,2020-9-24,Funder Registry IDs
10.7554/elife.46910,2019-4-3,Funder Registry IDs
10.7554/elife.46993,2019-3-26,Funder Registry IDs
10.7554/elife.78830,2022-8-8,Funder Registry IDs
10.7554/elife.24052,2017-1-19,Funder Registry IDs
10.7554/elife.56501,2020-4-23,Funder Registry IDs
10.7554/elife.107121,2025-10-20,Funder Registry IDs
10.7554/elife.03811,2014-8-5,Funder Registry IDs
10.7554/elife.00577,2013-3-8,Funder Registry IDs
10.7554/elife.08659,2015-6-5,Funder Registry IDs
10.7554/elife.108249,2025-8-11,Funder Registry IDs
10.7554/elife.86190,2023-12-20,Funder Registry IDs
10.7554/elife.24879,2017-1-19,Funder Registry IDs
10.7554/elife.32516,2017-10-5,Funder Registry IDs
10.7554/elife.01328,2013-8-28,Funder Registry IDs
10.7554/elife.01816,2013-11-7,Funder Registry IDs
10.7554/elife.78825,2022-4-1,Funder Registry IDs
10.7554/elife.101019,2024-7-4,Funder Registry IDs
10.7554/elife.103865,2024-10-3,Funder Registry IDs
10.7554/elife.104349,2024-10-15,Funder Registry IDs
10.7554/elife.53217,2019-11-4,Funder Registry IDs
10.7554/elife.54328,2019-12-11,Funder Registry IDs
10.7554/elife.57036,2020-3-23,Funder Registry IDs
10.7554/elife.66683,2021-1-25,Funder Registry IDs
10.7554/elife.85743,2023-8-18,Funder Registry IDs
10.7554/elife.29056,2017-7-3,Funder Registry IDs
10.7554/elife.00791,2013-4-30,Funder Registry IDs
10.7554/elife.87366,2023-3-16,Funder Registry IDs
10.7554/elife.70298,2021-6-17,Funder Registry IDs
10.7554/elife.83488,2022-10-25,Funder Registry IDs
10.7554/elife.02171,2014-2-11,Funder Registry IDs
10.7554/elife.00352,2012-12-18,Funder Registry IDs
10.7554/elife.101093,2024-8-22,Funder Registry IDs
10.7554/elife.09315,2015-7-9,Funder Registry IDs
10.7554/elife.00676,2013-4-16,Funder Registry IDs
10.7554/elife.103140,2024-10-18,Funder Registry IDs
10.7554/elife.13093,2015-12-23,Funder Registry IDs
10.7554/elife.09790,2015-7-29,Funder Registry IDs
10.7554/elife.87444,2023-4-4,Funder Registry IDs
10.7554/elife.64380,2020-12-3,Funder Registry IDs
10.7554/elife.40271,2018-8-24,Funder Registry IDs
10.7554/elife.22215,2016-11-15,Funder Registry IDs
10.7554/elife.04869,2014-10-29,Funder Registry IDs
10.7554/elife.15938,2016-4-13,Funder Registry IDs
10.7554/elife.63128,2020-10-12,Funder Registry IDs
10.7554/elife.42976,2018-11-28,Funder Registry IDs
10.7554/elife.51206,2019-9-25,Funder Registry IDs
10.7554/elife.42507,2018-11-14,Funder Registry IDs
10.7554/elife.43173,2019-1-30,Funder Registry IDs
10.7554/elife.89468,2023-6-26,Funder Registry IDs
10.7554/elife.99318,2024-6-7,Funder Registry IDs
10.7554/elife.102428,2024-8-27,Funder Registry IDs
10.7554/elife.01587,2013-11-12,Funder Registry IDs
10.7554/elife.104965,2024-12-9,Funder Registry IDs
10.7554/elife.56234,2020-4-23,Funder Registry IDs
10.7554/elife.100251,2024-7-16,Funder Registry IDs
10.7554/elife.51289,2019-10-1,Funder Registry IDs
10.7554/elife.105753,2025-10-28,Funder Registry IDs
10.7554/elife.98918,2024-5-30,Funder Registry IDs
10.7554/elife.103545,2025-12-3,Funder Registry IDs
10.7554/elife.43808,2019-3-12,Funder Registry IDs
10.7554/elife.98063,2025-12-10,Funder Registry IDs
10.7554/elife.07322,2015-3-31,Funder Registry IDs
10.7554/elife.95168,2025-11-6,Funder Registry IDs
10.7554/elife.75174,2021-12-7,Funder Registry IDs
10.7554/elife.79627,2022-5-3,Funder Registry IDs
10.7554/elife.54296,2020-1-24,Funder Registry IDs
10.7554/elife.08715,2015-6-16,Funder Registry IDs
10.7554/elife.61148,2020-8-25,Funder Registry IDs
10.7554/elife.58169,2020-5-26,Funder Registry IDs
10.7554/elife.33511,2018-1-16,Funder Registry IDs
10.7554/elife.26787,2017-6-22,Funder Registry IDs
10.7554/elife.99614.3,2025-10-17,Funder Registry IDs
10.7554/elife.94794.3,2025-11-4,Funder Registry IDs
10.7554/elife.10279,2015-10-22,Funder Registry IDs
10.7554/elife.89315,2024-4-2,Funder Registry IDs
10.7554/elife.65066,2021-2-22,Funder Registry IDs
10.7554/elife.02805,2014-5-29,Funder Registry IDs
10.7554/elife.101912.4,2025-10-14,Funder Registry IDs
10.7554/elife.101894.3,2025-11-12,Funder Registry IDs
10.7554/elife.101071.4,2025-11-12,Funder Registry IDs
10.7554/elife.12366,2016-3-15,Funder Registry IDs
10.7554/elife.107454.3,2025-10-30,Funder Registry IDs
10.7554/elife.106098.3,2025-11-5,Funder Registry IDs
10.7554/elife.106792,2025-12-1,Funder Registry IDs
10.7554/elife.90531.4,2025-12-16,Funder Registry IDs
10.7554/elife.99426,2025-12-23,Funder Registry IDs
10.7554/elife.104545.3,2025-12-29,Funder Registry IDs
10.7554/elife.104956,2025-9-30,Funder Registry IDs
10.7554/elife.107787,2025-7-3,Funder Registry IDs
10.7554/elife.106351,2025-3-3,Funder Registry IDs
10.7554/elife.16393,2016-5-9,Funder Registry IDs
10.7554/elife.72000,2021-8-12,Funder Registry IDs
10.7554/elife.21236,2016-10-11,Funder Registry IDs
10.7554/elife.35111,2018-3-1,Funder Registry IDs
10.7554/elife.22256,2016-11-29,Funder Registry IDs
10.7554/elife.100373,2024-7-17,Funder Registry IDs
10.7554/elife.36064,2018-3-21,Funder Registry IDs
10.7554/elife.48340,2019-6-14,Funder Registry IDs
10.7554/elife.02583,2014-3-25,Funder Registry IDs
10.7554/elife.57032,2020-3-27,Funder Registry IDs
10.7554/elife.01514,2013-10-15,Funder Registry IDs
10.7554/elife.91985,2024-2-23,Funder Registry IDs
10.7554/elife.107566,2025-11-12,Funder Registry IDs
10.7554/elife.82643,2022-8-22,Funder Registry IDs
10.7554/elife.30734,2017-9-8,Funder Registry IDs
10.7554/elife.43339,2018-12-4,Funder Registry IDs
10.7554/elife.38209,2018-6-20,Funder Registry IDs
10.7554/elife.10233,2015-8-25,Funder Registry IDs
10.7554/elife.106854,2025-4-30,Funder Registry IDs
10.7554/elife.93328,2023-10-12,Funder Registry IDs
10.7554/elife.62534,2020-9-29,Funder Registry IDs
10.7554/elife.67269,2021-3-10,Funder Registry IDs
10.7554/elife.81306,2022-7-28,Funder Registry IDs
10.7554/elife.81548,2022-7-11,Funder Registry IDs
10.7554/elife.92076,2023-9-12,Funder Registry IDs
10.7554/elife.07604,2015-4-17,Funder Registry IDs
10.7554/elife.11375,2015-10-16,Funder Registry IDs
10.7554/elife.00450,2013-1-8,Funder Registry IDs
10.7554/elife.101013,2024-7-31,Funder Registry IDs
10.7554/elife.38959,2018-7-19,Funder Registry IDs
10.7554/elife.100366.3,2025-12-1,Funder Registry IDs
10.7554/elife.106273,2025-12-1,Funder Registry IDs
10.7554/elife.93554.3,2025-12-4,Funder Registry IDs
10.7554/elife.09353,2015-7-22,Funder Registry IDs
10.7554/elife.96413,2024-2-29,Funder Registry IDs
10.7554/elife.107096.3,2025-12-30,Funder Registry IDs
10.7554/elife.100129.3,2025-12-29,Funder Registry IDs
10.7554/elife.105432.3,2025-10-7,Funder Registry IDs
10.7554/elife.82748,2023-6-13,Funder Registry IDs
10.7554/elife.70843,2021-11-8,Funder Registry IDs
10.7554/elife.99937.3,2025-11-3,Funder Registry IDs
10.7554/elife.106140.3,2025-11-7,Funder Registry IDs
10.7554/elife.90050.3,2025-10-3,Funder Registry IDs
10.7554/elife.88540.4,2025-5-14,Funder Registry IDs
10.7554/elife.08077,2015-9-19,Funder Registry IDs
10.7554/elife.98920,2025-10-23,Funder Registry IDs
10.7554/elife.102663,2025-10-28,Funder Registry IDs
10.7554/elife.93183.3,2025-1-9,Funder Registry IDs
10.7554/elife.103725.3,2026-1-6,Funder Registry IDs
10.7554/elife.14383,2016-1-27,Funder Registry IDs
10.7554/elife.15743,2016-3-23,Funder Registry IDs
10.7554/elife.44814,2019-1-8,Funder Registry IDs
10.7554/elife.88685,2023-4-19,Funder Registry IDs
10.7554/elife.29849,2017-6-27,Funder Registry IDs
10.7554/elife.64094,2020-10-22,Funder Registry IDs
10.7554/elife.42368,2018-10-22,Funder Registry IDs
10.7554/elife.77460,2022-12-8,Funder Registry IDs
10.7554/elife.85671,2023-2-16,Funder Registry IDs
10.7554/elife.103512.3,2026-1-8,Funder Registry IDs
10.7554/elife.09186,2015-12-8,Funder Registry IDs
10.7554/elife.93003,2026-1-9,Funder Registry IDs
10.7554/elife.106383,2026-1-13,Funder Registry IDs
10.7554/elife.109183.3,2025-12-22,Funder Registry IDs
10.7554/elife.27595,2017-10-30,Funder Registry IDs
10.7554/elife.108470,2025-8-13,Funder Registry IDs
10.7554/elife.38578,2018-6-29,Funder Registry IDs
10.7554/elife.90407,2023-7-21,Funder Registry IDs
10.7554/elife.94382,2023-12-7,Funder Registry IDs
10.7554/elife.02088,2014-1-21,Funder Registry IDs
10.7554/elife.102833,2024-10-7,Funder Registry IDs
10.7554/elife.33792,2018-1-8,Funder Registry IDs
10.7554/elife.01494,2013-10-8,Funder Registry IDs
10.7554/elife.01680,2013-12-3,Funder Registry IDs
10.7554/elife.106581,2025-3-31,Funder Registry IDs
10.7554/elife.81108,2022-7-27,Funder Registry IDs
10.7554/elife.54467,2020-1-7,Funder Registry IDs
10.7554/elife.63385,2020-11-3,Funder Registry IDs
10.7554/elife.73378,2021-9-29,Funder Registry IDs
10.7554/elife.73380,2021-9-29,Funder Registry IDs
10.7554/elife.78930,2022-4-27,Funder Registry IDs
10.7554/elife.74096,2021-11-5,Funder Registry IDs
10.7554/elife.83251,2022-10-12,Funder Registry IDs
10.7554/elife.41912,2018-10-16,Funder Registry IDs
10.7554/elife.45580,2019-3-5,Funder Registry IDs
10.7554/elife.36786,2018-4-16,Funder Registry IDs
10.7554/elife.104070,2024-10-10,Funder Registry IDs
10.7554/elife.82391,2022-9-13,Funder Registry IDs
10.7554/elife.101111.3,2025-11-18,Funder Registry IDs
10.7554/elife.90533,2023-7-5,Funder Registry IDs
10.7554/elife.104275,2025-11-18,Funder Registry IDs
10.7554/elife.06837,2015-3-9,Funder Registry IDs
10.7554/elife.72978,2021-9-22,Funder Registry IDs
10.7554/elife.103220,2025-11-11,Funder Registry IDs
10.7554/elife.77978,2022-3-24,Funder Registry IDs
10.7554/elife.31106,2017-9-11,Funder Registry IDs
10.7554/elife.06995,2015-3-12,Funder Registry IDs
10.7554/elife.92964.4,2025-11-25,Funder Registry IDs
10.7554/elife.102550,2025-6-20,Funder Registry IDs
10.7554/elife.102784.3,2025-10-22,Funder Registry IDs
10.7554/elife.82584,2023-3-17,Funder Registry IDs
10.7554/elife.51990,2019-11-5,Funder Registry IDs
10.7554/elife.104950.3,2025-12-4,Funder Registry IDs
10.7554/elife.00573,2013-2-19,Funder Registry IDs
10.7554/elife.102187,2024-9-23,Funder Registry IDs
10.7554/elife.49305,2019-12-4,Funder Registry IDs
10.7554/elife.43514,2019-2-20,Funder Registry IDs
10.7554/elife.99426.5,2025-12-23,Funder Registry IDs
10.7554/elife.105932,2025-12-17,Funder Registry IDs
10.7554/elife.09169,2015-6-8,Funder Registry IDs
10.7554/elife.77092,2022-1-28,Funder Registry IDs
10.7554/elife.108175.3,2026-1-7,Funder Registry IDs
10.7554/elife.26902,2017-3-27,Funder Registry IDs
10.7554/elife.28212,2017-5-4,Funder Registry IDs
10.7554/elife.98211,2024-4-25,Funder Registry IDs
10.7554/elife.37833,2018-5-4,Funder Registry IDs
10.7554/elife.44302,2018-12-21,Funder Registry IDs
10.7554/elife.56553,2020-3-5,Funder Registry IDs
10.7554/elife.69853,2021-4-29,Funder Registry IDs
10.7554/elife.100555,2026-1-14,Funder Registry IDs
10.7554/elife.107460.3,2026-1-14,Funder Registry IDs
10.7554/elife.95103,2024-1-25,Funder Registry IDs
10.7554/elife.00873,2013-5-21,Funder Registry IDs
10.7554/elife.09944,2015-7-23,Funder Registry IDs
10.7554/elife.74981,2021-11-5,Funder Registry IDs
10.7554/elife.13977,2016-2-3,Funder Registry IDs
10.7554/elife.101446,2024-8-19,Funder Registry IDs
10.7554/elife.103535,2024-10-28,Funder Registry IDs
10.7554/elife.05169,2015-1-9,Funder Registry IDs
10.7554/elife.16019,2016-4-12,Funder Registry IDs
10.7554/elife.23447,2016-12-23,Funder Registry IDs
10.7554/elife.31808,2017-10-10,Funder Registry IDs
10.7554/elife.104715,2024-12-3,Funder Registry IDs
10.7554/elife.85437,2023-1-24,Funder Registry IDs
10.7554/elife.77749,2022-3-18,Funder Registry IDs
10.7554/elife.79125,2022-5-19,Funder Registry IDs
10.7554/elife.83482,2022-10-19,Funder Registry IDs
10.7554/elife.48999,2019-7-15,Funder Registry IDs
10.7554/elife.49211,2019-7-26,Funder Registry IDs
10.7554/elife.32015,2017-9-28,Funder Registry IDs
10.7554/elife.107379,2025-5-29,Funder Registry IDs
10.7554/elife.02386,2014-3-4,Funder Registry IDs
10.7554/elife.26260,2017-3-28,Funder Registry IDs
10.7554/elife.21230,2016-9-29,Funder Registry IDs
10.7554/elife.12481,2016-1-25,Funder Registry IDs
10.7554/elife.21072,2016-9-23,Funder Registry IDs
10.7554/elife.40034,2018-8-21,Funder Registry IDs
10.7554/elife.88396,2023-5-11,Funder Registry IDs
10.7554/elife.12708,2015-11-11,Funder Registry IDs
10.7554/elife.100653.3,2025-11-26,Funder Registry IDs
10.7554/elife.105287.3,2026-1-8,Funder Registry IDs
10.7554/elife.101071,2025-11-12,Funder Registry IDs
10.7554/elife.89947,2024-5-9,Funder Registry IDs
10.7554/elife.04741,2014-9-18,Funder Registry IDs
10.7554/elife.12810,2015-11-6,Funder Registry IDs
10.7554/elife.22300,2016-10-19,Funder Registry IDs
10.7554/elife.22495,2016-10-19,Funder Registry IDs
10.7554/elife.25460,2017-1-31,Funder Registry IDs
10.7554/elife.08168,2015-4-22,Funder Registry IDs
10.7554/elife.08663,2015-5-28,Funder Registry IDs
10.7554/elife.107055,2025-4-3,Funder Registry IDs
10.7554/elife.75278,2021-11-29,Funder Registry IDs
10.7554/elife.84187,2022-10-20,Funder Registry IDs
10.7554/elife.85738,2023-1-3,Funder Registry IDs
10.7554/elife.93941,2023-11-1,Funder Registry IDs
10.7554/elife.26177,2017-5-16,Funder Registry IDs
10.7554/elife.103676,2025-9-30,Funder Registry IDs
10.7554/elife.43421,2018-12-18,Funder Registry IDs
10.7554/elife.108870,2025-9-16,Funder Registry IDs
10.7554/elife.55216,2020-2-25,Funder Registry IDs
10.7554/elife.82635,2022-9-20,Funder Registry IDs
10.7554/elife.93273,2024-8-13,Funder Registry IDs
10.7554/elife.87771,2023-4-21,Funder Registry IDs
10.7554/elife.13125,2016-4-12,Funder Registry IDs
10.7554/elife.55429,2020-3-3,Funder Registry IDs
10.7554/elife.96693,2025-5-21,Funder Registry IDs
10.7554/elife.27438,2017-6-29,Funder Registry IDs
10.7554/elife.08942,2015-7-31,Funder Registry IDs
10.7554/elife.81116,2022-9-2,Funder Registry IDs
10.7554/elife.104282.3,2025-12-4,Funder Registry IDs
10.7554/elife.54969,2020-2-11,Funder Registry IDs
10.7554/elife.82873,2022-9-23,Funder Registry IDs
10.7554/elife.107406,2025-11-13,Funder Registry IDs
10.7554/elife.01136,2013-7-23,Funder Registry IDs
10.7554/elife.108748.4,2025-12-23,Funder Registry IDs
10.7554/elife.104359,2025-12-24,Funder Registry IDs
10.7554/elife.51771,2020-2-5,Funder Registry IDs
10.7554/elife.48084,2019-6-10,Funder Registry IDs
10.7554/elife.107449,2025-11-19,Funder Registry IDs
10.7554/elife.106818,2025-11-18,Funder Registry IDs
10.7554/elife.101799,2025-11-21,Funder Registry IDs
10.7554/elife.82980,2023-1-19,Funder Registry IDs
10.7554/elife.94587,2024-11-26,Funder Registry IDs
10.7554/elife.93589,2025-9-12,Funder Registry IDs
10.7554/elife.99502.3,2025-10-28,Funder Registry IDs
10.7554/elife.104530.3,2025-10-30,Funder Registry IDs
10.7554/elife.106249.3,2025-10-13,Funder Registry IDs
10.7554/elife.16931,2016-6-16,Funder Registry IDs
10.7554/elife.110271,2026-1-13,Funder Registry IDs
10.7554/elife.61599,2020-9-14,Funder Registry IDs
10.7554/elife.32473,2017-10-30,Funder Registry IDs
10.7554/elife.00386,2012-12-18,Funder Registry IDs
10.7554/elife.11709,2015-10-21,Funder Registry IDs
10.7554/elife.11326,2015-10-7,Funder Registry IDs
10.7554/elife.08679,2015-6-23,Funder Registry IDs
10.7554/elife.20314,2016-9-6,Funder Registry IDs
10.7554/elife.21263,2016-10-11,Funder Registry IDs
10.7554/elife.13788,2016-2-2,Funder Registry IDs
10.7554/elife.99560,2024-6-10,Funder Registry IDs
10.7554/elife.58965,2020-6-22,Funder Registry IDs
10.7554/elife.00958,2013-6-25,Funder Registry IDs
10.7554/elife.83789,2022-11-2,Funder Registry IDs
10.7554/elife.88052,2023-5-25,Funder Registry IDs
10.7554/elife.54767,2020-2-24,Funder Registry IDs
10.7554/elife.81520,2022-8-5,Funder Registry IDs
10.7554/elife.63845,2020-11-17,Funder Registry IDs
10.7554/elife.55396,2020-2-27,Funder Registry IDs
10.7554/elife.50815,2019-9-17,Funder Registry IDs
10.7554/elife.82928,2022-9-21,Funder Registry IDs
10.7554/elife.13035,2015-12-30,Funder Registry IDs
10.7554/elife.103660.3,2025-9-23,Funder Registry IDs
10.7554/elife.106616.4,2025-12-11,Funder Registry IDs
10.7554/elife.34901,2018-2-21,Funder Registry IDs
10.7554/elife.71121,2021-8-4,Funder Registry IDs
10.7554/elife.97633,2024-4-15,Funder Registry IDs
10.7554/elife.94760,2023-12-20,Funder Registry IDs
10.7554/elife.15438,2016-3-31,Funder Registry IDs
10.7554/elife.00340,2012-12-13,Funder Registry IDs
10.7554/elife.18707,2016-7-15,Funder Registry IDs
10.7554/elife.47523,2019-5-14,Funder Registry IDs
10.7554/elife.79839,2022-6-1,Funder Registry IDs
10.7554/elife.106701,2025-3-27,Funder Registry IDs
10.7554/elife.100755,2024-7-17,Funder Registry IDs
10.7554/elife.96718,2025-10-13,Funder Registry IDs
10.7554/elife.106308,2025-11-17,Funder Registry IDs
10.7554/elife.107449.3,2025-11-19,Funder Registry IDs
10.7554/elife.33219,2017-12-4,Funder Registry IDs
10.7554/elife.64948,2020-12-23,Funder Registry IDs
10.7554/elife.64228,2020-11-26,Funder Registry IDs
10.7554/elife.93490,2023-11-24,Funder Registry IDs
10.7554/elife.105466.3,2025-11-10,Funder Registry IDs
10.7554/elife.101583.3,2025-7-28,Funder Registry IDs
10.7554/elife.107034.3,2025-11-11,Funder Registry IDs
10.7554/elife.24063,2017-7-11,Funder Registry IDs
10.7554/elife.59328,2020-8-4,Funder Registry IDs
10.7554/elife.107683,2025-11-21,Funder Registry IDs
10.7554/elife.102287,2025-11-25,Funder Registry IDs
10.7554/elife.07897,2016-4-5,Funder Registry IDs
10.7554/elife.103971,2025-11-5,Funder Registry IDs
10.7554/elife.97277,2024-4-5,Funder Registry IDs
10.7554/elife.108426,2025-9-1,Funder Registry IDs
10.7554/elife.46551,2019-5-30,Funder Registry IDs
10.7554/elife.106553,2025-4-2,Funder Registry IDs
10.7554/elife.18898,2016-8-30,Funder Registry IDs
10.7554/elife.105750,2024-12-20,Funder Registry IDs
10.7554/elife.106301,2025-2-7,Funder Registry IDs
10.7554/elife.79782,2022-5-4,Funder Registry IDs
10.7554/elife.85158,2022-11-28,Funder Registry IDs
10.7554/elife.99599,2024-5-10,Funder Registry IDs
10.7554/elife.56997,2020-3-18,Funder Registry IDs
10.7554/elife.22475,2016-10-24,Funder Registry IDs
10.7554/elife.34572,2018-1-8,Funder Registry IDs
10.7554/elife.36711,2018-5-4,Funder Registry IDs
10.7554/elife.71920,2022-10-11,Funder Registry IDs
10.7554/elife.95541,2025-12-18,Funder Registry IDs
10.7554/elife.106658,2025-12-31,Funder Registry IDs
10.7554/elife.106098,2025-11-5,Funder Registry IDs
10.7554/elife.93003.3,2026-1-9,Funder Registry IDs
10.7554/elife.23383,2017-1-19,Funder Registry IDs
10.7554/elife.108922.3,2025-12-30,Funder Registry IDs
10.7554/elife.93108,2026-1-14,Funder Registry IDs
10.7554/elife.50016,2019-8-1,Funder Registry IDs
10.7554/elife.33650,2017-12-5,Funder Registry IDs
10.7554/elife.103059,2024-10-21,Funder Registry IDs
10.7554/elife.96836,2024-3-15,Funder Registry IDs
10.7554/elife.38895,2018-7-31,Funder Registry IDs
10.7554/elife.101618,2024-7-31,Funder Registry IDs
10.7554/elife.14576,2016-3-1,Funder Registry IDs
10.7554/elife.36489,2018-4-23,Funder Registry IDs
10.7554/elife.46651,2019-4-10,Funder Registry IDs
10.7554/elife.43512,2018-11-30,Funder Registry IDs
10.7554/elife.46561,2019-5-3,Funder Registry IDs
10.7554/elife.02087,2014-2-4,Funder Registry IDs
10.7554/elife.02715,2014-4-8,Funder Registry IDs
10.7554/elife.62694,2020-10-16,Funder Registry IDs
10.7554/elife.63585,2020-11-17,Funder Registry IDs
10.7554/elife.83296,2022-10-11,Funder Registry IDs
10.7554/elife.92403,2023-9-5,Funder Registry IDs
10.7554/elife.102573,2025-6-11,Funder Registry IDs
10.7554/elife.50626,2019-9-3,Funder Registry IDs
10.7554/elife.66676,2021-2-23,Funder Registry IDs
10.7554/elife.57515,2020-5-19,Funder Registry IDs
10.7554/elife.29586,2017-7-14,Funder Registry IDs
10.7554/elife.08773,2015-6-16,Funder Registry IDs
10.7554/elife.61820,2020-9-16,Funder Registry IDs
10.7554/elife.14790,2016-3-7,Funder Registry IDs
10.7554/elife.109320,2025-10-30,Funder Registry IDs
10.7554/elife.104896,2025-10-29,Funder Registry IDs
10.7554/elife.92958,2025-11-19,Funder Registry IDs
10.7554/elife.10504,2015-9-1,Funder Registry IDs
10.7554/elife.03981,2014-12-10,Funder Registry IDs
10.7554/elife.101186.3,2025-5-6,Funder Registry IDs
10.7554/elife.23699,2017-6-7,Funder Registry IDs
10.7554/elife.89287,2024-2-22,Funder Registry IDs
10.7554/elife.102663.3,2025-10-28,Funder Registry IDs
10.7554/elife.58971,2021-8-4,Funder Registry IDs
10.7554/elife.58567,2020-8-25,Funder Registry IDs
10.7554/elife.106901.3,2025-9-24,Funder Registry IDs
10.7554/elife.106062.3,2025-12-1,Funder Registry IDs
10.7554/elife.46827,2019-9-20,Funder Registry IDs
10.7554/elife.67173,2021-4-13,Funder Registry IDs
10.7554/elife.104375.3,2025-12-23,Funder Registry IDs
10.7554/elife.106686,2025-4-14,Funder Registry IDs
10.7554/elife.109183,2025-12-22,Funder Registry IDs
10.7554/elife.94608,2024-7-4,Funder Registry IDs
10.7554/elife.63632,2021-4-9,Funder Registry IDs
10.7554/elife.35336,2018-3-7,Funder Registry IDs
10.7554/elife.104808.3,2026-1-12,Funder Registry IDs
10.7554/elife.93645.2,2026-1-7,Funder Registry IDs
10.7554/elife.47084,2019-8-27,Funder Registry IDs
10.7554/elife.106198,2025-2-3,Funder Registry IDs
10.7554/elife.72022,2021-7-9,Funder Registry IDs
10.7554/elife.01114,2013-7-2,Funder Registry IDs
10.7554/elife.26528,2017-3-8,Funder Registry IDs
10.7554/elife.31512,2017-9-7,Funder Registry IDs
10.7554/elife.31550,2017-10-9,Funder Registry IDs
10.7554/elife.83277,2022-9-14,Funder Registry IDs
10.7554/elife.86893,2023-2-23,Funder Registry IDs
10.7554/elife.87987,2023-3-22,Funder Registry IDs
10.7554/elife.37316,2018-4-10,Funder Registry IDs
10.7554/elife.38361,2018-5-16,Funder Registry IDs
10.7554/elife.48778,2019-5-28,Funder Registry IDs
10.7554/elife.51742,2019-9-11,Funder Registry IDs
10.7554/elife.91539,2023-8-2,Funder Registry IDs
10.7554/elife.57666,2020-4-16,Funder Registry IDs
10.7554/elife.70755,2021-5-28,Funder Registry IDs
10.7554/elife.106710,2025-3-25,Funder Registry IDs
10.7554/elife.32330,2017-11-1,Funder Registry IDs
10.7554/elife.35246,2018-2-27,Funder Registry IDs
10.7554/elife.80711,2022-6-28,Funder Registry IDs
10.7554/elife.96139,2024-2-9,Funder Registry IDs
10.7554/elife.80488,2022-6-22,Funder Registry IDs
10.7554/elife.106792.3,2025-12-1,Funder Registry IDs
10.7554/elife.20686,2016-9-20,Funder Registry IDs
10.7554/elife.01779,2013-12-3,Funder Registry IDs
10.7554/elife.106305.3,2025-11-10,Funder Registry IDs
10.7554/elife.72602,2022-7-7,Funder Registry IDs
10.7554/elife.89947.3,2024-5-9,Funder Registry IDs
10.7554/elife.21673,2017-1-13,Funder Registry IDs
10.7554/elife.84349,2025-2-26,Funder Registry IDs
10.7554/elife.89263,2024-2-7,Funder Registry IDs
10.7554/elife.03575,2014-7-8,Funder Registry IDs
10.7554/elife.12386,2015-12-15,Funder Registry IDs
10.7554/elife.39664,2018-8-6,Funder Registry IDs
10.7554/elife.106980,2025-5-2,Funder Registry IDs
10.7554/elife.07431,2015-4-16,Funder Registry IDs
10.7554/elife.62104,2020-9-1,Funder Registry IDs
10.7554/elife.57668,2020-5-28,Funder Registry IDs
10.7554/elife.74912,2021-12-9,Funder Registry IDs
10.7554/elife.83254,2022-10-7,Funder Registry IDs
10.7554/elife.67634,2021-3-23,Funder Registry IDs
10.7554/elife.59379,2020-6-30,Funder Registry IDs
10.7554/elife.63871,2020-11-10,Funder Registry IDs
10.7554/elife.84142,2022-11-24,Funder Registry IDs
10.7554/elife.89112,2023-6-12,Funder Registry IDs
10.7554/elife.35663,2018-3-1,Funder Registry IDs
10.7554/elife.14955,2016-3-15,Funder Registry IDs
10.7554/elife.30183,2017-7-11,Funder Registry IDs
10.7554/elife.16846,2016-5-18,Funder Registry IDs
10.7554/elife.82221,2022-9-2,Funder Registry IDs
10.7554/elife.16964,2016-5-13,Funder Registry IDs
10.7554/elife.37732,2018-5-29,Funder Registry IDs
10.7554/elife.60912,2020-8-11,Funder Registry IDs
10.7554/elife.65676,2021-2-2,Funder Registry IDs
10.7554/elife.56833,2020-4-27,Funder Registry IDs
10.7554/elife.69398,2021-7-22,Funder Registry IDs
10.7554/elife.56664,2020-8-25,Funder Registry IDs
10.7554/elife.90531,2025-12-16,Funder Registry IDs
10.7554/elife.97360,2024-2-29,Funder Registry IDs
10.7554/elife.27894,2017-5-23,Funder Registry IDs
10.7554/elife.106184,2025-12-23,Funder Registry IDs
10.7554/elife.90017,2023-7-10,Funder Registry IDs
10.7554/elife.43690,2018-11-16,Funder Registry IDs
10.7554/elife.58195,2020-4-27,Funder Registry IDs
10.7554/elife.00533,2013-9-10,Funder Registry IDs
10.7554/elife.26811,2017-3-15,Funder Registry IDs
10.7554/elife.28205,2017-5-5,Funder Registry IDs
10.7554/elife.04371,2014-8-22,Funder Registry IDs
10.7554/elife.108912,2025-8-20,Funder Registry IDs
10.7554/elife.11547,2015-9-22,Funder Registry IDs
10.7554/elife.104341,2024-11-11,Funder Registry IDs
10.7554/elife.107369,2025-5-2,Funder Registry IDs
10.7554/elife.74730,2021-10-19,Funder Registry IDs
10.7554/elife.76247,2021-12-15,Funder Registry IDs
10.7554/elife.77377,2022-1-27,Funder Registry IDs
10.7554/elife.106658.3,2025-12-31,Funder Registry IDs
10.7554/elife.74135,2021-11-2,Funder Registry IDs
10.7554/elife.58989,2020-6-8,Funder Registry IDs
10.7554/elife.102550.3,2025-6-20,Funder Registry IDs
10.7554/elife.70327,2021-6-16,Funder Registry IDs
10.7554/elife.45426,2019-6-19,Funder Registry IDs
10.7554/elife.38297,2018-6-15,Funder Registry IDs
10.7554/elife.46668,2019-9-11,Funder Registry IDs
10.7554/elife.104808,2026-1-12,Funder Registry IDs
10.7554/elife.90627,2025-11-20,Funder Registry IDs
10.7554/elife.04603,2014-9-30,Funder Registry IDs
10.7554/elife.105511,2025-1-27,Funder Registry IDs
10.7554/elife.01403,2013-9-28,Funder Registry IDs
10.7554/elife.77349,2022-3-8,Funder Registry IDs
10.7554/elife.16798,2016-5-18,Funder Registry IDs
10.7554/elife.16156,2016-4-28,Funder Registry IDs
10.7554/elife.16209,2016-4-29,Funder Registry IDs
10.7554/elife.78246,2022-4-5,Funder Registry IDs
10.7554/elife.69657,2021-5-26,Funder Registry IDs
10.7554/elife.60600,2020-8-5,Funder Registry IDs
10.7554/elife.73739,2021-10-18,Funder Registry IDs
10.7554/elife.79813,2022-5-30,Funder Registry IDs
10.7554/elife.107575,2025-6-30,Funder Registry IDs
10.7554/elife.11399,2015-10-6,Funder Registry IDs
10.7554/elife.26401,2017-4-12,Funder Registry IDs
10.7554/elife.03374,2014-6-17,Funder Registry IDs
10.7554/elife.57481,2020-5-6,Funder Registry IDs
10.7554/elife.52805,2019-11-14,Funder Registry IDs
10.7554/elife.66591,2021-2-12,Funder Registry IDs
10.7554/elife.92482,2023-10-11,Funder Registry IDs
10.7554/elife.15963,2016-4-21,Funder Registry IDs
10.7554/elife.03068,2014-5-20,Funder Registry IDs
10.7554/elife.105864,2025-11-6,Funder Registry IDs
10.7554/elife.82028,2022-8-30,Funder Registry IDs
10.7554/elife.27563,2017-5-17,Funder Registry IDs
10.7554/elife.105466,2025-11-10,Funder Registry IDs
10.7554/elife.103660,2025-9-23,Funder Registry IDs
10.7554/elife.105065,2025-9-12,Funder Registry IDs
10.7554/elife.102941,2025-10-21,Funder Registry IDs
10.7554/elife.46757,2019-4-25,Funder Registry IDs
10.7554/elife.16758,2016-5-17,Funder Registry IDs
10.7554/elife.98747.3,2024-11-25,Funder Registry IDs
10.7554/elife.78822,2022-9-13,Funder Registry IDs
10.7554/elife.102288.3,2025-11-13,Funder Registry IDs
10.7554/elife.77913,2022-7-29,Funder Registry IDs
10.7554/elife.39244,2018-7-27,Funder Registry IDs
10.7554/elife.27467,2017-5-19,Funder Registry IDs
10.7554/elife.67860,2021-3-23,Funder Registry IDs
10.7554/elife.90230,2023-11-3,Funder Registry IDs
10.7554/elife.103484,2025-11-19,Funder Registry IDs
10.7554/elife.108331.3,2025-12-4,Funder Registry IDs
10.7554/elife.00708,2013-7-16,Funder Registry IDs
10.7554/elife.90766.4,2024-10-2,Funder Registry IDs
10.7554/elife.88654,2023-5-25,Funder Registry IDs
10.7554/elife.00855,2013-5-16,Funder Registry IDs
10.7554/elife.47221,2019-5-2,Funder Registry IDs
10.7554/elife.106231,2025-12-11,Funder Registry IDs
10.7554/elife.105876.3,2025-12-15,Funder Registry IDs
10.7554/elife.105271,2025-12-16,Funder Registry IDs
10.7554/elife.99991,2024-6-28,Funder Registry IDs
10.7554/elife.90964.3,2024-7-19,Funder Registry IDs
10.7554/elife.107018,2025-12-23,Funder Registry IDs
10.7554/elife.107552,2025-10-10,Funder Registry IDs
10.7554/elife.01042,2013-7-9,Funder Registry IDs
10.7554/elife.05657,2014-11-24,Funder Registry IDs
10.7554/elife.06986,2015-2-18,Funder Registry IDs
10.7554/elife.104114,2024-10-21,Funder Registry IDs
10.7554/elife.45804,2019-2-6,Funder Registry IDs
10.7554/elife.91723,2023-8-9,Funder Registry IDs
10.7554/elife.31641,2017-9-6,Funder Registry IDs
10.7554/elife.33413,2017-11-8,Funder Registry IDs
10.7554/elife.56774,2020-3-10,Funder Registry IDs
10.7554/elife.15597,2016-3-16,Funder Registry IDs
10.7554/elife.86471,2023-2-9,Funder Registry IDs
10.7554/elife.27642,2017-4-13,Funder Registry IDs
10.7554/elife.101673,2026-1-14,Funder Registry IDs
10.7554/elife.13367,2016-1-20,Funder Registry IDs
10.7554/elife.96710,2024-3-18,Funder Registry IDs
10.7554/elife.92092,2025-6-11,Funder Registry IDs
10.7554/elife.108573,2025-8-27,Funder Registry IDs
10.7554/elife.94732,2024-2-21,Funder Registry IDs
10.7554/elife.21404,2016-10-20,Funder Registry IDs
10.7554/elife.107246,2025-5-28,Funder Registry IDs
10.7554/elife.32703,2017-11-17,Funder Registry IDs
10.7554/elife.03128,2014-5-27,Funder Registry IDs
10.7554/elife.103003,2024-9-30,Funder Registry IDs
10.7554/elife.03176,2014-6-3,Funder Registry IDs
10.7554/elife.04168,2014-9-2,Funder Registry IDs
10.7554/elife.12686,2016-1-19,Funder Registry IDs
10.7554/elife.05720,2014-12-30,Funder Registry IDs
10.7554/elife.107383,2025-6-3,Funder Registry IDs
10.7554/elife.105042,2024-12-23,Funder Registry IDs
10.7554/elife.02387,2014-3-4,Funder Registry IDs
10.7554/elife.75818,2021-12-15,Funder Registry IDs
10.7554/elife.76246,2022-1-25,Funder Registry IDs
10.7554/elife.80718,2022-7-11,Funder Registry IDs
10.7554/elife.67863,2021-4-6,Funder Registry IDs
10.7554/elife.99804,2024-7-9,Funder Registry IDs
10.7554/elife.52123,2019-11-1,Funder Registry IDs
10.7554/elife.75629,2021-12-23,Funder Registry IDs
10.7554/elife.72562,2021-9-9,Funder Registry IDs
10.7554/elife.55220,2020-2-25,Funder Registry IDs
10.7554/elife.84025,2022-11-11,Funder Registry IDs
10.7554/elife.86807,2023-3-22,Funder Registry IDs
10.7554/elife.84118,2022-11-15,Funder Registry IDs
10.7554/elife.01294,2013-8-13,Funder Registry IDs
10.7554/elife.51291,2019-9-27,Funder Registry IDs
10.7554/elife.80956,2022-11-2,Funder Registry IDs
10.7554/elife.07961,2015-5-12,Funder Registry IDs
10.7554/elife.02369,2014-3-4,Funder Registry IDs
10.7554/elife.00353,2012-12-13,Funder Registry IDs
10.7554/elife.97495,2025-10-8,Funder Registry IDs
10.7554/elife.08086,2015-5-13,Funder Registry IDs
10.7554/elife.94794,2025-11-4,Funder Registry IDs
10.7554/elife.102391,2025-11-21,Funder Registry IDs
10.7554/elife.70584,2021-6-30,Funder Registry IDs
10.7554/elife.80891,2022-7-21,Funder Registry IDs
10.7554/elife.106305,2025-11-10,Funder Registry IDs
10.7554/elife.104896.3,2025-10-29,Funder Registry IDs
10.7554/elife.85427,2023-7-6,Funder Registry IDs
10.7554/elife.78518,2023-6-21,Funder Registry IDs
10.7554/elife.50527,2019-8-6,Funder Registry IDs
10.7554/elife.86136,2023-8-17,Funder Registry IDs
10.7554/elife.95733.3,2025-5-19,Funder Registry IDs
10.7554/elife.86764.3,2024-3-20,Funder Registry IDs
10.7554/elife.96783,2025-12-29,Funder Registry IDs
10.7554/elife.34801,2018-5-31,Funder Registry IDs
10.7554/elife.100981,2025-10-9,Funder Registry IDs
10.7554/elife.104359.3,2025-12-24,Funder Registry IDs
10.7554/elife.40189,2018-12-18,Funder Registry IDs
10.7554/elife.50135,2020-1-14,Funder Registry IDs
10.7554/elife.01597,2013-10-8,Funder Registry IDs
10.7554/elife.01662,2013-11-19,Funder Registry IDs
10.7554/elife.03602,2014-6-11,Funder Registry IDs
10.7554/elife.109889,2025-11-14,Funder Registry IDs
10.7554/elife.14281,2016-2-3,Funder Registry IDs
10.7554/elife.15893,2016-3-14,Funder Registry IDs
10.7554/elife.16332,2016-3-31,Funder Registry IDs
10.7554/elife.101165,2024-7-2,Funder Registry IDs
10.7554/elife.101706,2024-7-31,Funder Registry IDs
10.7554/elife.76898,2022-1-19,Funder Registry IDs
10.7554/elife.77337,2022-1-27,Funder Registry IDs
10.7554/elife.78088,2022-3-2,Funder Registry IDs
10.7554/elife.65123,2020-12-1,Funder Registry IDs
10.7554/elife.59053,2020-7-30,Funder Registry IDs
10.7554/elife.102337,2025-11-5,Funder Registry IDs
10.7554/elife.97430,2024-4-17,Funder Registry IDs
10.7554/elife.90402,2023-6-27,Funder Registry IDs
10.7554/elife.50647,2019-8-30,Funder Registry IDs
10.7554/elife.59910,2020-7-21,Funder Registry IDs
10.7554/elife.72048,2021-8-10,Funder Registry IDs
10.7554/elife.38516,2018-7-10,Funder Registry IDs
10.7554/elife.62022,2020-9-11,Funder Registry IDs
10.7554/elife.48268,2019-6-12,Funder Registry IDs
10.7554/elife.00641,2013-3-19,Funder Registry IDs
10.7554/elife.02589,2014-3-25,Funder Registry IDs
10.7554/elife.02618,2014-4-1,Funder Registry IDs
10.7554/elife.00729,2013-4-16,Funder Registry IDs
10.7554/elife.38748,2018-7-9,Funder Registry IDs
10.7554/elife.54244,2020-1-24,Funder Registry IDs
10.7554/elife.89823,2023-7-7,Funder Registry IDs
10.7554/elife.86447,2023-2-28,Funder Registry IDs
10.7554/elife.97084,2024-7-10,Funder Registry IDs
10.7554/elife.88248,2023-5-9,Funder Registry IDs
10.7554/elife.92714,2023-10-19,Funder Registry IDs
10.7554/elife.01127,2013-8-8,Funder Registry IDs
10.7554/elife.06424,2015-2-10,Funder Registry IDs
10.7554/elife.04742,2014-10-16,Funder Registry IDs
10.7554/elife.41524,2018-12-7,Funder Registry IDs
10.7554/elife.14973,2016-3-24,Funder Registry IDs
10.7554/elife.36992,2018-4-9,Funder Registry IDs
10.7554/elife.68277,2021-4-15,Funder Registry IDs
10.7554/elife.36366,2018-4-4,Funder Registry IDs
10.7554/elife.92092.3,2025-6-11,Funder Registry IDs
10.7554/elife.37234,2018-5-17,Funder Registry IDs
10.7554/elife.85606,2023-2-2,Funder Registry IDs
10.7554/elife.78765,2022-8-16,Funder Registry IDs
10.7554/elife.107540,2025-12-10,Funder Registry IDs
10.7554/elife.66916,2021-3-2,Funder Registry IDs
10.7554/elife.104220,2025-10-3,Funder Registry IDs
10.7554/elife.06883,2015-3-10,Funder Registry IDs
10.7554/elife.25408,2017-3-15,Funder Registry IDs
10.7554/elife.25411,2017-3-15,Funder Registry IDs
10.7554/elife.01139,2013-10-1,Funder Registry IDs
10.7554/elife.34258,2018-1-22,Funder Registry IDs
10.7554/elife.106706,2025-3-26,Funder Registry IDs
10.7554/elife.108922,2025-12-30,Funder Registry IDs
10.7554/elife.90849.3,2025-12-31,Funder Registry IDs
10.7554/elife.22089,2017-2-7,Funder Registry IDs
10.7554/elife.100851.3,2026-1-13,Funder Registry IDs
10.7554/elife.100555.3,2026-1-14,Funder Registry IDs
10.7554/elife.76228,2022-8-9,Funder Registry IDs
10.7554/elife.17210,2016-8-16,Funder Registry IDs
10.7554/elife.84698,2024-9-5,Funder Registry IDs
10.7554/elife.16606,2016-4-25,Funder Registry IDs
10.7554/elife.19432,2016-7-14,Funder Registry IDs
10.7554/elife.85366,2022-12-14,Funder Registry IDs
10.7554/elife.85479,2022-12-15,Funder Registry IDs
10.7554/elife.36350,2018-3-13,Funder Registry IDs
10.7554/elife.91492,2023-8-1,Funder Registry IDs
10.7554/elife.10084,2015-7-24,Funder Registry IDs
10.7554/elife.101848,2024-10-3,Funder Registry IDs
10.7554/elife.10328,2015-7-29,Funder Registry IDs
10.7554/elife.63994,2020-10-15,Funder Registry IDs
10.7554/elife.64623,2020-11-9,Funder Registry IDs
10.7554/elife.71338,2021-6-24,Funder Registry IDs
10.7554/elife.57648,2022-8-19,Funder Registry IDs
10.7554/elife.106791.4,2026-1-15,Funder Registry IDs
10.7554/elife.105432,2025-10-7,Funder Registry IDs
10.7554/elife.105734,2025-11-5,Funder Registry IDs
10.7554/elife.20516,2016-9-9,Funder Registry IDs
10.7554/elife.36813,2018-4-27,Funder Registry IDs
10.7554/elife.27085,2017-4-25,Funder Registry IDs
10.7554/elife.04040,2014-8-19,Funder Registry IDs
10.7554/elife.25654,2017-3-23,Funder Registry IDs
10.7554/elife.18721,2016-7-15,Funder Registry IDs
10.7554/elife.00491,2013-1-22,Funder Registry IDs
10.7554/elife.94764,2024-1-4,Funder Registry IDs
10.7554/elife.90743,2023-8-10,Funder Registry IDs
10.7554/elife.44441,2018-12-20,Funder Registry IDs
10.7554/elife.44076,2019-1-21,Funder Registry IDs
10.7554/elife.61547,2020-9-3,Funder Registry IDs
10.7554/elife.106704,2025-3-25,Funder Registry IDs
10.7554/elife.86696,2023-3-3,Funder Registry IDs
10.7554/elife.54037,2020-1-16,Funder Registry IDs
10.7554/elife.76801,2022-2-17,Funder Registry IDs
10.7554/elife.86194,2024-12-23,Funder Registry IDs
10.7554/elife.04901,2014-10-7,Funder Registry IDs
10.7554/elife.35906,2018-3-21,Funder Registry IDs
10.7554/elife.15591,2016-3-29,Funder Registry IDs
10.7554/elife.05787,2015-2-17,Funder Registry IDs
10.7554/elife.15957,2016-4-15,Funder Registry IDs
10.7554/elife.87358,2023-4-17,Funder Registry IDs
10.7554/elife.64379,2020-12-2,Funder Registry IDs
10.7554/elife.85001,2022-12-23,Funder Registry IDs
10.7554/elife.37432,2018-4-23,Funder Registry IDs
10.7554/elife.98351,2025-2-28,Funder Registry IDs
10.7554/elife.89264,2023-6-15,Funder Registry IDs
10.7554/elife.05580,2014-12-24,Funder Registry IDs
10.7554/elife.101894,2025-11-12,Funder Registry IDs
10.7554/elife.94573,2024-8-9,Funder Registry IDs
10.7554/elife.40921,2018-9-26,Funder Registry IDs
10.7554/elife.18431,2016-7-20,Funder Registry IDs
10.7554/elife.07390,2015-4-8,Funder Registry IDs
10.7554/elife.25812,2017-3-28,Funder Registry IDs
10.7554/elife.05244,2014-11-25,Funder Registry IDs
10.7554/elife.106819,2025-3-27,Funder Registry IDs
10.7554/elife.100653,2025-11-26,Funder Registry IDs
10.7554/elife.106815,2025-11-26,Funder Registry IDs
10.7554/elife.101929.3,2025-10-22,Funder Registry IDs
10.7554/elife.103999,2025-7-22,Funder Registry IDs
10.7554/elife.107494.3,2025-11-12,Funder Registry IDs
10.7554/elife.107419.3,2025-10-22,Funder Registry IDs
10.7554/elife.60829,2020-9-23,Funder Registry IDs
10.7554/elife.63204,2021-2-16,Funder Registry IDs
10.7554/elife.76096,2022-4-20,Funder Registry IDs
10.7554/elife.96708,2024-3-8,Funder Registry IDs
10.7554/elife.41002,2018-9-25,Funder Registry IDs
10.7554/elife.103817.3,2025-12-8,Funder Registry IDs
10.7554/elife.106823,2025-9-22,Funder Registry IDs
10.7554/elife.94556,2024-1-3,Funder Registry IDs
10.7554/elife.77429,2022-5-27,Funder Registry IDs
10.7554/elife.59786,2020-7-21,Funder Registry IDs
10.7554/elife.81779,2023-1-16,Funder Registry IDs
10.7554/elife.44149,2019-1-24,Funder Registry IDs
10.7554/elife.108748,2025-12-23,Funder Registry IDs
10.7554/elife.100129,2025-12-29,Funder Registry IDs
10.7554/elife.105321,2025-12-29,Funder Registry IDs
10.7554/elife.01700,2013-10-22,Funder Registry IDs
10.7554/elife.12968,2015-11-18,Funder Registry IDs
10.7554/elife.05179,2014-10-21,Funder Registry IDs
10.7554/elife.103278,2024-9-13,Funder Registry IDs
10.7554/elife.104576,2024-10-22,Funder Registry IDs
10.7554/elife.32061,2017-9-18,Funder Registry IDs
10.7554/elife.95305,2023-12-20,Funder Registry IDs
10.7554/elife.96151,2024-2-5,Funder Registry IDs
10.7554/elife.60055,2020-6-19,Funder Registry IDs
10.7554/elife.07546,2015-8-28,Funder Registry IDs
10.7554/elife.103725,2026-1-6,Funder Registry IDs
10.7554/elife.92992,2025-10-21,Funder Registry IDs
10.7554/elife.53311,2020-3-9,Funder Registry IDs
10.7554/elife.67528,2021-6-16,Funder Registry IDs
10.7554/elife.46781,2019-4-9,Funder Registry IDs
10.7554/elife.47468,2019-5-14,Funder Registry IDs
10.7554/elife.90216,2023-7-12,Funder Registry IDs
10.7554/elife.48695,2019-6-28,Funder Registry IDs
10.7554/elife.62689,2020-10-14,Funder Registry IDs
10.7554/elife.84343,2022-11-9,Funder Registry IDs
10.7554/elife.48493,2019-6-21,Funder Registry IDs
10.7554/elife.01809,2013-12-10,Funder Registry IDs
10.7554/elife.01760,2013-11-26,Funder Registry IDs
10.7554/elife.07364,2015-3-30,Funder Registry IDs
10.7554/elife.35238,2018-5-8,Funder Registry IDs
10.7554/elife.22471,2016-12-14,Funder Registry IDs
10.7554/elife.22886,2016-12-14,Funder Registry IDs
10.7554/elife.23375,2016-12-12,Funder Registry IDs
10.7554/elife.05846,2015-1-13,Funder Registry IDs
10.7554/elife.88540,2025-5-14,Funder Registry IDs
10.7554/elife.74048,2021-10-22,Funder Registry IDs
10.7554/elife.55960,2020-3-23,Funder Registry IDs
10.7554/elife.86117,2023-2-7,Funder Registry IDs
10.7554/elife.02273,2014-2-4,Funder Registry IDs
10.7554/elife.03371,2014-6-24,Funder Registry IDs
10.7554/elife.20755,2016-9-19,Funder Registry IDs
10.7554/elife.34153,2018-1-18,Funder Registry IDs
10.7554/elife.12523,2015-12-16,Funder Registry IDs
10.7554/elife.28109,2017-5-30,Funder Registry IDs
10.7554/elife.09556,2015-7-28,Funder Registry IDs
10.7554/elife.30994,2017-9-12,Funder Registry IDs
10.7554/elife.03997,2014-8-15,Funder Registry IDs
10.7554/elife.101929,2025-10-22,Funder Registry IDs
10.7554/elife.31328,2017-10-4,Funder Registry IDs
10.7554/elife.51183,2019-10-4,Funder Registry IDs
10.7554/elife.19569,2016-9-8,Funder Registry IDs
10.7554/elife.101724,2025-4-3,Funder Registry IDs
10.7554/elife.104220.4,2025-10-3,Funder Registry IDs
10.7554/elife.77100,2022-6-21,Funder Registry IDs
10.7554/elife.07578,2015-5-20,Funder Registry IDs
10.7554/elife.96783.4,2025-12-29,Funder Registry IDs
10.7554/elife.107018.3,2025-12-23,Funder Registry IDs
10.7554/elife.37009,2018-5-4,Funder Registry IDs
10.7554/elife.107947.2,2025-12-5,Funder Registry IDs
10.7554/elife.104282,2025-12-4,Funder Registry IDs
10.7554/elife.78693,2022-4-28,Funder Registry IDs
10.7554/elife.28629,2017-12-20,Funder Registry IDs
10.7554/elife.23203,2017-6-27,Funder Registry IDs
10.7554/elife.103697,2025-11-12,Funder Registry IDs
10.7554/elife.107494,2025-11-12,Funder Registry IDs
10.7554/elife.91431,2025-11-10,Funder Registry IDs
10.7554/elife.67097,2021-7-20,Funder Registry IDs
10.7554/elife.98747,2024-11-25,Funder Registry IDs
10.7554/elife.89315.3,2024-4-2,Funder Registry IDs
10.7554/elife.81228,2022-6-28,Funder Registry IDs
10.7554/elife.82988,2022-9-2,Funder Registry IDs
10.7554/elife.86472,2023-2-13,Funder Registry IDs
10.7554/elife.93253,2023-10-20,Funder Registry IDs
10.7554/elife.46860,2019-3-21,Funder Registry IDs
10.7554/elife.25660,2017-2-6,Funder Registry IDs
10.7554/elife.59479,2021-2-9,Funder Registry IDs
10.7554/elife.31157,2018-1-24,Funder Registry IDs
10.7554/elife.44454,2019-9-3,Funder Registry IDs
10.7554/elife.49202,2019-6-14,Funder Registry IDs
10.7554/elife.94524.3,2026-1-15,Funder Registry IDs
10.7554/elife.02245,2014-5-7,Funder Registry IDs
10.7554/elife.31083,2017-8-17,Funder Registry IDs
10.7554/elife.106818.3,2025-11-18,Funder Registry IDs
10.7554/elife.107683.3,2025-11-21,Funder Registry IDs
10.7554/elife.92964,2025-11-25,Funder Registry IDs
10.7554/elife.91532.3,2024-6-10,Funder Registry IDs
10.7554/elife.93694,2024-6-20,Funder Registry IDs
10.7554/elife.59806,2020-8-7,Funder Registry IDs
10.7554/elife.106303.3,2025-10-16,Funder Registry IDs
10.7554/elife.86527,2023-5-16,Funder Registry IDs
10.7554/elife.83973,2025-1-10,Funder Registry IDs
10.7554/elife.109153,2025-9-22,Funder Registry IDs
10.7554/elife.45207,2019-3-1,Funder Registry IDs
10.7554/elife.80552,2022-6-28,Funder Registry IDs
10.7554/elife.76818,2022-2-7,Funder Registry IDs
10.7554/elife.28600,2017-6-14,Funder Registry IDs
10.7554/elife.04779,2014-10-21,Funder Registry IDs
10.7554/elife.29853,2017-7-26,Funder Registry IDs
10.7554/elife.22662,2017-1-19,Funder Registry IDs
10.7554/elife.05614,2014-11-21,Funder Registry IDs
10.7554/elife.104040,2024-10-30,Funder Registry IDs
10.7554/elife.41894,2018-10-25,Funder Registry IDs
10.7554/elife.64496,2020-12-15,Funder Registry IDs
10.7554/elife.60375,2020-8-4,Funder Registry IDs
10.7554/elife.87054,2023-3-24,Funder Registry IDs
10.7554/elife.91607,2023-9-6,Funder Registry IDs
10.7554/elife.96813,2024-3-13,Funder Registry IDs
10.7554/elife.106869,2025-4-24,Funder Registry IDs
10.7554/elife.100833,2024-7-24,Funder Registry IDs
10.7554/elife.25739,2017-4-4,Funder Registry IDs
10.7554/elife.02394,2014-2-11,Funder Registry IDs
10.7554/elife.45809,2019-3-21,Funder Registry IDs
10.7554/elife.30515,2017-9-4,Funder Registry IDs
10.7554/elife.56397,2020-4-21,Funder Registry IDs
10.7554/elife.104500,2024-11-25,Funder Registry IDs
10.7554/elife.52884,2019-12-2,Funder Registry IDs
10.7554/elife.108039,2025-7-15,Funder Registry IDs
10.7554/elife.83617,2022-11-8,Funder Registry IDs
10.7554/elife.00563,2013-1-29,Funder Registry IDs
10.7554/elife.107882,2025-6-16,Funder Registry IDs
10.7554/elife.19351,2016-8-18,Funder Registry IDs
10.7554/elife.12852,2016-1-18,Funder Registry IDs
10.7554/elife.06956,2015-3-25,Funder Registry IDs
10.7554/elife.105452.3,2025-12-15,Funder Registry IDs
10.7554/elife.107540.3,2025-12-10,Funder Registry IDs
10.7554/elife.105539.3,2025-12-22,Funder Registry IDs
10.7554/elife.01469,2013-10-8,Funder Registry IDs
10.7554/elife.92762,2024-4-23,Funder Registry IDs
10.7554/elife.34756,2018-2-6,Funder Registry IDs
10.7554/elife.106029,2025-11-5,Funder Registry IDs
10.7554/elife.109193,2025-10-13,Funder Registry IDs
10.7554/elife.82070,2022-8-23,Funder Registry IDs
10.7554/elife.102288,2025-11-13,Funder Registry IDs
10.7554/elife.02615,2014-4-1,Funder Registry IDs
10.7554/elife.09853,2015-8-5,Funder Registry IDs
10.7554/elife.68714,2021-8-2,Funder Registry IDs
10.7554/elife.32014,2017-9-29,Funder Registry IDs
10.7554/elife.107072,2026-1-7,Funder Registry IDs
10.7554/elife.02094,2013-12-20,Funder Registry IDs
10.7554/elife.36853,2018-4-4,Funder Registry IDs
10.7554/elife.55647,2020-2-5,Funder Registry IDs
10.7554/elife.05256,2014-10-28,Funder Registry IDs
10.7554/elife.100253,2024-6-3,Funder Registry IDs
10.7554/elife.107190,2025-4-14,Funder Registry IDs
10.7554/elife.80871,2022-7-1,Funder Registry IDs
10.7554/elife.83998,2022-10-10,Funder Registry IDs
10.7554/elife.23066,2016-11-9,Funder Registry IDs
10.7554/elife.99846,2024-5-20,Funder Registry IDs
10.7554/elife.56027,2020-2-14,Funder Registry IDs
10.7554/elife.60938,2020-7-14,Funder Registry IDs
10.7554/elife.25100,2017-7-25,Funder Registry IDs
10.7554/elife.106601,2025-11-17,Funder Registry IDs
10.7554/elife.91737,2023-12-22,Funder Registry IDs
10.7554/elife.53178,2019-11-13,Funder Registry IDs
10.7554/elife.83718,2022-11-8,Funder Registry IDs
10.7554/elife.103996.3,2025-10-10,Funder Registry IDs
10.7554/elife.98351.3,2025-2-28,Funder Registry IDs
10.7554/elife.96713.3,2025-9-22,Funder Registry IDs
10.7554/elife.104956.3,2025-9-30,Funder Registry IDs
10.7554/elife.106365.3,2025-9-24,Funder Registry IDs
10.7554/elife.106823.3,2025-9-22,Funder Registry IDs
10.7554/elife.11628,2015-10-22,Funder Registry IDs
10.7554/elife.91149,2023-8-23,Funder Registry IDs
10.7554/elife.92535,2023-10-18,Funder Registry IDs
10.7554/elife.41633,2018-10-12,Funder Registry IDs
10.7554/elife.16111,2016-4-27,Funder Registry IDs
10.7554/elife.42033,2018-10-24,Funder Registry IDs
10.7554/elife.46279,2019-3-26,Funder Registry IDs
10.7554/elife.21522,2016-10-14,Funder Registry IDs
10.7554/elife.03545,2014-7-1,Funder Registry IDs
10.7554/elife.22661,2017-1-19,Funder Registry IDs
10.7554/elife.02531,2014-3-18,Funder Registry IDs
10.7554/elife.02590,2014-3-25,Funder Registry IDs
10.7554/elife.00365,2012-12-13,Funder Registry IDs
10.7554/elife.00515,2013-2-5,Funder Registry IDs
10.7554/elife.32709,2017-11-28,Funder Registry IDs
10.7554/elife.81077,2022-8-3,Funder Registry IDs
10.7554/elife.63584,2020-11-3,Funder Registry IDs
10.7554/elife.00933,2013-6-18,Funder Registry IDs
10.7554/elife.100598,2024-7-10,Funder Registry IDs
10.7554/elife.61323,2020-9-9,Funder Registry IDs
10.7554/elife.57043,2020-5-7,Funder Registry IDs
10.7554/elife.80030,2022-6-15,Funder Registry IDs
10.7554/elife.48654,2019-6-27,Funder Registry IDs
10.7554/elife.79446,2022-5-24,Funder Registry IDs
10.7554/elife.15853,2016-4-19,Funder Registry IDs
10.7554/elife.108480,2025-8-6,Funder Registry IDs
10.7554/elife.20877,2016-9-27,Funder Registry IDs
10.7554/elife.52881,2019-10-23,Funder Registry IDs
10.7554/elife.61907,2021-1-4,Funder Registry IDs
10.7554/elife.49823,2019-7-2,Funder Registry IDs
10.7554/elife.22672,2016-11-8,Funder Registry IDs
10.7554/elife.24307,2016-12-20,Funder Registry IDs
10.7554/elife.33738,2017-11-22,Funder Registry IDs
10.7554/elife.69260,2021-4-13,Funder Registry IDs
10.7554/elife.109758,2025-10-31,Funder Registry IDs
10.7554/elife.13015,2015-11-24,Funder Registry IDs
10.7554/elife.13038,2015-11-25,Funder Registry IDs
10.7554/elife.74986,2021-11-2,Funder Registry IDs
10.7554/elife.85169,2022-11-29,Funder Registry IDs
10.7554/elife.06494,2015-1-28,Funder Registry IDs
10.7554/elife.40214,2018-11-12,Funder Registry IDs
10.7554/elife.57614,2020-6-23,Funder Registry IDs
10.7554/elife.108225.3,2026-1-9,Funder Registry IDs
10.7554/elife.99982,2025-10-27,Funder Registry IDs
10.7554/elife.91312,2023-7-25,Funder Registry IDs
10.7554/elife.32762,2017-11-21,Funder Registry IDs
10.7554/elife.71585,2021-7-26,Funder Registry IDs
10.7554/elife.00243,2012-10-15,Funder Registry IDs
10.7554/elife.106705,2025-3-26,Funder Registry IDs
10.7554/elife.101111,2025-11-18,Funder Registry IDs
10.7554/elife.34087,2018-1-19,Funder Registry IDs
10.7554/elife.106184.3,2025-12-23,Funder Registry IDs
10.7554/elife.104242,2025-12-8,Funder Registry IDs
10.7554/elife.27291,2017-5-12,Funder Registry IDs
10.7554/elife.102287.3,2025-11-25,Funder Registry IDs
10.7554/elife.102714.3,2025-11-28,Funder Registry IDs
10.7554/elife.89189.3,2025-12-5,Funder Registry IDs
10.7554/elife.57068,2020-9-24,Funder Registry IDs
10.7554/elife.105876,2025-12-15,Funder Registry IDs
10.7554/elife.22926,2016-12-13,Funder Registry IDs
10.7554/elife.13323,2016-2-16,Funder Registry IDs
10.7554/elife.105029,2026-1-2,Funder Registry IDs
10.7554/elife.53018,2019-12-4,Funder Registry IDs
10.7554/elife.77180,2022-2-25,Funder Registry IDs
10.7554/elife.21393,2016-11-17,Funder Registry IDs
10.7554/elife.106464,2026-1-12,Funder Registry IDs
10.7554/elife.106383.3,2026-1-13,Funder Registry IDs
10.7554/elife.67106,2021-8-11,Funder Registry IDs
10.7554/elife.107460,2026-1-14,Funder Registry IDs
10.7554/elife.46923,2019-9-10,Funder Registry IDs
10.7554/elife.05000,2014-11-6,Funder Registry IDs
10.7554/elife.108402,2025-8-18,Funder Registry IDs
10.7554/elife.44567,2019-2-8,Funder Registry IDs
10.7554/elife.30249,2017-8-9,Funder Registry IDs
10.7554/elife.03475,2014-7-1,Funder Registry IDs
10.7554/elife.72098,2022-7-14,Funder Registry IDs
10.7554/elife.101208.4,2025-12-12,Funder Registry IDs
10.7554/elife.106023.3,2025-12-9,Funder Registry IDs
10.7554/elife.98289,2025-12-15,Funder Registry IDs
10.7554/elife.53868,2020-3-6,Funder Registry IDs
10.7554/elife.89415,2023-6-14,Funder Registry IDs
10.7554/elife.43475,2018-12-14,Funder Registry IDs
10.7554/elife.71610,2021-8-4,Funder Registry IDs
10.7554/elife.97601,2024-4-11,Funder Registry IDs
10.7554/elife.51497,2019-10-8,Funder Registry IDs
10.7554/elife.106419,2025-3-17,Funder Registry IDs
10.7554/elife.52631,2019-11-14,Funder Registry IDs
10.7554/elife.34923,2018-2-20,Funder Registry IDs
10.7554/elife.35374,2018-3-6,Funder Registry IDs
10.7554/elife.00572,2013-2-19,Funder Registry IDs
10.7554/elife.77550,2022-3-17,Funder Registry IDs
10.7554/elife.77719,2022-2-17,Funder Registry IDs
10.7554/elife.09713,2015-8-5,Funder Registry IDs
10.7554/elife.10535,2015-9-9,Funder Registry IDs
10.7554/elife.33591,2017-12-19,Funder Registry IDs
10.7554/elife.03235,2014-6-3,Funder Registry IDs
10.7554/elife.12838,2015-12-15,Funder Registry IDs
10.7554/elife.04014,2014-8-20,Funder Registry IDs
10.7554/elife.28152,2017-6-2,Funder Registry IDs
10.7554/elife.82453,2022-9-14,Funder Registry IDs
10.7554/elife.82610,2022-9-30,Funder Registry IDs
10.7554/elife.55915,2020-3-4,Funder Registry IDs
10.7554/elife.74551,2021-11-18,Funder Registry IDs
10.7554/elife.29502,2017-7-20,Funder Registry IDs
10.7554/elife.23065,2016-12-13,Funder Registry IDs
10.7554/elife.106220,2025-3-13,Funder Registry IDs
10.7554/elife.37888,2018-6-6,Funder Registry IDs
10.7554/elife.00767,2013-4-30,Funder Registry IDs
10.7554/elife.36882,2018-5-8,Funder Registry IDs
10.7554/elife.43777,2019-1-10,Funder Registry IDs
10.7554/elife.62451,2020-10-8,Funder Registry IDs
10.7554/elife.49831,2019-8-8,Funder Registry IDs
10.7554/elife.105649,2025-11-11,Funder Registry IDs
10.7554/elife.106655,2025-11-11,Funder Registry IDs
10.7554/elife.103074,2025-11-19,Funder Registry IDs
10.7554/elife.106866,2025-11-21,Funder Registry IDs
10.7554/elife.100981.3,2025-10-9,Funder Registry IDs
10.7554/elife.84865,2022-12-30,Funder Registry IDs
10.7554/elife.78424,2022-4-27,Funder Registry IDs
10.7554/elife.95168.4,2025-11-6,Funder Registry IDs
10.7554/elife.98920.3,2025-10-23,Funder Registry IDs
10.7554/elife.70929,2021-9-23,Funder Registry IDs
10.7554/elife.89825,2023-7-17,Funder Registry IDs
10.7554/elife.66161,2021-8-11,Funder Registry IDs
10.7554/elife.100159.3,2025-12-2,Funder Registry IDs
10.7554/elife.107503,2025-12-3,Funder Registry IDs
10.7554/elife.35178,2018-2-15,Funder Registry IDs
10.7554/elife.42543,2018-10-11,Funder Registry IDs
10.7554/elife.31295,2017-8-22,Funder Registry IDs
10.7554/elife.61689,2020-9-10,Funder Registry IDs
10.7554/elife.04563,2014-9-4,Funder Registry IDs
10.7554/elife.07482,2015-3-18,Funder Registry IDs
10.7554/elife.100599,2024-6-26,Funder Registry IDs
10.7554/elife.81959,2022-8-1,Funder Registry IDs
10.7554/elife.104700.3,2026-1-5,Funder Registry IDs
10.7554/elife.46563,2019-3-13,Funder Registry IDs
10.7554/elife.65697,2021-1-18,Funder Registry IDs
10.7554/elife.13214,2016-9-19,Funder Registry IDs
10.7554/elife.28801,2017-10-30,Funder Registry IDs
10.7554/elife.87194,2023-4-19,Funder Registry IDs
10.7554/elife.06620,2015-7-23,Funder Registry IDs
10.7554/elife.99656,2026-1-13,Funder Registry IDs
10.7554/elife.99931,2026-1-14,Funder Registry IDs
10.7554/elife.06120,2015-3-19,Funder Registry IDs
10.7554/elife.104698,2024-11-28,Funder Registry IDs
10.7554/elife.84161,2022-11-21,Funder Registry IDs
10.7554/elife.80416,2022-6-30,Funder Registry IDs
10.7554/elife.54265,2020-1-14,Funder Registry IDs
10.7554/elife.68072,2021-4-19,Funder Registry IDs
10.7554/elife.59381,2020-7-1,Funder Registry IDs
10.7554/elife.68790,2021-4-30,Funder Registry IDs
10.7554/elife.87550,2023-4-18,Funder Registry IDs
10.7554/elife.02061,2014-1-28,Funder Registry IDs
10.7554/elife.107508,2025-6-2,Funder Registry IDs
10.7554/elife.02515,2014-3-18,Funder Registry IDs
10.7554/elife.27198,2017-5-12,Funder Registry IDs
10.7554/elife.18037,2016-6-23,Funder Registry IDs
10.7554/elife.105995,2025-2-21,Funder Registry IDs
10.7554/elife.36707,2018-4-4,Funder Registry IDs
10.7554/elife.42291,2018-10-23,Funder Registry IDs
10.7554/elife.37641,2018-5-22,Funder Registry IDs
10.7554/elife.43666,2018-12-3,Funder Registry IDs
10.7554/elife.89322,2023-5-18,Funder Registry IDs
10.7554/elife.99181,2024-6-4,Funder Registry IDs
10.7554/elife.90546,2023-8-11,Funder Registry IDs
10.7554/elife.99363,2024-6-12,Funder Registry IDs
10.7554/elife.86172,2023-2-16,Funder Registry IDs
10.7554/elife.103292,2024-10-25,Funder Registry IDs
10.7554/elife.12615,2016-1-8,Funder Registry IDs
10.7554/elife.41041,2018-9-14,Funder Registry IDs
10.7554/elife.64384,2020-12-2,Funder Registry IDs
10.7554/elife.98933,2024-5-30,Funder Registry IDs
10.7554/elife.103074.3,2025-11-19,Funder Registry IDs
10.7554/elife.101140,2025-12-8,Funder Registry IDs
10.7554/elife.86764,2024-3-20,Funder Registry IDs
10.7554/elife.44799,2019-1-23,Funder Registry IDs
10.7554/elife.107551,2025-10-24,Funder Registry IDs
10.7554/elife.01893,2013-12-24,Funder Registry IDs
10.7554/elife.54867,2020-2-21,Funder Registry IDs
10.7554/elife.103697.3,2025-11-12,Funder Registry IDs
10.7554/elife.96693.3,2025-5-21,Funder Registry IDs
10.7554/elife.92992.4,2025-10-21,Funder Registry IDs
10.7554/elife.90261.5,2025-10-14,Funder Registry IDs
10.7554/elife.85006,2023-6-19,Funder Registry IDs
10.7554/elife.104126.3,2025-11-21,Funder Registry IDs
10.7554/elife.32437,2017-10-24,Funder Registry IDs
10.7554/elife.104530,2025-10-30,Funder Registry IDs
10.7554/elife.99937,2025-11-3,Funder Registry IDs
10.7554/elife.89596,2025-11-3,Funder Registry IDs
10.7554/elife.103705,2025-12-16,Funder Registry IDs
10.7554/elife.92497.4,2025-12-16,Funder Registry IDs
10.7554/elife.00899,2013-7-16,Funder Registry IDs
10.7554/elife.91627,2023-12-6,Funder Registry IDs
10.7554/elife.97839,2025-9-30,Funder Registry IDs
10.7554/elife.38909,2018-6-29,Funder Registry IDs
10.7554/elife.107584,2025-5-8,Funder Registry IDs
10.7554/elife.107690,2025-5-19,Funder Registry IDs
10.7554/elife.66677,2021-1-27,Funder Registry IDs
10.7554/elife.69225,2021-4-13,Funder Registry IDs
10.7554/elife.106122,2025-11-4,Funder Registry IDs
10.7554/elife.93994.4,2026-1-5,Funder Registry IDs
10.7554/elife.01820,2013-12-11,Funder Registry IDs
10.7554/elife.12522,2015-11-24,Funder Registry IDs
10.7554/elife.18204,2016-6-9,Funder Registry IDs
10.7554/elife.79034,2022-4-1,Funder Registry IDs
10.7554/elife.79304,2022-4-20,Funder Registry IDs
10.7554/elife.83258,2022-9-8,Funder Registry IDs
10.7554/elife.38781,2018-6-4,Funder Registry IDs
10.7554/elife.30948,2017-8-31,Funder Registry IDs
10.7554/elife.55718,2020-7-13,Funder Registry IDs
10.7554/elife.76106,2022-1-25,Funder Registry IDs
10.7554/elife.08186,2015-4-27,Funder Registry IDs
10.7554/elife.57243,2020-12-28,Funder Registry IDs
10.7554/elife.48120,2019-10-3,Funder Registry IDs
10.7554/elife.79892,2022-11-15,Funder Registry IDs
10.7554/elife.88695,2024-3-13,Funder Registry IDs
10.7554/elife.78869,2022-5-11,Funder Registry IDs
10.7554/elife.62983,2020-10-27,Funder Registry IDs
10.7554/elife.60150,2020-8-5,Funder Registry IDs
10.7554/elife.18391,2016-7-15,Funder Registry IDs
10.7554/elife.02041,2014-1-29,Funder Registry IDs
10.7554/elife.18887,2016-7-29,Funder Registry IDs
10.7554/elife.02189,2014-2-11,Funder Registry IDs
10.7554/elife.08283,2015-5-22,Funder Registry IDs
10.7554/elife.33066,2017-12-5,Funder Registry IDs
10.7554/elife.33312,2017-12-18,Funder Registry IDs
10.7554/elife.101724.3,2025-4-3,Funder Registry IDs
10.7554/elife.30561,2017-8-29,Funder Registry IDs
10.7554/elife.51746,2019-10-15,Funder Registry IDs
10.7554/elife.02840,2014-4-22,Funder Registry IDs
10.7554/elife.12093,2015-12-10,Funder Registry IDs
10.7554/elife.03754,2014-7-22,Funder Registry IDs
10.7554/elife.14511,2016-3-7,Funder Registry IDs
10.7554/elife.28757,2017-7-10,Funder Registry IDs
10.7554/elife.00914,2013-6-11,Funder Registry IDs
10.7554/elife.96018,2024-2-15,Funder Registry IDs
10.7554/elife.90447,2023-8-2,Funder Registry IDs
10.7554/elife.00954,2013-6-18,Funder Registry IDs
10.7554/elife.06235,2015-2-6,Funder Registry IDs
10.7554/elife.01605,2013-10-15,Funder Registry IDs
10.7554/elife.52364,2019-11-12,Funder Registry IDs
10.7554/elife.80232,2022-6-20,Funder Registry IDs
10.7554/elife.69680,2021-6-1,Funder Registry IDs
10.7554/elife.65286,2021-1-28,Funder Registry IDs
10.7554/elife.74704,2021-11-30,Funder Registry IDs
10.7554/elife.106766,2025-4-16,Funder Registry IDs
10.7554/elife.94410,2023-12-21,Funder Registry IDs
10.7554/elife.67417,2021-3-16,Funder Registry IDs
10.7554/elife.82747,2022-9-7,Funder Registry IDs
10.7554/elife.06717,2015-3-2,Funder Registry IDs
10.7554/elife.32011,2017-9-29,Funder Registry IDs
10.7554/elife.78373,2022-4-11,Funder Registry IDs
10.7554/elife.102346,2025-11-4,Funder Registry IDs
10.7554/elife.39524,2018-8-2,Funder Registry IDs
10.7554/elife.103971.4,2025-11-5,Funder Registry IDs
10.7554/elife.105537.3,2025-11-14,Funder Registry IDs
10.7554/elife.106963,2025-8-21,Funder Registry IDs
10.7554/elife.109178,2025-10-20,Funder Registry IDs
10.7554/elife.02763,2014-4-15,Funder Registry IDs
10.7554/elife.24106,2017-1-24,Funder Registry IDs
10.7554/elife.44382,2019-1-31,Funder Registry IDs
10.7554/elife.106873,2025-10-28,Funder Registry IDs
10.7554/elife.102432,2025-1-29,Funder Registry IDs
10.7554/elife.32010,2018-1-9,Funder Registry IDs
10.7554/elife.74319,2021-11-2,Funder Registry IDs
10.7554/elife.00270,2012-10-15,Funder Registry IDs
10.7554/elife.68758,2021-10-26,Funder Registry IDs
10.7554/elife.07343,2015-7-28,Funder Registry IDs
10.7554/elife.95480.3,2024-12-10,Funder Registry IDs
10.7554/elife.107309.3,2025-11-25,Funder Registry IDs
10.7554/elife.101799.4,2025-11-21,Funder Registry IDs
10.7554/elife.57788,2020-6-18,Funder Registry IDs
10.7554/elife.103545.3,2025-12-3,Funder Registry IDs
10.7554/elife.08918,2015-10-20,Funder Registry IDs
10.7554/elife.105539,2025-12-22,Funder Registry IDs
10.7554/elife.105782.3,2025-12-23,Funder Registry IDs
10.7554/elife.95541.5,2025-12-18,Funder Registry IDs
10.7554/elife.45123,2019-2-19,Funder Registry IDs
10.7554/elife.107021,2025-12-23,Funder Registry IDs
10.7554/elife.59147,2020-5-27,Funder Registry IDs
10.7554/elife.107108.3,2025-12-16,Funder Registry IDs
10.7554/elife.107765.3,2025-12-31,Funder Registry IDs
10.7554/elife.22186,2017-1-19,Funder Registry IDs
10.7554/elife.00488,2013-2-20,Funder Registry IDs
10.7554/elife.04998,2014-10-8,Funder Registry IDs
10.7554/elife.06720,2015-2-6,Funder Registry IDs
10.7554/elife.100778,2024-7-2,Funder Registry IDs
10.7554/elife.105903,2025-1-7,Funder Registry IDs
10.7554/elife.28407,2017-5-11,Funder Registry IDs
10.7554/elife.35006,2018-7-5,Funder Registry IDs
10.7554/elife.51082,2019-8-19,Funder Registry IDs
10.7554/elife.52671,2019-10-18,Funder Registry IDs
10.7554/elife.66685,2021-1-21,Funder Registry IDs
10.7554/elife.90230.3,2023-11-3,Funder Registry IDs
10.7554/elife.86291,2023-5-10,Funder Registry IDs
10.7554/elife.67209,2021-12-2,Funder Registry IDs
10.7554/elife.94524,2026-1-15,Funder Registry IDs
10.7554/elife.01456,2013-9-10,Funder Registry IDs
10.7554/elife.43928,2019-1-30,Funder Registry IDs
10.7554/elife.43815,2018-12-28,Funder Registry IDs
10.7554/elife.65719,2021-1-22,Funder Registry IDs
10.7554/elife.83308,2022-10-13,Funder Registry IDs
10.7554/elife.07771,2015-5-6,Funder Registry IDs
10.7554/elife.02854,2014-4-29,Funder Registry IDs
10.7554/elife.03375,2014-6-17,Funder Registry IDs
10.7554/elife.94720,2023-12-21,Funder Registry IDs
10.7554/elife.01928,2014-1-7,Funder Registry IDs
10.7554/elife.28780,2017-7-5,Funder Registry IDs
10.7554/elife.28339,2017-6-9,Funder Registry IDs
10.7554/elife.59113,2020-6-30,Funder Registry IDs
10.7554/elife.53233,2019-12-6,Funder Registry IDs
10.7554/elife.53511,2019-12-17,Funder Registry IDs
10.7554/elife.58084,2020-5-13,Funder Registry IDs
10.7554/elife.50136,2019-8-29,Funder Registry IDs
10.7554/elife.85080,2023-1-6,Funder Registry IDs
10.7554/elife.68976,2021-4-28,Funder Registry IDs
10.7554/elife.107757,2025-7-2,Funder Registry IDs
10.7554/elife.107945,2025-7-10,Funder Registry IDs
10.7554/elife.24111,2017-1-12,Funder Registry IDs
10.7554/elife.73191,2021-9-24,Funder Registry IDs
10.7554/elife.106231.3,2025-12-11,Funder Registry IDs
10.7554/elife.50542,2019-8-12,Funder Registry IDs
10.7554/elife.107180.3,2025-12-11,Funder Registry IDs
10.7554/elife.33298,2017-12-14,Funder Registry IDs
10.7554/elife.51430,2019-10-15,Funder Registry IDs
10.7554/elife.101912,2025-10-14,Funder Registry IDs
10.7554/elife.21506,2016-10-14,Funder Registry IDs
10.7554/elife.25410,2017-3-15,Funder Registry IDs
10.7554/elife.108282,2025-11-20,Funder Registry IDs
10.7554/elife.78459,2022-7-5,Funder Registry IDs
10.7554/elife.73360,2022-3-7,Funder Registry IDs
10.7554/elife.51004,2020-1-14,Funder Registry IDs
10.7554/elife.104549,2025-11-12,Funder Registry IDs
10.7554/elife.01738,2013-11-26,Funder Registry IDs
10.7554/elife.66546,2021-2-25,Funder Registry IDs
10.7554/elife.62939,2021-3-23,Funder Registry IDs
10.7554/elife.109920,2026-1-5,Funder Registry IDs
10.7554/elife.71945,2022-3-16,Funder Registry IDs
10.7554/elife.58361,2021-4-26,Funder Registry IDs
10.7554/elife.10825,2015-9-14,Funder Registry IDs
10.7554/elife.86333,2023-7-7,Funder Registry IDs
10.7554/elife.104921.4,2026-1-8,Funder Registry IDs
10.7554/elife.29217,2017-7-6,Funder Registry IDs
10.7554/elife.103512,2026-1-8,Funder Registry IDs
10.7554/elife.109109,2025-9-10,Funder Registry IDs
10.7554/elife.109210,2025-9-11,Funder Registry IDs
10.7554/elife.21585,2016-9-27,Funder Registry IDs
10.7554/elife.72188,2021-7-22,Funder Registry IDs
10.7554/elife.97099,2024-2-20,Funder Registry IDs
10.7554/elife.26228,2017-3-2,Funder Registry IDs
10.7554/elife.28693,2017-5-22,Funder Registry IDs
10.7554/elife.06900,2015-2-12,Funder Registry IDs
10.7554/elife.09993,2015-7-17,Funder Registry IDs
10.7554/elife.92991.4,2026-1-12,Funder Registry IDs
10.7554/elife.101673.3,2026-1-14,Funder Registry IDs
10.7554/elife.02956,2014-8-14,Funder Registry IDs
10.7554/elife.55167,2020-5-19,Funder Registry IDs
10.7554/elife.41815,2019-1-8,Funder Registry IDs
10.7554/elife.95068,2023-12-11,Funder Registry IDs
10.7554/elife.92763,2023-11-2,Funder Registry IDs
10.7554/elife.73553,2021-10-18,Funder Registry IDs
10.7554/elife.00615,2013-3-5,Funder Registry IDs
10.7554/elife.102878,2024-10-1,Funder Registry IDs
10.7554/elife.00639,2013-4-2,Funder Registry IDs
10.7554/elife.12721,2016-1-18,Funder Registry IDs
10.7554/elife.66254,2021-2-16,Funder Registry IDs
10.7554/elife.106689,2025-4-10,Funder Registry IDs
10.7554/elife.53399,2019-12-19,Funder Registry IDs
10.7554/elife.01291,2013-8-27,Funder Registry IDs
10.7554/elife.107049,2025-5-19,Funder Registry IDs
10.7554/elife.107113,2025-5-12,Funder Registry IDs
10.7554/elife.07690,2015-4-29,Funder Registry IDs
10.7554/elife.74951,2022-1-11,Funder Registry IDs
10.7554/elife.88044,2023-4-28,Funder Registry IDs
10.7554/elife.41348,2018-10-2,Funder Registry IDs
10.7554/elife.44944,2019-1-29,Funder Registry IDs
10.7554/elife.44829,2019-2-12,Funder Registry IDs
10.7554/elife.51167,2019-9-25,Funder Registry IDs
10.7554/elife.20196,2016-9-6,Funder Registry IDs
10.7554/elife.01926,2013-12-31,Funder Registry IDs
10.7554/elife.08595,2015-11-27,Funder Registry IDs
10.7554/elife.43718,2019-6-11,Funder Registry IDs
10.7554/elife.45261,2019-7-29,Funder Registry IDs
10.7554/elife.63586,2021-2-11,Funder Registry IDs
10.7554/elife.36263,2018-3-27,Funder Registry IDs
10.7554/elife.45734,2019-3-7,Funder Registry IDs
10.7554/elife.79310,2022-5-19,Funder Registry IDs
10.7554/elife.14274,2016-2-23,Funder Registry IDs
10.7554/elife.41136,2018-10-1,Funder Registry IDs
10.7554/elife.36832,2018-4-27,Funder Registry IDs
10.7554/elife.03980,2014-8-13,Funder Registry IDs
10.7554/elife.105633,2025-1-27,Funder Registry IDs
10.7554/elife.04600,2014-10-13,Funder Registry IDs
10.7554/elife.39915,2018-7-11,Funder Registry IDs
10.7554/elife.28514,2017-6-13,Funder Registry IDs
10.7554/elife.27605,2017-5-17,Funder Registry IDs
10.7554/elife.56214,2020-4-15,Funder Registry IDs
10.7554/elife.30191,2017-8-14,Funder Registry IDs
10.7554/elife.105815,2025-10-22,Funder Registry IDs
10.7554/elife.81334,2022-7-26,Funder Registry IDs
10.7554/elife.09305,2015-6-30,Funder Registry IDs
10.7554/elife.103781,2025-12-3,Funder Registry IDs
10.7554/elife.107503.3,2025-12-3,Funder Registry IDs
10.7554/elife.48520,2019-6-25,Funder Registry IDs
10.7554/elife.106699,2025-12-12,Funder Registry IDs
10.7554/elife.104936,2024-12-5,Funder Registry IDs
10.7554/elife.99191.3,2025-11-14,Funder Registry IDs
10.7554/elife.12844,2015-11-24,Funder Registry IDs
10.7554/elife.95524.3,2024-9-11,Funder Registry IDs
10.7554/elife.107034,2025-11-11,Funder Registry IDs
10.7554/elife.45379,2019-3-12,Funder Registry IDs
10.7554/elife.107758,2025-12-31,Funder Registry IDs
10.7554/elife.52200,2019-11-11,Funder Registry IDs
10.7554/elife.107039.3,2026-1-5,Funder Registry IDs
10.7554/elife.27725,2017-9-5,Funder Registry IDs
10.7554/elife.87463,2023-7-31,Funder Registry IDs
10.7554/elife.01663,2013-10-11,Funder Registry IDs
10.7554/elife.108677,2025-8-12,Funder Registry IDs
10.7554/elife.08658,2015-5-18,Funder Registry IDs
10.7554/elife.108225,2026-1-9,Funder Registry IDs
10.7554/elife.78515,2023-5-31,Funder Registry IDs
10.7554/elife.90048,2023-6-12,Funder Registry IDs
10.7554/elife.34464,2017-12-20,Funder Registry IDs
10.7554/elife.65803,2020-12-17,Funder Registry IDs
10.7554/elife.59323,2021-1-20,Funder Registry IDs
10.7554/elife.100851,2026-1-13,Funder Registry IDs
10.7554/elife.19022,2016-10-28,Funder Registry IDs
10.7554/elife.100219,2024-7-4,Funder Registry IDs
10.7554/elife.08172,2015-7-7,Funder Registry IDs
10.7554/elife.93719,2023-12-13,Funder Registry IDs
10.7554/elife.97495.3,2025-10-8,Funder Registry IDs
10.7554/elife.98073.4,2025-10-9,Funder Registry IDs
10.7554/elife.14345,2016-2-23,Funder Registry IDs
10.7554/elife.46375,2019-4-4,Funder Registry IDs
10.7554/elife.56886,2020-5-14,Funder Registry IDs
10.7554/elife.59140,2020-6-25,Funder Registry IDs
10.7554/elife.100824,2024-7-25,Funder Registry IDs
10.7554/elife.07204,2015-4-2,Funder Registry IDs
10.7554/elife.107226,2025-5-8,Funder Registry IDs
10.7554/elife.53276,2019-12-13,Funder Registry IDs
10.7554/elife.76320,2022-1-20,Funder Registry IDs
10.7554/elife.80890,2022-7-15,Funder Registry IDs
10.7554/elife.47985,2019-5-7,Funder Registry IDs
10.7554/elife.05418,2014-12-12,Funder Registry IDs
10.7554/elife.09919,2015-8-11,Funder Registry IDs
10.7554/elife.89158,2023-6-14,Funder Registry IDs
10.7554/elife.108962,2025-10-1,Funder Registry IDs
10.7554/elife.99502,2025-10-28,Funder Registry IDs
10.7554/elife.07552,2015-4-27,Funder Registry IDs
10.7554/elife.106699.3,2025-12-12,Funder Registry IDs
10.7554/elife.54373,2020-2-7,Funder Registry IDs
10.7554/elife.98052,2024-5-3,Funder Registry IDs
10.7554/elife.72791,2021-9-9,Funder Registry IDs
10.7554/elife.55952,2020-3-25,Funder Registry IDs
10.7554/elife.88595,2023-5-16,Funder Registry IDs
10.7554/elife.78549,2022-4-21,Funder Registry IDs
10.7554/elife.64739,2020-11-23,Funder Registry IDs
10.7554/elife.52418,2019-11-8,Funder Registry IDs
10.7554/elife.103996,2025-10-10,Funder Registry IDs
10.7554/elife.68070,2021-4-6,Funder Registry IDs
10.7554/elife.57105,2020-4-17,Funder Registry IDs
10.7554/elife.98593,2025-2-12,Funder Registry IDs
10.7554/elife.04476,2014-9-24,Funder Registry IDs
10.7554/elife.65221,2021-1-25,Funder Registry IDs
10.7554/elife.102337.3,2025-11-5,Funder Registry IDs
10.7554/elife.90766,2024-10-2,Funder Registry IDs
10.7554/elife.96423.3,2025-10-28,Funder Registry IDs
10.7554/elife.105541.3,2025-11-26,Funder Registry IDs
10.7554/elife.108181.3,2025-12-1,Funder Registry IDs
10.7554/elife.104855.4,2025-12-17,Funder Registry IDs
10.7554/elife.02516,2014-2-18,Funder Registry IDs
10.7554/elife.102368,2024-9-10,Funder Registry IDs
10.7554/elife.94608.3,2024-7-4,Funder Registry IDs
10.7554/elife.98117,2025-12-22,Funder Registry IDs
10.7554/elife.64057,2020-11-20,Funder Registry IDs
10.7554/elife.88749,2023-6-2,Funder Registry IDs
10.7554/elife.76242,2022-1-18,Funder Registry IDs
10.7554/elife.20468,2016-9-13,Funder Registry IDs
10.7554/elife.74104,2022-8-17,Funder Registry IDs
10.7554/elife.45249,2019-7-22,Funder Registry IDs
10.7554/elife.82818,2023-4-6,Funder Registry IDs
10.7554/elife.36137,2018-4-10,Funder Registry IDs
10.7554/elife.84310,2022-10-27,Funder Registry IDs
10.7554/elife.31708,2017-9-6,Funder Registry IDs
10.7554/elife.00992,2013-6-11,Funder Registry IDs
10.7554/elife.108911,2025-8-20,Funder Registry IDs
10.7554/elife.109900,2025-11-14,Funder Registry IDs
10.7554/elife.06656,2015-2-2,Funder Registry IDs
10.7554/elife.103529,2024-9-26,Funder Registry IDs
10.7554/elife.103993,2024-10-3,Funder Registry IDs
10.7554/elife.108007,2025-6-18,Funder Registry IDs
10.7554/elife.75422,2021-11-11,Funder Registry IDs
10.7554/elife.77538,2022-2-14,Funder Registry IDs
10.7554/elife.46989,2019-4-2,Funder Registry IDs
10.7554/elife.47174,2019-3-29,Funder Registry IDs
10.7554/elife.59154,2020-5-26,Funder Registry IDs
10.7554/elife.103255.3,2026-1-6,Funder Registry IDs
10.7554/elife.00286,2012-10-15,Funder Registry IDs
10.7554/elife.74935,2021-12-2,Funder Registry IDs
10.7554/elife.77553,2022-5-17,Funder Registry IDs
10.7554/elife.58807,2020-6-15,Funder Registry IDs
10.7554/elife.02576,2014-4-1,Funder Registry IDs
10.7554/elife.85679,2023-4-4,Funder Registry IDs
10.7554/elife.104054,2025-12-9,Funder Registry IDs
10.7554/elife.80373,2022-6-30,Funder Registry IDs
10.7554/elife.76105,2022-1-21,Funder Registry IDs
10.7554/elife.58874,2020-6-8,Funder Registry IDs
10.7554/elife.04565,2014-9-19,Funder Registry IDs
10.7554/elife.101604,2025-1-17,Funder Registry IDs
10.7554/elife.40447,2018-8-28,Funder Registry IDs
10.7554/elife.29104,2017-6-27,Funder Registry IDs
10.7554/elife.22497,2016-12-6,Funder Registry IDs
10.7554/elife.105736,2025-2-5,Funder Registry IDs
10.7554/elife.15352,2016-3-29,Funder Registry IDs
10.7554/elife.04909,2014-10-28,Funder Registry IDs
10.7554/elife.36561,2018-4-13,Funder Registry IDs
10.7554/elife.00301,2012-11-13,Funder Registry IDs
10.7554/elife.19826,2016-8-24,Funder Registry IDs
10.7554/elife.00571,2013-2-19,Funder Registry IDs
10.7554/elife.20043,2016-8-31,Funder Registry IDs
10.7554/elife.105293,2024-12-18,Funder Registry IDs
10.7554/elife.09103,2015-7-2,Funder Registry IDs
10.7554/elife.00856,2013-5-28,Funder Registry IDs
10.7554/elife.68643,2021-4-23,Funder Registry IDs
10.7554/elife.55749,2020-2-12,Funder Registry IDs
10.7554/elife.106190,2025-2-26,Funder Registry IDs
10.7554/elife.31781,2017-10-19,Funder Registry IDs
10.7554/elife.17394,2016-5-23,Funder Registry IDs
10.7554/elife.106507,2025-3-20,Funder Registry IDs
10.7554/elife.52669,2019-10-25,Funder Registry IDs
10.7554/elife.01658,2013-11-19,Funder Registry IDs
10.7554/elife.17693,2016-6-9,Funder Registry IDs
10.7554/elife.01541,2013-10-22,Funder Registry IDs
10.7554/elife.01839,2013-12-17,Funder Registry IDs
10.7554/elife.19405,2016-8-9,Funder Registry IDs
10.7554/elife.77184,2022-1-28,Funder Registry IDs
10.7554/elife.93706,2023-11-29,Funder Registry IDs
10.7554/elife.94128,2023-12-14,Funder Registry IDs
10.7554/elife.94879,2023-12-5,Funder Registry IDs
10.7554/elife.53348,2020-1-7,Funder Registry IDs
10.7554/elife.89189,2025-12-5,Funder Registry IDs
10.7554/elife.36414,2018-3-12,Funder Registry IDs
10.7554/elife.42513,2018-10-10,Funder Registry IDs
10.7554/elife.90007,2023-6-22,Funder Registry IDs
10.7554/elife.46973,2019-4-17,Funder Registry IDs
10.7554/elife.52232,2019-10-1,Funder Registry IDs
10.7554/elife.13119,2015-12-23,Funder Registry IDs
10.7554/elife.10829,2015-9-15,Funder Registry IDs
10.7554/elife.14953,2016-3-7,Funder Registry IDs
10.7554/elife.32715,2017-10-19,Funder Registry IDs
10.7554/elife.30865,2017-9-13,Funder Registry IDs
10.7554/elife.106133,2025-3-11,Funder Registry IDs
10.7554/elife.87047,2023-3-22,Funder Registry IDs
10.7554/elife.100571,2024-7-23,Funder Registry IDs
10.7554/elife.30076,2017-7-11,Funder Registry IDs
10.7554/elife.25358,2017-3-8,Funder Registry IDs
10.7554/elife.75469,2021-12-21,Funder Registry IDs
10.7554/elife.105929,2025-2-12,Funder Registry IDs
10.7554/elife.55508,2020-5-7,Funder Registry IDs
10.7554/elife.106601.3,2025-11-17,Funder Registry IDs
10.7554/elife.106866.3,2025-11-21,Funder Registry IDs
10.7554/elife.102144,2025-10-28,Funder Registry IDs
10.7554/elife.93183,2025-1-9,Funder Registry IDs
10.7554/elife.90735.4,2024-6-21,Funder Registry IDs
10.7554/elife.105864.3,2025-11-6,Funder Registry IDs
10.7554/elife.105541,2025-11-26,Funder Registry IDs
10.7554/elife.73430,2021-12-7,Funder Registry IDs
10.7554/elife.104855,2025-12-17,Funder Registry IDs
10.7554/elife.104975.4,2025-12-16,Funder Registry IDs
10.7554/elife.104975,2025-12-16,Funder Registry IDs
10.7554/elife.104431,2025-12-10,Funder Registry IDs
10.7554/elife.105209.3,2025-12-19,Funder Registry IDs
10.7554/elife.50223,2019-11-19,Funder Registry IDs
10.7554/elife.106273.3,2025-12-1,Funder Registry IDs
10.7554/elife.01108,2013-7-2,Funder Registry IDs
10.7554/elife.104437,2024-10-15,Funder Registry IDs
10.7554/elife.107151,2025-4-15,Funder Registry IDs
10.7554/elife.74328,2021-10-5,Funder Registry IDs
10.7554/elife.87504,2023-3-7,Funder Registry IDs
10.7554/elife.35974,2018-3-7,Funder Registry IDs
10.7554/elife.28013,2017-4-25,Funder Registry IDs
10.7554/elife.29876,2017-6-26,Funder Registry IDs
10.7554/elife.107733.3,2025-12-4,Funder Registry IDs
10.7554/elife.107777,2025-7-8,Funder Registry IDs
10.7554/elife.92706,2025-11-11,Funder Registry IDs
10.7554/elife.19285,2016-8-9,Funder Registry IDs
10.7554/elife.23693,2017-1-19,Funder Registry IDs
10.7554/elife.22850,2016-11-29,Funder Registry IDs
10.7554/elife.32783,2017-11-27,Funder Registry IDs
10.7554/elife.11760,2015-10-27,Funder Registry IDs
10.7554/elife.21162,2016-9-30,Funder Registry IDs
10.7554/elife.14447,2016-2-23,Funder Registry IDs
10.7554/elife.14523,2016-3-1,Funder Registry IDs
10.7554/elife.01135,2013-8-6,Funder Registry IDs
10.7554/elife.22073,2016-11-11,Funder Registry IDs
10.7554/elife.14721,2016-2-26,Funder Registry IDs
10.7554/elife.101583,2025-7-28,Funder Registry IDs
10.7554/elife.96381,2024-3-19,Funder Registry IDs
10.7554/elife.92566,2023-9-14,Funder Registry IDs
10.7554/elife.52931,2019-11-29,Funder Registry IDs
10.7554/elife.47807,2019-5-28,Funder Registry IDs
10.7554/elife.67169,2021-3-9,Funder Registry IDs
10.7554/elife.84298,2022-11-17,Funder Registry IDs
10.7554/elife.80699,2022-7-7,Funder Registry IDs
10.7554/elife.24276,2017-1-30,Funder Registry IDs
10.7554/elife.65581,2021-2-4,Funder Registry IDs
10.7554/elife.93330,2023-10-12,Funder Registry IDs
10.7554/elife.67895,2021-4-1,Funder Registry IDs
10.7554/elife.87355,2023-4-5,Funder Registry IDs
10.7554/elife.68271,2021-4-13,Funder Registry IDs
10.7554/elife.50585,2019-9-12,Funder Registry IDs
10.7554/elife.55720,2020-3-13,Funder Registry IDs
10.7554/elife.22915,2017-1-19,Funder Registry IDs
10.7554/elife.41491,2018-10-9,Funder Registry IDs
10.7554/elife.92120.4,2025-11-14,Funder Registry IDs
10.7554/elife.105649.3,2025-11-11,Funder Registry IDs
10.7554/elife.105065.3,2025-9-12,Funder Registry IDs
10.7554/elife.84524,2022-12-2,Funder Registry IDs
10.7554/elife.105690.3,2025-11-28,Funder Registry IDs
10.7554/elife.105932.3,2025-12-17,Funder Registry IDs
10.7554/elife.28699,2017-7-25,Funder Registry IDs
10.7554/elife.84245,2023-2-10,Funder Registry IDs
10.7554/elife.03702,2014-7-22,Funder Registry IDs
10.7554/elife.98817.3,2025-12-22,Funder Registry IDs
10.7554/elife.02993,2014-5-6,Funder Registry IDs
10.7554/elife.35592,2018-3-16,Funder Registry IDs
10.7554/elife.108860,2025-8-21,Funder Registry IDs
10.7554/elife.110283,2025-12-19,Funder Registry IDs
10.7554/elife.88586,2023-4-18,Funder Registry IDs
10.7554/elife.29017,2017-6-5,Funder Registry IDs
10.7554/elife.29743,2017-6-20,Funder Registry IDs
10.7554/elife.30537,2017-7-19,Funder Registry IDs
10.7554/elife.41593,2018-11-1,Funder Registry IDs
10.7554/elife.49040,2019-6-5,Funder Registry IDs
10.7554/elife.105782,2025-12-23,Funder Registry IDs
10.7554/elife.106062,2025-12-1,Funder Registry IDs
10.7554/elife.96987,2025-12-31,Funder Registry IDs
10.7554/elife.47036,2019-4-29,Funder Registry IDs
10.7554/elife.45089,2019-2-5,Funder Registry IDs
10.7554/elife.62668,2020-11-4,Funder Registry IDs
10.7554/elife.104942,2024-12-16,Funder Registry IDs
10.7554/elife.107650,2026-1-8,Funder Registry IDs
10.7554/elife.10250,2016-2-27,Funder Registry IDs
10.7554/elife.63703,2021-2-10,Funder Registry IDs
10.7554/elife.69422,2021-5-21,Funder Registry IDs
10.7554/elife.43511,2019-3-12,Funder Registry IDs
10.7554/elife.106415.4,2025-12-23,Funder Registry IDs
10.7554/elife.00895,2013-5-28,Funder Registry IDs
10.7554/elife.50890,2019-9-10,Funder Registry IDs
10.7554/elife.73963,2021-10-26,Funder Registry IDs
10.7554/elife.86051,2023-4-11,Funder Registry IDs
10.7554/elife.32064,2017-10-26,Funder Registry IDs
10.7554/elife.00351,2012-12-13,Funder Registry IDs
10.7554/elife.08232,2015-6-2,Funder Registry IDs
10.7554/elife.84702,2022-12-8,Funder Registry IDs
10.7554/elife.98274,2024-5-3,Funder Registry IDs
10.7554/elife.17224,2016-5-31,Funder Registry IDs
10.7554/elife.104239,2024-11-14,Funder Registry IDs
10.7554/elife.62230,2020-9-22,Funder Registry IDs
10.7554/elife.22735,2016-12-2,Funder Registry IDs
10.7554/elife.14830,2016-3-7,Funder Registry IDs
10.7554/elife.00663,2013-4-9,Funder Registry IDs
10.7554/elife.33682,2017-12-27,Funder Registry IDs
10.7554/elife.26754,2017-4-28,Funder Registry IDs
10.7554/elife.98548,2024-5-24,Funder Registry IDs
10.7554/elife.64597,2020-12-23,Funder Registry IDs
10.7554/elife.107566.4,2025-11-12,Funder Registry IDs
10.7554/elife.86194.3,2024-12-23,Funder Registry IDs
10.7554/elife.107012.3,2025-12-1,Funder Registry IDs
10.7554/elife.00558,2013-6-4,Funder Registry IDs
10.7554/elife.37552,2018-5-24,Funder Registry IDs
10.7554/elife.00475,2012-12-31,Funder Registry IDs
10.7554/elife.54665,2020-2-4,Funder Registry IDs
10.7554/elife.48459,2019-6-11,Funder Registry IDs
10.7554/elife.14169,2016-2-9,Funder Registry IDs
10.7554/elife.33383,2017-12-12,Funder Registry IDs
10.7554/elife.83076,2022-10-14,Funder Registry IDs
10.7554/elife.44560,2019-2-5,Funder Registry IDs
10.7554/elife.38410,2018-6-26,Funder Registry IDs
10.7554/elife.18871,2016-7-27,Funder Registry IDs
10.7554/elife.56765,2020-5-28,Funder Registry IDs
10.7554/elife.105680.3,2025-11-19,Funder Registry IDs
10.7554/elife.91318.3,2025-12-24,Funder Registry IDs
10.7554/elife.92497,2025-12-16,Funder Registry IDs
10.7554/elife.105311,2025-7-2,Funder Registry IDs
10.7554/elife.87255,2023-10-24,Funder Registry IDs
10.7554/elife.58603,2020-5-26,Funder Registry IDs
10.7554/elife.44341,2019-2-26,Funder Registry IDs
10.7554/elife.84659,2022-12-12,Funder Registry IDs
10.7554/elife.100526,2024-6-14,Funder Registry IDs
10.7554/elife.11988,2015-10-9,Funder Registry IDs
10.7554/elife.19109,2016-7-1,Funder Registry IDs
10.7554/elife.44029,2018-11-30,Funder Registry IDs
10.7554/elife.25532,2017-2-1,Funder Registry IDs
10.7554/elife.78698,2022-3-22,Funder Registry IDs
10.7554/elife.65214,2020-12-4,Funder Registry IDs
10.7554/elife.44851,2019-1-7,Funder Registry IDs
10.7554/elife.64972,2021-4-22,Funder Registry IDs
10.7554/elife.08127,2015-7-7,Funder Registry IDs
10.7554/elife.104374.3,2026-1-12,Funder Registry IDs
10.7554/elife.101944.3,2025-11-12,Funder Registry IDs
10.7554/elife.102860.3,2026-1-15,Funder Registry IDs
10.7554/elife.110126,2026-1-15,Funder Registry IDs
10.7554/elife.38089,2018-7-25,Funder Registry IDs
10.7554/elife.99931.3,2026-1-14,Funder Registry IDs
10.7554/elife.57162,2020-3-25,Funder Registry IDs
10.7554/elife.01599,2013-10-29,Funder Registry IDs
10.7554/elife.01845,2013-12-17,Funder Registry IDs
10.7554/elife.00347,2012-12-13,Funder Registry IDs
10.7554/elife.37926,2018-5-31,Funder Registry IDs
10.7554/elife.17052,2016-5-25,Funder Registry IDs
10.7554/elife.44181,2019-1-16,Funder Registry IDs
10.7554/elife.38532,2018-6-11,Funder Registry IDs
10.7554/elife.75243,2021-12-17,Funder Registry IDs
10.7554/elife.75695,2021-12-22,Funder Registry IDs
10.7554/elife.14150,2016-2-11,Funder Registry IDs
10.7554/elife.27982,2017-5-4,Funder Registry IDs
10.7554/elife.05504,2014-11-19,Funder Registry IDs
10.7554/elife.64945,2020-12-22,Funder Registry IDs
10.7554/elife.69863,2021-6-8,Funder Registry IDs
10.7554/elife.86268,2023-2-21,Funder Registry IDs
10.7554/elife.95733,2025-5-19,Funder Registry IDs
10.7554/elife.48899,2019-7-11,Funder Registry IDs
10.7554/elife.50148,2019-9-3,Funder Registry IDs
10.7554/elife.77751,2022-3-28,Funder Registry IDs
10.7554/elife.103879,2025-9-23,Funder Registry IDs
10.7554/elife.05983,2015-1-13,Funder Registry IDs
10.7554/elife.106519,2025-4-1,Funder Registry IDs
10.7554/elife.38726,2018-7-3,Funder Registry IDs
10.7554/elife.105612,2025-1-22,Funder Registry IDs
10.7554/elife.89419,2023-5-18,Funder Registry IDs
10.7554/elife.03178,2014-5-6,Funder Registry IDs
10.7554/elife.14128,2016-1-22,Funder Registry IDs
10.7554/elife.14282,2016-1-28,Funder Registry IDs
10.7554/elife.09036,2015-6-4,Funder Registry IDs
10.7554/elife.40684,2018-8-3,Funder Registry IDs
10.7554/elife.94414,2023-11-14,Funder Registry IDs
10.7554/elife.68684,2021-4-16,Funder Registry IDs
10.7554/elife.66755,2021-2-26,Funder Registry IDs
10.7554/elife.93980,2023-12-15,Funder Registry IDs
10.7554/elife.60287,2020-11-3,Funder Registry IDs
10.7554/elife.104071,2024-10-25,Funder Registry IDs
10.7554/elife.107069,2025-11-3,Funder Registry IDs
10.7554/elife.16597,2016-5-17,Funder Registry IDs
10.7554/elife.03233,2014-5-28,Funder Registry IDs
10.7554/elife.02517,2014-4-15,Funder Registry IDs
10.7554/elife.103676.3,2025-9-30,Funder Registry IDs
10.7554/elife.102637.2,2025-6-30,Funder Registry IDs
10.7554/elife.96625,2025-10-9,Funder Registry IDs
10.7554/elife.00804,2013-5-14,Funder Registry IDs
10.7554/elife.92120,2025-11-14,Funder Registry IDs
10.7554/elife.99191,2025-11-14,Funder Registry IDs
10.7554/elife.77041,2022-2-21,Funder Registry IDs
10.7554/elife.106201.3,2025-12-17,Funder Registry IDs
10.7554/elife.106023,2025-12-9,Funder Registry IDs
10.7554/elife.109869,2025-12-11,Funder Registry IDs
10.7554/elife.62202,2021-4-12,Funder Registry IDs
10.7554/elife.58040,2020-5-28,Funder Registry IDs
10.7554/elife.77216,2022-11-14,Funder Registry IDs
10.7554/elife.14424,2016-4-26,Funder Registry IDs
10.7554/elife.82498,2023-2-28,Funder Registry IDs
10.7554/elife.00799,2013-4-30,Funder Registry IDs
10.7554/elife.105863.3,2025-12-3,Funder Registry IDs
10.7554/elife.76461,2022-7-7,Funder Registry IDs
10.7554/elife.91824,2023-10-16,Funder Registry IDs
10.7554/elife.45931,2019-3-19,Funder Registry IDs
10.7554/elife.32486,2018-1-10,Funder Registry IDs
10.7554/elife.81412,2022-10-18,Funder Registry IDs
10.7554/elife.19048,2016-9-14,Funder Registry IDs
10.7554/elife.27041,2017-12-5,Funder Registry IDs
10.7554/elife.54066,2020-7-21,Funder Registry IDs
10.7554/elife.108892.3,2026-1-12,Funder Registry IDs
10.7554/elife.93108.3,2026-1-14,Funder Registry IDs
10.7554/elife.62222,2020-9-22,Funder Registry IDs
10.7554/elife.71178,2021-7-14,Funder Registry IDs
10.7554/elife.49414,2019-7-26,Funder Registry IDs
10.7554/elife.54874,2020-2-6,Funder Registry IDs
10.7554/elife.77544,2022-3-15,Funder Registry IDs
10.7554/elife.18203,2016-6-27,Funder Registry IDs
10.7554/elife.96485,2024-2-28,Funder Registry IDs
10.7554/elife.97247,2024-3-27,Funder Registry IDs
10.7554/elife.92931,2023-9-26,Funder Registry IDs
10.7554/elife.00302,2012-11-13,Funder Registry IDs
10.7554/elife.02904,2014-5-8,Funder Registry IDs
10.7554/elife.10317,2015-8-28,Funder Registry IDs
10.7554/elife.27292,2017-5-9,Funder Registry IDs
10.7554/elife.09519,2015-7-21,Funder Registry IDs
10.7554/elife.33590,2017-12-12,Funder Registry IDs
10.7554/elife.37910,2018-6-7,Funder Registry IDs
10.7554/elife.70149,2021-6-15,Funder Registry IDs
10.7554/elife.88215,2023-5-12,Funder Registry IDs
10.7554/elife.85565,2023-2-3,Funder Registry IDs
10.7554/elife.69192,2021-5-17,Funder Registry IDs
10.7554/elife.83121,2022-10-7,Funder Registry IDs
10.7554/elife.35029,2018-2-20,Funder Registry IDs
10.7554/elife.78327,2022-4-25,Funder Registry IDs
10.7554/elife.14239,2016-2-15,Funder Registry IDs
10.7554/elife.96625.4,2025-10-9,Funder Registry IDs
10.7554/elife.88824.3,2025-10-20,Funder Registry IDs
10.7554/elife.101113.3,2025-10-31,Funder Registry IDs
10.7554/elife.106901,2025-9-24,Funder Registry IDs
10.7554/elife.106249,2025-10-13,Funder Registry IDs
10.7554/elife.107419,2025-10-22,Funder Registry IDs
10.7554/elife.96423,2025-10-28,Funder Registry IDs
10.7554/elife.107397,2025-11-19,Funder Registry IDs
10.7554/elife.02199,2014-2-5,Funder Registry IDs
10.7554/elife.26295,2017-4-4,Funder Registry IDs
10.7554/elife.24038,2017-1-13,Funder Registry IDs
10.7554/elife.101944,2025-11-12,Funder Registry IDs
10.7554/elife.70757,2021-7-2,Funder Registry IDs
10.7554/elife.108284.3,2025-12-4,Funder Registry IDs
10.7554/elife.107718,2025-11-18,Funder Registry IDs
10.7554/elife.89908.4,2025-12-5,Funder Registry IDs
10.7554/elife.86416,2023-3-9,Funder Registry IDs
10.7554/elife.103255,2026-1-6,Funder Registry IDs
10.7554/elife.89287.3,2024-2-22,Funder Registry IDs
10.7554/elife.97640,2024-3-15,Funder Registry IDs
10.7554/elife.01979,2013-12-3,Funder Registry IDs
10.7554/elife.11383,2015-9-14,Funder Registry IDs
10.7554/elife.11802,2015-10-1,Funder Registry IDs
10.7554/elife.12289,2015-10-21,Funder Registry IDs
10.7554/elife.05570,2014-11-20,Funder Registry IDs
10.7554/elife.105985,2025-1-15,Funder Registry IDs
10.7554/elife.96697,2024-2-9,Funder Registry IDs
10.7554/elife.32342,2017-10-17,Funder Registry IDs
10.7554/elife.34573,2018-1-8,Funder Registry IDs
10.7554/elife.63032,2020-9-17,Funder Registry IDs
10.7554/elife.65689,2020-12-16,Funder Registry IDs
10.7554/elife.70785,2021-6-4,Funder Registry IDs
10.7554/elife.68038,2021-5-27,Funder Registry IDs
10.7554/elife.98117.3,2025-12-22,Funder Registry IDs
10.7554/elife.81890,2022-8-22,Funder Registry IDs
10.7554/elife.107030,2025-11-5,Funder Registry IDs
10.7554/elife.34311,2018-4-20,Funder Registry IDs
10.7554/elife.101208,2025-12-12,Funder Registry IDs
10.7554/elife.91985.3,2024-2-23,Funder Registry IDs
10.7554/elife.64910,2020-12-1,Funder Registry IDs
10.7554/elife.107180,2025-12-11,Funder Registry IDs
10.7554/elife.67646,2021-6-7,Funder Registry IDs
10.7554/elife.54551,2020-1-8,Funder Registry IDs
10.7554/elife.98512,2024-5-8,Funder Registry IDs
10.7554/elife.83067,2022-11-1,Funder Registry IDs
10.7554/elife.11935,2015-10-5,Funder Registry IDs
10.7554/elife.97866,2024-4-25,Funder Registry IDs
10.7554/elife.99656.4,2026-1-13,Funder Registry IDs
10.7554/elife.00948,2013-6-18,Funder Registry IDs
10.7554/elife.102860,2026-1-15,Funder Registry IDs
10.7554/elife.88597,2023-5-23,Funder Registry IDs
10.7554/elife.82258,2022-9-27,Funder Registry IDs
10.7554/elife.79593,2022-5-20,Funder Registry IDs
10.7554/elife.88873,2023-6-5,Funder Registry IDs
10.7554/elife.01561,2013-10-29,Funder Registry IDs
10.7554/elife.89988,2023-7-14,Funder Registry IDs
10.7554/elife.108863,2025-9-3,Funder Registry IDs
10.7554/elife.99053,2024-6-4,Funder Registry IDs
10.7554/elife.104950,2025-12-4,Funder Registry IDs
10.7554/elife.100799,2025-10-31,Funder Registry IDs
10.7554/elife.90747,2023-8-10,Funder Registry IDs
10.7554/elife.99383.2,2025-10-22,Funder Registry IDs
10.7554/elife.102941.3,2025-10-21,Funder Registry IDs
10.7554/elife.52072,2020-5-6,Funder Registry IDs
10.7554/elife.05075,2014-12-24,Funder Registry IDs
10.7554/elife.00655,2013-4-2,Funder Registry IDs
10.7554/elife.52092,2019-10-25,Funder Registry IDs
10.7554/elife.42849,2018-11-26,Funder Registry IDs
10.7554/elife.96713,2025-9-22,Funder Registry IDs
10.7554/elife.25431,2017-3-10,Funder Registry IDs
10.7554/elife.84639,2022-12-7,Funder Registry IDs
10.7554/elife.85161,2022-12-23,Funder Registry IDs
10.7554/elife.64483,2020-12-8,Funder Registry IDs
10.7554/elife.42181,2018-10-26,Funder Registry IDs
10.7554/elife.24575,2017-2-6,Funder Registry IDs
10.7554/elife.31646,2017-10-6,Funder Registry IDs
10.7554/elife.61647,2020-9-1,Funder Registry IDs
10.7554/elife.57239,2020-5-6,Funder Registry IDs
10.7554/elife.80392,2022-7-1,Funder Registry IDs
10.7554/elife.12936,2015-12-15,Funder Registry IDs
10.7554/elife.22492,2016-11-25,Funder Registry IDs
10.7554/elife.102637,2025-6-30,Funder Registry IDs
10.7554/elife.02062,2014-1-21,Funder Registry IDs
10.7554/elife.18435,2016-7-15,Funder Registry IDs
10.7554/elife.00240,2012-10-15,Funder Registry IDs
10.7554/elife.95064,2024-1-18,Funder Registry IDs
10.7554/elife.91998,2023-9-29,Funder Registry IDs
10.7554/elife.01061,2013-7-2,Funder Registry IDs
10.7554/elife.102427,2024-9-20,Funder Registry IDs
10.7554/elife.102430,2024-8-21,Funder Registry IDs
10.7554/elife.00963,2013-6-18,Funder Registry IDs
10.7554/elife.43832,2018-12-18,Funder Registry IDs
10.7554/elife.38847,2018-6-27,Funder Registry IDs
10.7554/elife.18753,2016-7-15,Funder Registry IDs
10.7554/elife.84463,2022-12-2,Funder Registry IDs
10.7554/elife.105680,2025-11-19,Funder Registry IDs
10.7554/elife.103781.4,2025-12-3,Funder Registry IDs
10.7554/elife.108284,2025-12-4,Funder Registry IDs
10.7554/elife.58599,2020-6-15,Funder Registry IDs
10.7554/elife.108465,2025-12-23,Funder Registry IDs
10.7554/elife.94573.3,2024-8-9,Funder Registry IDs
10.7554/elife.40018,2018-7-23,Funder Registry IDs
10.7554/elife.33035,2017-11-21,Funder Registry IDs
10.7554/elife.70148,2021-6-17,Funder Registry IDs
10.7554/elife.101604.3,2025-1-17,Funder Registry IDs
10.7554/elife.93645,2026-1-7,Funder Registry IDs
10.7554/elife.01214,2013-7-23,Funder Registry IDs
10.7554/elife.14311,2016-1-21,Funder Registry IDs
10.7554/elife.14954,2016-3-2,Funder Registry IDs
10.7554/elife.19317,2016-11-17,Funder Registry IDs
10.7554/elife.07239,2015-3-4,Funder Registry IDs
10.7554/elife.106838,2025-3-21,Funder Registry IDs
10.7554/elife.40642,2018-8-2,Funder Registry IDs
10.7554/elife.41300,2018-8-23,Funder Registry IDs
10.7554/elife.95782,2024-1-3,Funder Registry IDs
10.7554/elife.107072.3,2026-1-7,Funder Registry IDs
10.7554/elife.96613,2024-2-6,Funder Registry IDs
10.7554/elife.59663,2020-7-14,Funder Registry IDs
10.7554/elife.105287,2026-1-8,Funder Registry IDs
10.7554/elife.08687,2015-10-15,Funder Registry IDs
10.7554/elife.48335,2019-6-18,Funder Registry IDs
10.7554/elife.31697,2017-10-12,Funder Registry IDs
10.7554/elife.108116,2025-7-17,Funder Registry IDs
10.7554/elife.72380,2021-8-31,Funder Registry IDs
10.7554/elife.01414,2013-9-24,Funder Registry IDs
10.7554/elife.03435,2014-6-24,Funder Registry IDs
10.7554/elife.39976,2018-8-14,Funder Registry IDs
10.7554/elife.03978,2014-8-19,Funder Registry IDs
10.7554/elife.86697,2023-3-8,Funder Registry IDs
10.7554/elife.88954,2023-6-20,Funder Registry IDs
10.7554/elife.103775,2024-11-6,Funder Registry IDs
10.7554/elife.15570,2016-4-6,Funder Registry IDs
10.7554/elife.46186,2019-4-9,Funder Registry IDs
10.7554/elife.106304,2025-2-27,Funder Registry IDs
10.7554/elife.107193,2025-5-21,Funder Registry IDs
10.7554/elife.00452,2013-1-8,Funder Registry IDs
10.7554/elife.00842,2013-5-14,Funder Registry IDs
10.7554/elife.06200,2015-2-13,Funder Registry IDs
10.7554/elife.90008,2023-7-14,Funder Registry IDs
10.7554/elife.107454,2025-10-30,Funder Registry IDs
10.7554/elife.25375,2017-3-30,Funder Registry IDs
10.7554/elife.92753,2023-10-18,Funder Registry IDs
10.7554/elife.14354,2016-2-19,Funder Registry IDs
10.7554/elife.42367,2018-10-22,Funder Registry IDs
10.7554/elife.89265,2023-6-16,Funder Registry IDs
10.7554/elife.69887,2021-6-1,Funder Registry IDs
10.7554/elife.87861,2023-5-4,Funder Registry IDs
10.7554/elife.95480,2024-12-10,Funder Registry IDs
10.7554/elife.66920,2021-3-2,Funder Registry IDs
10.7554/elife.03443,2014-6-24,Funder Registry IDs
10.7554/elife.102800.3,2025-12-11,Funder Registry IDs
10.7554/elife.83889,2022-10-20,Funder Registry IDs
10.7554/elife.103705.3,2025-12-16,Funder Registry IDs
10.7554/elife.103484.3,2025-11-19,Funder Registry IDs
10.7554/elife.109866,2025-12-18,Funder Registry IDs
10.7554/elife.27430,2017-9-15,Funder Registry IDs
10.7554/elife.109482,2025-11-19,Funder Registry IDs
10.7554/elife.75830,2021-12-7,Funder Registry IDs
10.7554/elife.106122.3,2025-11-4,Funder Registry IDs
10.7554/elife.105753.3,2025-10-28,Funder Registry IDs
10.7554/elife.105734.3,2025-11-5,Funder Registry IDs
10.7554/elife.106873.3,2025-10-28,Funder Registry IDs
10.7554/elife.107524.3,2025-10-29,Funder Registry IDs
10.7554/elife.101175.3,2025-10-28,Funder Registry IDs
10.7554/elife.07157,2015-3-17,Funder Registry IDs
10.7554/elife.47301,2019-10-25,Funder Registry IDs
10.7554/elife.47458,2019-5-13,Funder Registry IDs
10.7554/elife.56500,2020-5-18,Funder Registry IDs
10.7554/elife.96718.6,2025-10-13,Funder Registry IDs
10.7554/elife.106815.3,2025-11-26,Funder Registry IDs
10.7554/elife.91566,2023-9-7,Funder Registry IDs
10.7554/elife.107733,2025-12-4,Funder Registry IDs
10.7554/elife.109706,2025-12-8,Funder Registry IDs
10.7554/elife.97364,2025-12-8,Funder Registry IDs
10.7554/elife.91318,2025-12-24,Funder Registry IDs
10.7554/elife.91025,2023-8-30,Funder Registry IDs
10.7554/elife.00387,2012-12-18,Funder Registry IDs
10.7554/elife.93994,2026-1-5,Funder Registry IDs
10.7554/elife.96987.3,2025-12-31,Funder Registry IDs
10.7554/elife.00565,2013-2-11,Funder Registry IDs
10.7554/elife.01045,2013-6-14,Funder Registry IDs
10.7554/elife.69256,2021-4-21,Funder Registry IDs
10.7554/elife.108230,2025-7-9,Funder Registry IDs
10.7554/elife.108668,2025-7-31,Funder Registry IDs
10.7554/elife.20672,2016-8-18,Funder Registry IDs
10.7554/elife.107890,2025-6-4,Funder Registry IDs
10.7554/elife.80233,2022-5-18,Funder Registry IDs
10.7554/elife.27150,2017-3-30,Funder Registry IDs
10.7554/elife.83117,2022-9-5,Funder Registry IDs
10.7554/elife.25312,2017-5-2,Funder Registry IDs
10.7554/elife.40958,2018-9-20,Funder Registry IDs
10.7554/elife.106187,2025-10-28,Funder Registry IDs
10.7554/elife.62878,2021-3-2,Funder Registry IDs
10.7554/elife.101259,2024-8-13,Funder Registry IDs
10.7554/elife.80609,2022-7-20,Funder Registry IDs
10.7554/elife.63195,2020-11-26,Funder Registry IDs
10.7554/elife.49448,2019-7-16,Funder Registry IDs
10.7554/elife.109050,2025-10-6,Funder Registry IDs
10.7554/elife.81670,2022-8-11,Funder Registry IDs
10.7554/elife.63996,2020-11-20,Funder Registry IDs
10.7554/elife.65359,2021-1-28,Funder Registry IDs
10.7554/elife.97432,2024-4-9,Funder Registry IDs
10.7554/elife.96231,2024-2-28,Funder Registry IDs
10.7554/elife.21723,2016-10-19,Funder Registry IDs
10.7554/elife.35664,2018-3-19,Funder Registry IDs
10.7554/elife.106365,2025-9-24,Funder Registry IDs
10.7554/elife.109262,2025-9-30,Funder Registry IDs
10.7554/elife.10627,2015-9-10,Funder Registry IDs
10.7554/elife.89706,2023-10-11,Funder Registry IDs
10.7554/elife.07158,2015-7-14,Funder Registry IDs
10.7554/elife.33604,2018-1-4,Funder Registry IDs
10.7554/elife.93589.4,2025-9-12,Funder Registry IDs
10.7554/elife.101186,2025-5-6,Funder Registry IDs
10.7554/elife.105311.3,2025-7-2,Funder Registry IDs
10.7554/elife.105815.3,2025-10-22,Funder Registry IDs
10.7554/elife.104549.3,2025-11-12,Funder Registry IDs
10.7554/elife.87522.3,2025-1-8,Funder Registry IDs
10.7554/elife.89596.4,2025-11-3,Funder Registry IDs
10.7554/elife.28434,2018-3-13,Funder Registry IDs
10.7554/elife.40578,2019-3-5,Funder Registry IDs
10.7554/elife.92367,2023-8-31,Funder Registry IDs
10.7554/elife.02322,2014-1-21,Funder Registry IDs
10.7554/elife.02897,2014-4-1,Funder Registry IDs
10.7554/elife.108297,2025-7-9,Funder Registry IDs
10.7554/elife.08843,2015-5-27,Funder Registry IDs
10.7554/elife.10483,2016-1-5,Funder Registry IDs
10.7554/elife.107691,2025-5-16,Funder Registry IDs
10.7554/elife.37049,2018-4-5,Funder Registry IDs
10.7554/elife.37324,2018-4-19,Funder Registry IDs
10.7554/elife.91314,2023-7-25,Funder Registry IDs
10.7554/elife.66109,2021-7-13,Funder Registry IDs
10.7554/elife.79397,2022-8-1,Funder Registry IDs
10.7554/elife.107096,2025-12-30,Funder Registry IDs
10.7554/elife.60185,2021-3-4,Funder Registry IDs
10.7554/elife.58403,2020-6-9,Funder Registry IDs
10.7554/elife.71813,2021-8-3,Funder Registry IDs
10.7554/elife.00242,2012-10-15,Funder Registry IDs
10.7554/elife.03146,2014-5-28,Funder Registry IDs
10.7554/elife.00692,2013-4-9,Funder Registry IDs
10.7554/elife.09249,2015-7-8,Funder Registry IDs
10.7554/elife.04300,2014-9-9,Funder Registry IDs
10.7554/elife.01234,2013-8-20,Funder Registry IDs
10.7554/elife.01710,2013-11-19,Funder Registry IDs
10.7554/elife.16076,2016-4-27,Funder Registry IDs
10.7554/elife.104111,2024-11-13,Funder Registry IDs
10.7554/elife.17293,2016-6-3,Funder Registry IDs
10.7554/elife.47900,2019-5-31,Funder Registry IDs
10.7554/elife.83841,2022-12-29,Funder Registry IDs
10.7554/elife.89778,2023-6-27,Funder Registry IDs
10.7554/elife.01089,2013-7-16,Funder Registry IDs
10.7554/elife.106814,2025-10-2,Funder Registry IDs
10.7554/elife.00593,2013-2-26,Funder Registry IDs
10.7554/elife.53832,2020-1-8,Funder Registry IDs
10.7554/elife.93329,2023-11-14,Funder Registry IDs
10.7554/elife.99383,2025-10-22,Funder Registry IDs
10.7554/elife.102784,2025-10-22,Funder Registry IDs
10.7554/elife.02791,2014-4-1,Funder Registry IDs
10.7554/elife.00326,2012-12-13,Funder Registry IDs
10.7554/elife.104126,2025-11-21,Funder Registry IDs
10.7554/elife.00638,2013-3-19,Funder Registry IDs
10.7554/elife.03678,2014-8-13,Funder Registry IDs
10.7554/elife.106464.3,2026-1-12,Funder Registry IDs
10.7554/elife.07108,2015-4-2,Funder Registry IDs
10.7554/elife.32009,2017-10-31,Funder Registry IDs
10.7554/elife.25669,2017-3-7,Funder Registry IDs
10.7554/elife.02289,2014-2-18,Funder Registry IDs
10.7554/elife.107648,2025-6-18,Funder Registry IDs
10.7554/elife.26157,2017-4-26,Funder Registry IDs
10.7554/elife.02619,2014-4-29,Funder Registry IDs
10.7554/elife.101732,2024-8-30,Funder Registry IDs
10.7554/elife.05816,2014-12-30,Funder Registry IDs
10.7554/elife.36030,2018-3-27,Funder Registry IDs
10.7554/elife.23354,2016-12-20,Funder Registry IDs
10.7554/elife.31127,2017-9-14,Funder Registry IDs
10.7554/elife.17185,2016-6-1,Funder Registry IDs
10.7554/elife.37413,2018-5-24,Funder Registry IDs
10.7554/elife.01115,2013-7-30,Funder Registry IDs
10.7554/elife.12724,2015-12-30,Funder Registry IDs
10.7554/elife.35392,2018-3-1,Funder Registry IDs
10.7554/elife.60852,2020-8-19,Funder Registry IDs
10.7554/elife.94949,2024-1-16,Funder Registry IDs
10.7554/elife.91717,2024-2-28,Funder Registry IDs
10.7554/elife.106648,2025-3-19,Funder Registry IDs
10.7554/elife.63328,2020-11-3,Funder Registry IDs
10.7554/elife.49635,2019-8-6,Funder Registry IDs
10.7554/elife.49615,2019-8-1,Funder Registry IDs
10.7554/elife.50140,2019-8-16,Funder Registry IDs
10.7554/elife.60584,2020-8-4,Funder Registry IDs
10.7554/elife.48336,2019-6-18,Funder Registry IDs
10.7554/elife.82240,2022-12-22,Funder Registry IDs
10.7554/elife.84431,2022-11-2,Funder Registry IDs
10.7554/elife.76231,2022-1-20,Funder Registry IDs
10.7554/elife.107467.4,2025-12-19,Funder Registry IDs
10.7554/elife.100799.3,2025-10-31,Funder Registry IDs
10.7554/elife.30563,2017-9-6,Funder Registry IDs
10.7554/elife.105321.4,2025-12-29,Funder Registry IDs
10.7554/elife.40150,2018-8-21,Funder Registry IDs
10.7554/elife.12260,2015-12-10,Funder Registry IDs
10.7554/elife.65239,2021-1-19,Funder Registry IDs
10.7554/elife.24792,2017-2-14,Funder Registry IDs
10.7554/elife.39068,2018-7-17,Funder Registry IDs
10.7554/elife.103825,2025-5-20,Funder Registry IDs
10.7554/elife.102714,2025-11-28,Funder Registry IDs
10.7554/elife.103879.3,2025-9-23,Funder Registry IDs
10.7554/elife.09520,2015-12-29,Funder Registry IDs
10.7554/elife.10167,2016-1-14,Funder Registry IDs
10.7554/elife.89908,2025-12-5,Funder Registry IDs
10.7554/elife.105863,2025-12-3,Funder Registry IDs
10.7554/elife.107947,2025-12-5,Funder Registry IDs
10.7554/elife.98073,2025-10-9,Funder Registry IDs
10.7554/elife.90261,2025-10-14,Funder Registry IDs
10.7554/elife.01159,2013-7-30,Funder Registry IDs
10.7554/elife.90916,2023-8-18,Funder Registry IDs
10.7554/elife.94835,2026-1-6,Funder Registry IDs
10.7554/elife.70332,2022-5-26,Funder Registry IDs
10.7554/elife.62047,2021-1-19,Funder Registry IDs
10.7554/elife.108945,2025-8-22,Funder Registry IDs
10.7554/elife.60403,2020-6-30,Funder Registry IDs
10.7554/elife.61021,2020-7-21,Funder Registry IDs
10.7554/elife.64678,2020-11-9,Funder Registry IDs
10.7554/elife.76605,2022-7-26,Funder Registry IDs
10.7554/elife.110231,2026-1-12,Funder Registry IDs
10.7554/elife.105575.2,2026-1-14,Funder Registry IDs
10.7554/elife.66223,2021-2-12,Funder Registry IDs
10.7554/elife.104374,2026-1-12,Funder Registry IDs
10.7554/elife.85724,2023-8-22,Funder Registry IDs
10.7554/elife.69308,2022-6-6,Funder Registry IDs
10.7554/elife.06758,2015-3-3,Funding award numbers
10.7554/elife.06877,2015-3-12,Funding award numbers
10.7554/elife.01608,2013-11-5,Funding award numbers
10.7554/elife.00385,2012-12-18,Funding award numbers
10.7554/elife.59285,2020-6-15,Funding award numbers
10.7554/elife.95989,2024-3-4,Funding award numbers
10.7554/elife.54984,2020-2-11,Funding award numbers
10.7554/elife.85477,2023-1-31,Funding award numbers
10.7554/elife.81963,2022-8-19,Funding award numbers
10.7554/elife.25001,2017-2-16,Funding award numbers
10.7554/elife.03804,2014-7-29,Funding award numbers
10.7554/elife.21786,2016-11-1,Funding award numbers
10.7554/elife.40660,2018-8-23,Funding award numbers
10.7554/elife.04997,2014-10-28,Funding award numbers
10.7554/elife.14729,2016-2-19,Funding award numbers
10.7554/elife.103786,2024-11-4,Funding award numbers
10.7554/elife.29763,2017-7-27,Funding award numbers
10.7554/elife.41523,2019-1-1,Funding award numbers
10.7554/elife.96286,2024-1-24,Funding award numbers
10.7554/elife.10161,2015-8-19,Funding award numbers
10.7554/elife.36545,2018-6-26,Funding award numbers
10.7554/elife.69496,2021-5-18,Funding award numbers
10.7554/elife.55136,2020-2-19,Funding award numbers
10.7554/elife.75471,2021-12-10,Funding award numbers
10.7554/elife.76414,2023-1-10,Funding award numbers
10.7554/elife.95062,2025-7-24,Funding award numbers
10.7554/elife.74234,2021-12-9,Funding award numbers
10.7554/elife.75746,2022-3-7,Funding award numbers
10.7554/elife.57249,2020-9-15,Funding award numbers
10.7554/elife.90454.3,2024-8-27,Funding award numbers
10.7554/elife.78729,2023-2-28,Funding award numbers
10.7554/elife.71263,2021-12-13,Funding award numbers
10.7554/elife.86369,2023-7-18,Funding award numbers
10.7554/elife.52426,2020-3-6,Funding award numbers
10.7554/elife.23435,2017-9-6,Funding award numbers
10.7554/elife.47061,2019-6-17,Funding award numbers
10.7554/elife.101153.3,2025-7-23,Funding award numbers
10.7554/elife.82538,2023-4-26,Funding award numbers
10.7554/elife.00415,2013-4-16,Funding award numbers
10.7554/elife.82996,2023-5-9,Funding award numbers
10.7554/elife.35272,2018-5-8,Funding award numbers
10.7554/elife.101790,2025-11-18,Funding award numbers
10.7554/elife.09972,2016-4-19,Funding award numbers
10.7554/elife.54873,2020-4-21,Funding award numbers
10.7554/elife.25903,2017-5-16,Funding award numbers
10.7554/elife.19942,2016-12-9,Funding award numbers
10.7554/elife.65031,2022-2-18,Funding award numbers
10.7554/elife.99478,2025-6-23,Funding award numbers
10.7554/elife.76882,2022-3-7,Funding award numbers
10.7554/elife.101496,2025-11-26,Funding award numbers
10.7554/elife.56114,2020-3-31,Funding award numbers
10.7554/elife.70119,2021-8-25,Funding award numbers
10.7554/elife.01465,2014-3-25,Funding award numbers
10.7554/elife.36133,2018-6-29,Funding award numbers
10.7554/elife.91079,2023-10-24,Funding award numbers
10.7554/elife.50022,2020-2-10,Funding award numbers
10.7554/elife.55543,2020-2-10,Funding award numbers
10.7554/elife.57555,2020-4-27,Funding award numbers
10.7554/elife.91808,2024-6-12,Funding award numbers
10.7554/elife.78579,2022-3-18,Funding award numbers
10.7554/elife.80570,2022-6-28,Funding award numbers
10.7554/elife.92968,2023-10-13,Funding award numbers
10.7554/elife.65227,2020-12-3,Funding award numbers
10.7554/elife.02490,2014-2-11,Funding award numbers
10.7554/elife.03521,2014-6-3,Funding award numbers
10.7554/elife.03970,2014-9-17,Funding award numbers
10.7554/elife.27970,2017-4-25,Funding award numbers
10.7554/elife.37048,2018-4-12,Funding award numbers
10.7554/elife.40515,2018-8-2,Funding award numbers
10.7554/elife.52397,2019-10-4,Funding award numbers
10.7554/elife.94305,2023-11-9,Funding award numbers
10.7554/elife.17935,2017-3-21,Funding award numbers
10.7554/elife.15928,2016-3-31,Funding award numbers
10.7554/elife.67400,2021-7-9,Funding award numbers
10.7554/elife.70382,2022-1-13,Funding award numbers
10.7554/elife.12190,2016-5-3,Funding award numbers
10.7554/elife.08314,2015-7-11,Funding award numbers
10.7554/elife.89700,2023-7-7,Funding award numbers
10.7554/elife.39804,2018-8-10,Funding award numbers
10.7554/elife.02046,2014-2-12,Funding award numbers
10.7554/elife.34477,2018-2-1,Funding award numbers
10.7554/elife.44359,2019-4-12,Funding award numbers
10.7554/elife.12741,2016-3-22,Funding award numbers
10.7554/elife.87730,2024-3-27,Funding award numbers
10.7554/elife.50340,2020-2-26,Funding award numbers
10.7554/elife.10032,2015-8-31,Funding award numbers
10.7554/elife.65554,2021-6-15,Funding award numbers
10.7554/elife.83451,2023-8-9,Funding award numbers
10.7554/elife.07759,2015-8-27,Funding award numbers
10.7554/elife.58999,2020-11-20,Funding award numbers
10.7554/elife.103508,2024-10-28,Funding award numbers
10.7554/elife.00683,2013-9-10,Funding award numbers
10.7554/elife.53363,2019-12-23,Funding award numbers
10.7554/elife.07527,2015-4-15,Funding award numbers
10.7554/elife.38967,2018-7-17,Funding award numbers
10.7554/elife.06536,2015-4-13,Funding award numbers
10.7554/elife.01633,2013-10-22,Funding award numbers
10.7554/elife.01873,2013-12-24,Funding award numbers
10.7554/elife.17692,2016-6-29,Funding award numbers
10.7554/elife.107459,2025-6-9,Funding award numbers
10.7554/elife.105095,2024-12-11,Funding award numbers
10.7554/elife.107620,2025-6-13,Funding award numbers
10.7554/elife.00477,2013-1-22,Funding award numbers
10.7554/elife.19733,2016-8-23,Funding award numbers
10.7554/elife.08710,2015-6-11,Funding award numbers
10.7554/elife.26775,2017-5-9,Funding award numbers
10.7554/elife.20061,2016-8-31,Funding award numbers
10.7554/elife.93090,2023-10-27,Funding award numbers
10.7554/elife.91831,2023-9-6,Funding award numbers
10.7554/elife.62925,2020-10-13,Funding award numbers
10.7554/elife.71583,2021-7-2,Funding award numbers
10.7554/elife.76632,2022-2-8,Funding award numbers
10.7554/elife.67701,2021-4-26,Funding award numbers
10.7554/elife.74744,2021-11-24,Funding award numbers
10.7554/elife.27933,2017-5-31,Funding award numbers
10.7554/elife.79651,2022-6-9,Funding award numbers
10.7554/elife.97031,2024-4-3,Funding award numbers
10.7554/elife.31082,2017-9-19,Funding award numbers
10.7554/elife.102055,2024-9-5,Funding award numbers
10.7554/elife.17079,2016-6-6,Funding award numbers
10.7554/elife.25000,2017-2-15,Funding award numbers
10.7554/elife.47162,2019-5-7,Funding award numbers
10.7554/elife.44298,2019-1-16,Funding award numbers
10.7554/elife.85301,2023-1-19,Funding award numbers
10.7554/elife.50543,2019-8-20,Funding award numbers
10.7554/elife.50784,2019-9-13,Funding award numbers
10.7554/elife.55722,2020-3-11,Funding award numbers
10.7554/elife.55254,2020-2-13,Funding award numbers
10.7554/elife.05259,2014-11-25,Funding award numbers
10.7554/elife.10040,2015-8-25,Funding award numbers
10.7554/elife.05377,2014-12-9,Funding award numbers
10.7554/elife.109427,2025-11-11,Funding award numbers
10.7554/elife.01724,2014-3-25,Funding award numbers
10.7554/elife.21749,2017-2-17,Funding award numbers
10.7554/elife.106655.4,2025-11-11,Funding award numbers
10.7554/elife.24100,2017-4-19,Funding award numbers
10.7554/elife.06938,2015-6-18,Funding award numbers
10.7554/elife.13238,2016-5-24,Funding award numbers
10.7554/elife.95267.4,2025-1-3,Funding award numbers
10.7554/elife.96536.3,2024-12-27,Funding award numbers
10.7554/elife.88459.3,2023-10-13,Funding award numbers
10.7554/elife.80622,2024-8-15,Funding award numbers
10.7554/elife.87522,2025-1-8,Funding award numbers
10.7554/elife.27004,2017-5-2,Funding award numbers
10.7554/elife.83545,2023-4-24,Funding award numbers
10.7554/elife.41237,2018-11-19,Funding award numbers
10.7554/elife.20944,2017-4-4,Funding award numbers
10.7554/elife.20542,2016-11-16,Funding award numbers
10.7554/elife.47626,2019-4-17,Funding award numbers
10.7554/elife.83292,2022-11-7,Funding award numbers
10.7554/elife.52847,2019-10-18,Funding award numbers
10.7554/elife.110124,2025-12-1,Funding award numbers
10.7554/elife.11514,2015-9-25,Funding award numbers
10.7554/elife.06400,2015-3-26,Funding award numbers
10.7554/elife.79841,2022-5-19,Funding award numbers
10.7554/elife.87507,2023-3-13,Funding award numbers
10.7554/elife.87888,2023-3-21,Funding award numbers
10.7554/elife.59538,2020-6-2,Funding award numbers
10.7554/elife.57356,2021-8-5,Funding award numbers
10.7554/elife.80063,2023-4-19,Funding award numbers
10.7554/elife.84262,2023-1-20,Funding award numbers
10.7554/elife.70283,2022-2-4,Funding award numbers
10.7554/elife.07865,2015-7-7,Funding award numbers
10.7554/elife.04177,2014-8-22,Funding award numbers
10.7554/elife.45380,2019-3-21,Funding award numbers
10.7554/elife.47720,2019-5-21,Funding award numbers
10.7554/elife.57678,2020-5-15,Funding award numbers
10.7554/elife.67422,2021-3-16,Funding award numbers
10.7554/elife.72379,2021-9-1,Funding award numbers
10.7554/elife.105335,2025-1-20,Funding award numbers
10.7554/elife.101212,2024-8-13,Funding award numbers
10.7554/elife.04902,2014-10-17,Funding award numbers
10.7554/elife.05490,2014-12-11,Funding award numbers
10.7554/elife.25700,2017-3-7,Funding award numbers
10.7554/elife.32012,2017-9-28,Funding award numbers
10.7554/elife.11284,2015-10-6,Funding award numbers
10.7554/elife.09666,2015-8-5,Funding award numbers
10.7554/elife.49976,2019-8-13,Funding award numbers
10.7554/elife.82831,2022-9-5,Funding award numbers
10.7554/elife.00648,2013-3-26,Funding award numbers
10.7554/elife.72980,2021-9-17,Funding award numbers
10.7554/elife.07083,2015-3-31,Funding award numbers
10.7554/elife.16207,2016-4-19,Funding award numbers
10.7554/elife.30774,2017-9-11,Funding award numbers
10.7554/elife.94131,2023-12-1,Funding award numbers
10.7554/elife.01428,2013-9-24,Funding award numbers
10.7554/elife.59636,2020-6-5,Funding award numbers
10.7554/elife.12760,2015-12-23,Funding award numbers
10.7554/elife.24662,2017-7-12,Funding award numbers
10.7554/elife.04135,2014-11-28,Funding award numbers
10.7554/elife.81431,2022-11-30,Funding award numbers
10.7554/elife.57857,2020-9-4,Funding award numbers
10.7554/elife.109371,2025-11-3,Funding award numbers
10.7554/elife.106201,2025-12-17,Funding award numbers
10.7554/elife.77433,2022-6-20,Funding award numbers
10.7554/elife.76140,2022-3-25,Funding award numbers
10.7554/elife.24238,2017-1-31,Funding award numbers
10.7554/elife.56122,2020-3-30,Funding award numbers
10.7554/elife.00625,2013-3-26,Funding award numbers
10.7554/elife.84816,2022-12-8,Funding award numbers
10.7554/elife.80652,2023-1-17,Funding award numbers
10.7554/elife.39729,2018-10-1,Funding award numbers
10.7554/elife.47606,2019-10-1,Funding award numbers
10.7554/elife.60438,2020-7-7,Funding award numbers
10.7554/elife.69317,2021-7-29,Funding award numbers
10.7554/elife.90523,2024-1-25,Funding award numbers
10.7554/elife.103738.3,2025-8-28,Funding award numbers
10.7554/elife.25808,2017-5-23,Funding award numbers
10.7554/elife.25956,2017-5-2,Funding award numbers
10.7554/elife.11712,2016-2-2,Funding award numbers
10.7554/elife.12626,2016-2-26,Funding award numbers
10.7554/elife.30352,2017-10-5,Funding award numbers
10.7554/elife.97613.3,2024-9-5,Funding award numbers
10.7554/elife.36494,2018-8-21,Funding award numbers
10.7554/elife.103738,2025-8-28,Funding award numbers
10.7554/elife.25068,2017-4-21,Funding award numbers
10.7554/elife.29503,2017-8-1,Funding award numbers
10.7554/elife.17181,2016-4-27,Funding award numbers
10.7554/elife.05087,2014-10-13,Funding award numbers
10.7554/elife.05394,2014-11-7,Funding award numbers
10.7554/elife.101107,2024-7-1,Funding award numbers
10.7554/elife.107998,2025-6-11,Funding award numbers
10.7554/elife.86017,2023-1-11,Funding award numbers
10.7554/elife.90408,2023-8-8,Funding award numbers
10.7554/elife.96183,2024-1-22,Funding award numbers
10.7554/elife.33307,2017-11-8,Funding award numbers
10.7554/elife.34752,2018-1-8,Funding award numbers
10.7554/elife.43237,2018-11-12,Funding award numbers
10.7554/elife.56968,2020-3-18,Funding award numbers
10.7554/elife.65744,2020-12-16,Funding award numbers
10.7554/elife.106930.3,2025-8-12,Funding award numbers
10.7554/elife.93239,2023-11-2,Funding award numbers
10.7554/elife.02203,2014-5-20,Funding award numbers
10.7554/elife.39866,2018-11-7,Funding award numbers
10.7554/elife.74211,2022-3-14,Funding award numbers
10.7554/elife.49956,2019-11-27,Funding award numbers
10.7554/elife.07296,2015-6-23,Funding award numbers
10.7554/elife.73522,2022-1-11,Funding award numbers
10.7554/elife.05793,2015-8-11,Funding award numbers
10.7554/elife.95062.3,2025-7-24,Funding award numbers
10.7554/elife.23061,2017-2-4,Funding award numbers
10.7554/elife.33670,2018-4-26,Funding award numbers
10.7554/elife.63282,2021-4-26,Funding award numbers
10.7554/elife.75061,2022-12-13,Funding award numbers
10.7554/elife.68283,2022-10-25,Funding award numbers
10.7554/elife.70092,2021-10-14,Funding award numbers
10.7554/elife.01963,2014-2-25,Funding award numbers
10.7554/elife.97881,2024-5-14,Funding award numbers
10.7554/elife.59587,2020-6-10,Funding award numbers
10.7554/elife.85370,2023-6-22,Funding award numbers
10.7554/elife.107824,2025-7-23,Funding award numbers
10.7554/elife.50210,2019-10-7,Funding award numbers
10.7554/elife.108727,2025-9-24,Funding award numbers
10.7554/elife.75862,2021-12-13,Funding award numbers
10.7554/elife.98828,2024-5-15,Funding award numbers
10.7554/elife.06430,2015-2-16,Funding award numbers
10.7554/elife.01029,2013-7-2,Funding award numbers
10.7554/elife.108735,2025-9-18,Funding award numbers
10.7554/elife.41229,2018-9-28,Funding award numbers
10.7554/elife.65360,2021-1-27,Funding award numbers
10.7554/elife.18243,2016-7-7,Funding award numbers
10.7554/elife.18365,2016-7-12,Funding award numbers
10.7554/elife.25996,2017-3-17,Funding award numbers
10.7554/elife.00659,2013-4-9,Funding award numbers
10.7554/elife.08166,2015-5-27,Funding award numbers
10.7554/elife.102837,2024-10-2,Funding award numbers
10.7554/elife.26942,2017-4-25,Funding award numbers
10.7554/elife.34427,2018-1-24,Funding award numbers
10.7554/elife.05427,2014-11-26,Funding award numbers
10.7554/elife.36649,2018-4-18,Funding award numbers
10.7554/elife.41926,2018-9-20,Funding award numbers
10.7554/elife.36662,2018-4-24,Funding award numbers
10.7554/elife.30599,2017-8-14,Funding award numbers
10.7554/elife.106291,2025-3-27,Funding award numbers
10.7554/elife.31911,2017-10-24,Funding award numbers
10.7554/elife.02475,2014-3-12,Funding award numbers
10.7554/elife.91927,2024-4-30,Funding award numbers
10.7554/elife.47019,2019-4-30,Funding award numbers
10.7554/elife.39762,2018-8-14,Funding award numbers
10.7554/elife.01138,2013-7-16,Funding award numbers
10.7554/elife.04246,2014-9-2,Funding award numbers
10.7554/elife.78546,2023-7-10,Funding award numbers
10.7554/elife.53322,2020-1-15,Funding award numbers
10.7554/elife.44791,2019-5-2,Funding award numbers
10.7554/elife.21864,2016-10-31,Funding award numbers
10.7554/elife.02945,2014-4-16,Funding award numbers
10.7554/elife.109449,2025-10-15,Funding award numbers
10.7554/elife.22214,2016-10-20,Funding award numbers
10.7554/elife.07586,2015-3-24,Funding award numbers
10.7554/elife.08656,2015-5-18,Funding award numbers
10.7554/elife.72438,2021-7-26,Funding award numbers
10.7554/elife.74046,2021-9-23,Funding award numbers
10.7554/elife.77091,2022-1-28,Funding award numbers
10.7554/elife.79475,2022-4-26,Funding award numbers
10.7554/elife.50707,2019-8-5,Funding award numbers
10.7554/elife.24506,2016-12-30,Funding award numbers
10.7554/elife.32902,2017-10-19,Funding award numbers
10.7554/elife.94481,2023-11-20,Funding award numbers
10.7554/elife.98284,2024-3-28,Funding award numbers
10.7554/elife.60141,2020-6-18,Funding award numbers
10.7554/elife.18605,2016-9-13,Funding award numbers
10.7554/elife.47691,2019-6-19,Funding award numbers
10.7554/elife.88813,2024-10-9,Funding award numbers
10.7554/elife.79853,2022-9-27,Funding award numbers
10.7554/elife.93273.3,2024-8-13,Funding award numbers
10.7554/elife.72787,2021-9-13,Funding award numbers
10.7554/elife.18173,2017-1-19,Funding award numbers
10.7554/elife.18542,2016-10-20,Funding award numbers
10.7554/elife.58654,2020-8-12,Funding award numbers
10.7554/elife.59209,2020-8-17,Funding award numbers
10.7554/elife.67195,2021-9-7,Funding award numbers
10.7554/elife.63284,2021-2-2,Funding award numbers
10.7554/elife.14925,2016-5-23,Funding award numbers
10.7554/elife.41901,2018-10-15,Funding award numbers
10.7554/elife.01684,2014-4-8,Funding award numbers
10.7554/elife.101769,2025-6-5,Funding award numbers
10.7554/elife.47676,2019-10-17,Funding award numbers
10.7554/elife.35450,2018-8-13,Funding award numbers
10.7554/elife.56916,2020-9-17,Funding award numbers
10.7554/elife.73193,2021-10-12,Funding award numbers
10.7554/elife.30927,2017-11-15,Funding award numbers
10.7554/elife.46497,2019-9-3,Funding award numbers
10.7554/elife.18782,2016-12-13,Funding award numbers
10.7554/elife.14472,2016-6-14,Funding award numbers
10.7554/elife.41178,2018-9-17,Funding award numbers
10.7554/elife.19823,2016-8-25,Funding award numbers
10.7554/elife.101790.3,2025-11-18,Funding award numbers
10.7554/elife.73186,2021-11-1,Funding award numbers
10.7554/elife.35690,2018-10-26,Funding award numbers
10.7554/elife.106768,2025-4-21,Funding award numbers
10.7554/elife.53755,2019-11-29,Funding award numbers
10.7554/elife.108701,2025-9-9,Funding award numbers
10.7554/elife.06351,2015-2-12,Funding award numbers
10.7554/elife.06782,2015-3-3,Funding award numbers
10.7554/elife.31816,2017-10-6,Funding award numbers
10.7554/elife.106286,2025-3-5,Funding award numbers
10.7554/elife.104560,2024-11-20,Funding award numbers
10.7554/elife.66506,2021-3-2,Funding award numbers
10.7554/elife.70548,2021-6-24,Funding award numbers
10.7554/elife.70947,2021-7-6,Funding award numbers
10.7554/elife.07808,2015-5-5,Funding award numbers
10.7554/elife.32016,2017-9-28,Funding award numbers
10.7554/elife.11665,2015-10-21,Funding award numbers
10.7554/elife.11509,2015-10-16,Funding award numbers
10.7554/elife.03285,2014-6-10,Funding award numbers
10.7554/elife.58592,2020-6-9,Funding award numbers
10.7554/elife.88989,2023-6-7,Funding award numbers
10.7554/elife.89023,2024-12-6,Funding award numbers
10.7554/elife.91450,2023-9-6,Funding award numbers
10.7554/elife.98891,2024-4-29,Funding award numbers
10.7554/elife.105420,2025-1-13,Funding award numbers
10.7554/elife.00866,2013-5-28,Funding award numbers
10.7554/elife.103351,2024-10-16,Funding award numbers
10.7554/elife.50761,2019-9-13,Funding award numbers
10.7554/elife.95513,2024-3-1,Funding award numbers
10.7554/elife.86758,2023-2-10,Funding award numbers
10.7554/elife.34965,2018-3-23,Funding award numbers
10.7554/elife.56640,2020-4-16,Funding award numbers
10.7554/elife.81075,2022-7-26,Funding award numbers
10.7554/elife.01515,2013-11-19,Funding award numbers
10.7554/elife.01968,2013-12-31,Funding award numbers
10.7554/elife.07178,2015-9-11,Funding award numbers
10.7554/elife.06434,2015-7-31,Funding award numbers
10.7554/elife.37059,2018-10-10,Funding award numbers
10.7554/elife.32402,2018-2-8,Funding award numbers
10.7554/elife.98593.3,2025-2-12,Funding award numbers
10.7554/elife.04586,2015-1-26,Funding award numbers
10.7554/elife.04726,2015-2-9,Funding award numbers
10.7554/elife.04105,2015-1-26,Funding award numbers
10.7554/elife.86358,2023-9-4,Funding award numbers
10.7554/elife.01567,2014-2-11,Funding award numbers
10.7554/elife.58237,2020-9-15,Funding award numbers
10.7554/elife.90029.3,2024-12-27,Funding award numbers
10.7554/elife.90133.3,2024-1-5,Funding award numbers
10.7554/elife.24896,2017-2-6,Funding award numbers
10.7554/elife.17393,2016-5-13,Funding award numbers
10.7554/elife.21070,2016-9-9,Funding award numbers
10.7554/elife.104493,2024-11-11,Funding award numbers
10.7554/elife.14592,2016-6-10,Funding award numbers
10.7554/elife.84897,2023-11-22,Funding award numbers
10.7554/elife.76825,2022-6-6,Funding award numbers
10.7554/elife.04251,2015-1-6,Funding award numbers
10.7554/elife.04581,2014-12-23,Funding award numbers
10.7554/elife.79196,2023-1-31,Funding award numbers
10.7554/elife.50980,2019-8-12,Funding award numbers
10.7554/elife.99343,2024-5-7,Funding award numbers
10.7554/elife.60401,2020-6-30,Funding award numbers
10.7554/elife.63695,2020-10-5,Funding award numbers
10.7554/elife.01221,2013-7-23,Funding award numbers
10.7554/elife.01252,2013-7-23,Funding award numbers
10.7554/elife.18706,2016-6-16,Funding award numbers
10.7554/elife.05419,2014-11-7,Funding award numbers
10.7554/elife.33173,2017-10-31,Funding award numbers
10.7554/elife.75743,2021-11-25,Funding award numbers
10.7554/elife.77794,2022-2-18,Funding award numbers
10.7554/elife.49720,2019-11-22,Funding award numbers
10.7554/elife.99602,2025-9-17,Funding award numbers
10.7554/elife.88813.4,2024-10-9,Funding award numbers
10.7554/elife.73062,2021-9-30,Funding award numbers
10.7554/elife.78360,2023-3-14,Funding award numbers
10.7554/elife.91999,2024-6-17,Funding award numbers
10.7554/elife.42315,2019-5-14,Funding award numbers
10.7554/elife.12727,2016-3-24,Funding award numbers
10.7554/elife.36852,2018-5-4,Funding award numbers
10.7554/elife.73586,2021-10-12,Funding award numbers
10.7554/elife.76475,2022-2-9,Funding award numbers
10.7554/elife.78890,2022-4-4,Funding award numbers
10.7554/elife.95362,2024-1-29,Funding award numbers
10.7554/elife.83907,2022-11-3,Funding award numbers
10.7554/elife.91145,2023-8-30,Funding award numbers
10.7554/elife.49828,2019-8-14,Funding award numbers
10.7554/elife.96304,2024-2-23,Funding award numbers
10.7554/elife.21583,2016-10-25,Funding award numbers
10.7554/elife.14076,2016-2-12,Funding award numbers
10.7554/elife.05041,2014-11-11,Funding award numbers
10.7554/elife.05218,2014-11-4,Funding award numbers
10.7554/elife.101739,2024-9-2,Funding award numbers
10.7554/elife.108102,2025-7-22,Funding award numbers
10.7554/elife.52959,2019-12-10,Funding award numbers
10.7554/elife.106702,2025-3-25,Funding award numbers
10.7554/elife.66850,2021-3-5,Funding award numbers
10.7554/elife.10054,2015-8-14,Funding award numbers
10.7554/elife.23624,2017-1-4,Funding award numbers
10.7554/elife.45974,2019-3-8,Funding award numbers
10.7554/elife.16598,2016-5-20,Funding award numbers
10.7554/elife.42676,2018-11-6,Funding award numbers
10.7554/elife.25858,2017-3-20,Funding award numbers
10.7554/elife.25412,2017-3-15,Funding award numbers
10.7554/elife.02747,2014-4-8,Funding award numbers
10.7554/elife.00605,2013-3-20,Funding award numbers
10.7554/elife.00903,2013-6-11,Funding award numbers
10.7554/elife.12100,2015-11-6,Funding award numbers
10.7554/elife.102355,2024-9-13,Funding award numbers
10.7554/elife.102425,2024-9-26,Funding award numbers
10.7554/elife.01516,2013-10-15,Funding award numbers
10.7554/elife.73723,2021-10-14,Funding award numbers
10.7554/elife.68979,2021-5-10,Funding award numbers
10.7554/elife.64587,2020-12-21,Funding award numbers
10.7554/elife.46033,2019-3-25,Funding award numbers
10.7554/elife.37288,2018-5-16,Funding award numbers
10.7554/elife.71974,2021-8-12,Funding award numbers
10.7554/elife.07420,2015-7-31,Funding award numbers
10.7554/elife.09394,2016-1-26,Funding award numbers
10.7554/elife.64951,2021-7-2,Funding award numbers
10.7554/elife.12994,2016-1-21,Funding award numbers
10.7554/elife.102573.3,2025-6-11,Funding award numbers
10.7554/elife.103220.3,2025-11-11,Funding award numbers
10.7554/elife.01140,2013-7-23,Funding award numbers
10.7554/elife.00248,2012-12-31,Funding award numbers
10.7554/elife.70838,2021-10-26,Funding award numbers
10.7554/elife.51402,2019-12-23,Funding award numbers
10.7554/elife.65532,2021-6-16,Funding award numbers
10.7554/elife.01939,2014-3-18,Funding award numbers
10.7554/elife.66039,2021-10-26,Funding award numbers
10.7554/elife.110102,2026-1-7,Funding award numbers
10.7554/elife.08758,2015-9-7,Funding award numbers
10.7554/elife.91529,2023-8-8,Funding award numbers
10.7554/elife.06740,2015-2-11,Funding award numbers
10.7554/elife.07532,2015-3-27,Funding award numbers
10.7554/elife.102872,2024-9-6,Funding award numbers
10.7554/elife.103327,2024-9-23,Funding award numbers
10.7554/elife.73737,2021-9-9,Funding award numbers
10.7554/elife.79129,2022-4-5,Funding award numbers
10.7554/elife.25157,2017-5-9,Funding award numbers
10.7554/elife.21053,2016-12-8,Funding award numbers
10.7554/elife.91532,2024-6-10,Funding award numbers
10.7554/elife.101175,2025-10-28,Funding award numbers
10.7554/elife.48145,2019-6-6,Funding award numbers
10.7554/elife.107765,2025-12-31,Funding award numbers
10.7554/elife.02777,2015-1-9,Funding award numbers
10.7554/elife.64875,2021-9-2,Funding award numbers
10.7554/elife.00281,2012-10-30,Funding award numbers
10.7554/elife.54042,2020-1-17,Funding award numbers
10.7554/elife.10479,2015-9-9,Funding award numbers
10.7554/elife.93694.3,2024-6-20,Funding award numbers
10.7554/elife.65041,2021-1-29,Funding award numbers
10.7554/elife.56276,2020-9-9,Funding award numbers
10.7554/elife.04207,2014-11-4,Funding award numbers
10.7554/elife.95545.3,2025-4-25,Funding award numbers
10.7554/elife.92339,2024-3-25,Funding award numbers
10.7554/elife.44179,2019-2-25,Funding award numbers
10.7554/elife.58360,2020-11-11,Funding award numbers
10.7554/elife.62955,2020-10-13,Funding award numbers
10.7554/elife.20899,2017-2-23,Funding award numbers
10.7554/elife.93339,2023-11-10,Funding award numbers
10.7554/elife.77875,2022-12-1,Funding award numbers
10.7554/elife.10095,2015-7-21,Funding award numbers
10.7554/elife.106163,2025-1-27,Funding award numbers
10.7554/elife.84169,2022-10-17,Funding award numbers
10.7554/elife.28567,2017-6-20,Funding award numbers
10.7554/elife.31482,2017-9-13,Funding award numbers
10.7554/elife.35768,2018-2-12,Funding award numbers
10.7554/elife.46910,2019-4-3,Funding award numbers
10.7554/elife.46993,2019-3-26,Funding award numbers
10.7554/elife.63264,2020-9-24,Funding award numbers
10.7554/elife.20070,2017-1-6,Funding award numbers
10.7554/elife.71368,2021-10-19,Funding award numbers
10.7554/elife.106119,2025-2-28,Funding award numbers
10.7554/elife.05770,2015-1-6,Funding award numbers
10.7554/elife.61397,2020-9-11,Funding award numbers
10.7554/elife.77309,2022-2-28,Funding award numbers
10.7554/elife.85166,2022-12-1,Funding award numbers
10.7554/elife.86885,2023-3-23,Funding award numbers
10.7554/elife.93122,2023-11-9,Funding award numbers
10.7554/elife.100032,2024-7-2,Funding award numbers
10.7554/elife.21863,2016-11-3,Funding award numbers
10.7554/elife.05060,2014-11-14,Funding award numbers
10.7554/elife.29942,2017-8-10,Funding award numbers
10.7554/elife.06453,2015-2-13,Funding award numbers
10.7554/elife.01270,2013-8-20,Funding award numbers
10.7554/elife.01387,2013-9-3,Funding award numbers
10.7554/elife.74331,2021-11-17,Funding award numbers
10.7554/elife.92319,2023-9-19,Funding award numbers
10.7554/elife.79182,2022-4-13,Funding award numbers
10.7554/elife.90735,2024-6-21,Funding award numbers
10.7554/elife.57242,2020-4-24,Funding award numbers
10.7554/elife.25159,2017-3-9,Funding award numbers
10.7554/elife.08366,2015-6-3,Funding award numbers
10.7554/elife.00476,2013-1-22,Funding award numbers
10.7554/elife.26397,2017-4-13,Funding award numbers
10.7554/elife.02658,2014-3-25,Funding award numbers
10.7554/elife.105191,2024-12-20,Funding award numbers
10.7554/elife.00646,2013-3-12,Funding award numbers
10.7554/elife.99765,2024-6-20,Funding award numbers
10.7554/elife.65604,2021-2-8,Funding award numbers
10.7554/elife.74634,2022-2-16,Funding award numbers
10.7554/elife.11409,2015-10-9,Funding award numbers
10.7554/elife.88459,2023-10-13,Funding award numbers
10.7554/elife.44942,2019-9-3,Funding award numbers
10.7554/elife.36273,2018-8-17,Funding award numbers
10.7554/elife.37078,2018-8-28,Funding award numbers
10.7554/elife.95524,2024-9-11,Funding award numbers
10.7554/elife.74835,2022-5-3,Funding award numbers
10.7554/elife.83561,2023-2-3,Funding award numbers
10.7554/elife.09646,2015-12-2,Funding award numbers
10.7554/elife.07301,2015-8-19,Funding award numbers
10.7554/elife.01228,2013-12-3,Funding award numbers
10.7554/elife.01386,2014-1-7,Funding award numbers
10.7554/elife.03613,2014-9-10,Funding award numbers
10.7554/elife.04180,2014-12-10,Funding award numbers
10.7554/elife.20725,2017-4-25,Funding award numbers
10.7554/elife.55133,2020-8-11,Funding award numbers
10.7554/elife.01233,2013-9-3,Funding award numbers
10.7554/elife.01388,2013-9-24,Funding award numbers
10.7554/elife.30194,2017-8-14,Funding award numbers
10.7554/elife.34396,2018-1-29,Funding award numbers
10.7554/elife.109627,2025-12-2,Funding award numbers
10.7554/elife.90964,2024-7-19,Funding award numbers
10.7554/elife.37703,2018-11-12,Funding award numbers
10.7554/elife.77539,2022-3-8,Funding award numbers
10.7554/elife.00642,2013-3-26,Funding award numbers
10.7554/elife.30280,2017-8-16,Funding award numbers
10.7554/elife.75171,2021-12-3,Funding award numbers
10.7554/elife.54582,2020-6-9,Funding award numbers
10.7554/elife.07433,2015-6-15,Funding award numbers
10.7554/elife.78248,2022-4-4,Funding award numbers
10.7554/elife.72519,2022-6-15,Funding award numbers
10.7554/elife.31476,2017-11-30,Funding award numbers
10.7554/elife.11623,2015-10-24,Funding award numbers
10.7554/elife.78385,2022-8-24,Funding award numbers
10.7554/elife.06193,2015-2-3,Funding award numbers
10.7554/elife.41602,2019-2-5,Funding award numbers
10.7554/elife.77202,2022-2-22,Funding award numbers
10.7554/elife.02726,2014-9-30,Funding award numbers
10.7554/elife.02397,2014-5-21,Funding award numbers
10.7554/elife.62953,2020-10-20,Funding award numbers
10.7554/elife.62529,2020-11-19,Funding award numbers
10.7554/elife.56501,2020-4-23,Funding award numbers
10.7554/elife.24052,2017-1-19,Funding award numbers
10.7554/elife.25051,2017-3-28,Funding award numbers
10.7554/elife.30333,2017-10-23,Funding award numbers
10.7554/elife.78830,2022-8-8,Funding award numbers
10.7554/elife.00308,2013-1-22,Funding award numbers
10.7554/elife.18260,2016-10-25,Funding award numbers
10.7554/elife.03811,2014-8-5,Funding award numbers
10.7554/elife.00577,2013-3-8,Funding award numbers
10.7554/elife.08659,2015-6-5,Funding award numbers
10.7554/elife.108249,2025-8-11,Funding award numbers
10.7554/elife.63906,2021-1-8,Funding award numbers
10.7554/elife.86190,2023-12-20,Funding award numbers
10.7554/elife.45183,2019-6-11,Funding award numbers
10.7554/elife.24879,2017-1-19,Funding award numbers
10.7554/elife.32516,2017-10-5,Funding award numbers
10.7554/elife.01328,2013-8-28,Funding award numbers
10.7554/elife.01816,2013-11-7,Funding award numbers
10.7554/elife.11349,2015-12-3,Funding award numbers
10.7554/elife.78825,2022-4-1,Funding award numbers
10.7554/elife.101019,2024-7-4,Funding award numbers
10.7554/elife.103865,2024-10-3,Funding award numbers
10.7554/elife.104349,2024-10-15,Funding award numbers
10.7554/elife.53217,2019-11-4,Funding award numbers
10.7554/elife.54328,2019-12-11,Funding award numbers
10.7554/elife.57036,2020-3-23,Funding award numbers
10.7554/elife.66683,2021-1-25,Funding award numbers
10.7554/elife.85743,2023-8-18,Funding award numbers
10.7554/elife.29056,2017-7-3,Funding award numbers
10.7554/elife.26243,2017-6-1,Funding award numbers
10.7554/elife.16748,2016-11-23,Funding award numbers
10.7554/elife.00791,2013-4-30,Funding award numbers
10.7554/elife.87366,2023-3-16,Funding award numbers
10.7554/elife.70298,2021-6-17,Funding award numbers
10.7554/elife.83488,2022-10-25,Funding award numbers
10.7554/elife.02171,2014-2-11,Funding award numbers
10.7554/elife.00352,2012-12-18,Funding award numbers
10.7554/elife.101093,2024-8-22,Funding award numbers
10.7554/elife.09315,2015-7-9,Funding award numbers
10.7554/elife.00676,2013-4-16,Funding award numbers
10.7554/elife.103140,2024-10-18,Funding award numbers
10.7554/elife.13093,2015-12-23,Funding award numbers
10.7554/elife.09790,2015-7-29,Funding award numbers
10.7554/elife.87444,2023-4-4,Funding award numbers
10.7554/elife.64380,2020-12-3,Funding award numbers
10.7554/elife.40271,2018-8-24,Funding award numbers
10.7554/elife.22215,2016-11-15,Funding award numbers
10.7554/elife.04869,2014-10-29,Funding award numbers
10.7554/elife.15938,2016-4-13,Funding award numbers
10.7554/elife.63128,2020-10-12,Funding award numbers
10.7554/elife.42976,2018-11-28,Funding award numbers
10.7554/elife.51206,2019-9-25,Funding award numbers
10.7554/elife.42507,2018-11-14,Funding award numbers
10.7554/elife.43173,2019-1-30,Funding award numbers
10.7554/elife.89468,2023-6-26,Funding award numbers
10.7554/elife.99318,2024-6-7,Funding award numbers
10.7554/elife.102428,2024-8-27,Funding award numbers
10.7554/elife.01587,2013-11-12,Funding award numbers
10.7554/elife.104965,2024-12-9,Funding award numbers
10.7554/elife.56234,2020-4-23,Funding award numbers
10.7554/elife.100251,2024-7-16,Funding award numbers
10.7554/elife.51289,2019-10-1,Funding award numbers
10.7554/elife.98918,2024-5-30,Funding award numbers
10.7554/elife.43808,2019-3-12,Funding award numbers
10.7554/elife.01775,2014-1-28,Funding award numbers
10.7554/elife.04506,2014-12-15,Funding award numbers
10.7554/elife.07322,2015-3-31,Funding award numbers
10.7554/elife.92941.3,2024-6-19,Funding award numbers
10.7554/elife.07539,2015-11-27,Funding award numbers
10.7554/elife.75174,2021-12-7,Funding award numbers
10.7554/elife.79627,2022-5-3,Funding award numbers
10.7554/elife.54296,2020-1-24,Funding award numbers
10.7554/elife.08715,2015-6-16,Funding award numbers
10.7554/elife.61148,2020-8-25,Funding award numbers
10.7554/elife.58169,2020-5-26,Funding award numbers
10.7554/elife.33511,2018-1-16,Funding award numbers
10.7554/elife.26787,2017-6-22,Funding award numbers
10.7554/elife.99602.4,2025-9-17,Funding award numbers
10.7554/elife.95170,2024-11-13,Funding award numbers
10.7554/elife.10279,2015-10-22,Funding award numbers
10.7554/elife.84553.2,2023-12-28,Funding award numbers
10.7554/elife.32032,2017-12-14,Funding award numbers
10.7554/elife.89315,2024-4-2,Funding award numbers
10.7554/elife.50776,2019-11-12,Funding award numbers
10.7554/elife.65066,2021-2-22,Funding award numbers
10.7554/elife.01296,2013-10-1,Funding award numbers
10.7554/elife.02805,2014-5-29,Funding award numbers
10.7554/elife.12366,2016-3-15,Funding award numbers
10.7554/elife.11414,2016-3-21,Funding award numbers
10.7554/elife.11999,2016-2-17,Funding award numbers
10.7554/elife.11475,2016-9-29,Funding award numbers
10.7554/elife.84151,2023-3-28,Funding award numbers
10.7554/elife.56996,2020-8-26,Funding award numbers
10.7554/elife.61409,2021-2-17,Funding award numbers
10.7554/elife.68353,2021-4-27,Funding award numbers
10.7554/elife.104956,2025-9-30,Funding award numbers
10.7554/elife.90133,2024-1-5,Funding award numbers
10.7554/elife.04234,2014-9-2,Funding award numbers
10.7554/elife.107787,2025-7-3,Funding award numbers
10.7554/elife.106351,2025-3-3,Funding award numbers
10.7554/elife.34364,2018-10-8,Funding award numbers
10.7554/elife.96413,2024-2-29,Funding award numbers
10.7554/elife.91999.3,2024-6-17,Funding award numbers
10.7554/elife.54186,2020-5-27,Funding award numbers
10.7554/elife.88367.3,2023-12-1,Funding award numbers
10.7554/elife.88540.4,2025-5-14,Funding award numbers
10.7554/elife.99302.4,2025-7-28,Funding award numbers
10.7554/elife.70843,2021-11-8,Funding award numbers
10.7554/elife.82748,2023-6-13,Funding award numbers
10.7554/elife.00640,2013-6-11,Funding award numbers
10.7554/elife.02938,2014-6-10,Funding award numbers
10.7554/elife.04363,2015-2-25,Funding award numbers
10.7554/elife.21170,2016-11-24,Funding award numbers
10.7554/elife.74549,2022-5-19,Funding award numbers
10.7554/elife.29089,2017-10-23,Funding award numbers
10.7554/elife.02001,2014-4-29,Funding award numbers
10.7554/elife.01514,2013-10-15,Funding award numbers
10.7554/elife.72000,2021-8-12,Funding award numbers
10.7554/elife.21236,2016-10-11,Funding award numbers
10.7554/elife.35111,2018-3-1,Funding award numbers
10.7554/elife.22256,2016-11-29,Funding award numbers
10.7554/elife.100373,2024-7-17,Funding award numbers
10.7554/elife.36064,2018-3-21,Funding award numbers
10.7554/elife.48340,2019-6-14,Funding award numbers
10.7554/elife.02583,2014-3-25,Funding award numbers
10.7554/elife.08077,2015-9-19,Funding award numbers
10.7554/elife.12397,2016-2-1,Funding award numbers
10.7554/elife.82643,2022-8-22,Funding award numbers
10.7554/elife.30734,2017-9-8,Funding award numbers
10.7554/elife.43339,2018-12-4,Funding award numbers
10.7554/elife.38209,2018-6-20,Funding award numbers
10.7554/elife.10233,2015-8-25,Funding award numbers
10.7554/elife.106854,2025-4-30,Funding award numbers
10.7554/elife.93328,2023-10-12,Funding award numbers
10.7554/elife.62534,2020-9-29,Funding award numbers
10.7554/elife.67269,2021-3-10,Funding award numbers
10.7554/elife.81306,2022-7-28,Funding award numbers
10.7554/elife.81548,2022-7-11,Funding award numbers
10.7554/elife.92076,2023-9-12,Funding award numbers
10.7554/elife.07604,2015-4-17,Funding award numbers
10.7554/elife.11375,2015-10-16,Funding award numbers
10.7554/elife.00450,2013-1-8,Funding award numbers
10.7554/elife.101013,2024-7-31,Funding award numbers
10.7554/elife.38959,2018-7-19,Funding award numbers
10.7554/elife.09353,2015-7-22,Funding award numbers
10.7554/elife.16393,2016-5-9,Funding award numbers
10.7554/elife.57032,2020-3-27,Funding award numbers
10.7554/elife.91985,2024-2-23,Funding award numbers
10.7554/elife.84630.3,2023-6-26,Funding award numbers
10.7554/elife.93183.3,2025-1-9,Funding award numbers
10.7554/elife.14383,2016-1-27,Funding award numbers
10.7554/elife.15743,2016-3-23,Funding award numbers
10.7554/elife.06959,2015-5-22,Funding award numbers
10.7554/elife.08245,2015-9-3,Funding award numbers
10.7554/elife.29849,2017-6-27,Funding award numbers
10.7554/elife.44814,2019-1-8,Funding award numbers
10.7554/elife.88685,2023-4-19,Funding award numbers
10.7554/elife.64094,2020-10-22,Funding award numbers
10.7554/elife.19568,2016-12-14,Funding award numbers
10.7554/elife.69430,2022-7-5,Funding award numbers
10.7554/elife.83524,2023-3-10,Funding award numbers
10.7554/elife.32536,2018-9-7,Funding award numbers
10.7554/elife.86556,2023-5-19,Funding award numbers
10.7554/elife.81248,2022-10-26,Funding award numbers
10.7554/elife.35987,2018-6-19,Funding award numbers
10.7554/elife.42368,2018-10-22,Funding award numbers
10.7554/elife.50541,2019-12-2,Funding award numbers
10.7554/elife.77460,2022-12-8,Funding award numbers
10.7554/elife.46615,2019-7-31,Funding award numbers
10.7554/elife.85671,2023-2-16,Funding award numbers
10.7554/elife.02951,2014-8-19,Funding award numbers
10.7554/elife.09186,2015-12-8,Funding award numbers
10.7554/elife.05401,2014-12-23,Funding award numbers
10.7554/elife.19593,2016-11-29,Funding award numbers
10.7554/elife.77514,2023-6-9,Funding award numbers
10.7554/elife.108470,2025-8-13,Funding award numbers
10.7554/elife.38578,2018-6-29,Funding award numbers
10.7554/elife.92775,2024-11-25,Funding award numbers
10.7554/elife.90407,2023-7-21,Funding award numbers
10.7554/elife.94382,2023-12-7,Funding award numbers
10.7554/elife.02088,2014-1-21,Funding award numbers
10.7554/elife.102833,2024-10-7,Funding award numbers
10.7554/elife.33792,2018-1-8,Funding award numbers
10.7554/elife.01494,2013-10-8,Funding award numbers
10.7554/elife.01680,2013-12-3,Funding award numbers
10.7554/elife.106581,2025-3-31,Funding award numbers
10.7554/elife.81108,2022-7-27,Funding award numbers
10.7554/elife.54467,2020-1-7,Funding award numbers
10.7554/elife.63385,2020-11-3,Funding award numbers
10.7554/elife.73378,2021-9-29,Funding award numbers
10.7554/elife.73380,2021-9-29,Funding award numbers
10.7554/elife.78930,2022-4-27,Funding award numbers
10.7554/elife.74096,2021-11-5,Funding award numbers
10.7554/elife.83251,2022-10-12,Funding award numbers
10.7554/elife.41912,2018-10-16,Funding award numbers
10.7554/elife.45580,2019-3-5,Funding award numbers
10.7554/elife.36786,2018-4-16,Funding award numbers
10.7554/elife.104070,2024-10-10,Funding award numbers
10.7554/elife.86132,2024-4-30,Funding award numbers
10.7554/elife.55502,2020-7-27,Funding award numbers
10.7554/elife.37833,2018-5-4,Funding award numbers
10.7554/elife.44302,2018-12-21,Funding award numbers
10.7554/elife.69853,2021-4-29,Funding award numbers
10.7554/elife.29793,2018-4-17,Funding award numbers
10.7554/elife.26902,2017-3-27,Funding award numbers
10.7554/elife.09169,2015-6-8,Funding award numbers
10.7554/elife.98211,2024-4-25,Funding award numbers
10.7554/elife.56553,2020-3-5,Funding award numbers
10.7554/elife.28212,2017-5-4,Funding award numbers
10.7554/elife.77092,2022-1-28,Funding award numbers
10.7554/elife.77978,2022-3-24,Funding award numbers
10.7554/elife.06995,2015-3-12,Funding award numbers
10.7554/elife.31106,2017-9-11,Funding award numbers
10.7554/elife.72978,2021-9-22,Funding award numbers
10.7554/elife.06837,2015-3-9,Funding award numbers
10.7554/elife.103220,2025-11-11,Funding award numbers
10.7554/elife.90533,2023-7-5,Funding award numbers
10.7554/elife.82391,2022-9-13,Funding award numbers
10.7554/elife.102550,2025-6-20,Funding award numbers
10.7554/elife.95170.3,2024-11-13,Funding award numbers
10.7554/elife.99478.3,2025-6-23,Funding award numbers
10.7554/elife.92940,2024-11-25,Funding award numbers
10.7554/elife.82584,2023-3-17,Funding award numbers
10.7554/elife.56651,2020-10-19,Funding award numbers
10.7554/elife.27159,2017-8-10,Funding award numbers
10.7554/elife.21843,2017-1-6,Funding award numbers
10.7554/elife.63524,2021-2-19,Funding award numbers
10.7554/elife.51990,2019-11-5,Funding award numbers
10.7554/elife.51029,2019-12-16,Funding award numbers
10.7554/elife.74207,2022-8-9,Funding award numbers
10.7554/elife.12748,2016-1-23,Funding award numbers
10.7554/elife.37513,2018-12-21,Funding award numbers
10.7554/elife.102187,2024-9-23,Funding award numbers
10.7554/elife.00573,2013-2-19,Funding award numbers
10.7554/elife.57495,2020-6-24,Funding award numbers
10.7554/elife.40092,2019-2-12,Funding award numbers
10.7554/elife.43514,2019-2-20,Funding award numbers
10.7554/elife.49305,2019-12-4,Funding award numbers
10.7554/elife.27595,2017-10-30,Funding award numbers
10.7554/elife.73225,2022-4-11,Funding award numbers
10.7554/elife.74756,2022-3-31,Funding award numbers
10.7554/elife.95103,2024-1-25,Funding award numbers
10.7554/elife.00873,2013-5-21,Funding award numbers
10.7554/elife.09944,2015-7-23,Funding award numbers
10.7554/elife.74981,2021-11-5,Funding award numbers
10.7554/elife.13977,2016-2-3,Funding award numbers
10.7554/elife.101446,2024-8-19,Funding award numbers
10.7554/elife.103535,2024-10-28,Funding award numbers
10.7554/elife.05169,2015-1-9,Funding award numbers
10.7554/elife.16019,2016-4-12,Funding award numbers
10.7554/elife.23447,2016-12-23,Funding award numbers
10.7554/elife.31808,2017-10-10,Funding award numbers
10.7554/elife.104715,2024-12-3,Funding award numbers
10.7554/elife.85437,2023-1-24,Funding award numbers
10.7554/elife.77749,2022-3-18,Funding award numbers
10.7554/elife.79125,2022-5-19,Funding award numbers
10.7554/elife.83482,2022-10-19,Funding award numbers
10.7554/elife.48999,2019-7-15,Funding award numbers
10.7554/elife.49211,2019-7-26,Funding award numbers
10.7554/elife.32015,2017-9-28,Funding award numbers
10.7554/elife.107379,2025-5-29,Funding award numbers
10.7554/elife.02386,2014-3-4,Funding award numbers
10.7554/elife.26260,2017-3-28,Funding award numbers
10.7554/elife.21230,2016-9-29,Funding award numbers
10.7554/elife.12481,2016-1-25,Funding award numbers
10.7554/elife.21072,2016-9-23,Funding award numbers
10.7554/elife.40034,2018-8-21,Funding award numbers
10.7554/elife.88396,2023-5-11,Funding award numbers
10.7554/elife.12708,2015-11-11,Funding award numbers
10.7554/elife.89321,2024-2-26,Funding award numbers
10.7554/elife.105287.3,2026-1-8,Funding award numbers
10.7554/elife.11572,2016-2-29,Funding award numbers
10.7554/elife.20383,2017-2-14,Funding award numbers
10.7554/elife.89947,2024-5-9,Funding award numbers
10.7554/elife.59828,2021-8-3,Funding award numbers
10.7554/elife.04741,2014-9-18,Funding award numbers
10.7554/elife.12810,2015-11-6,Funding award numbers
10.7554/elife.22300,2016-10-19,Funding award numbers
10.7554/elife.22495,2016-10-19,Funding award numbers
10.7554/elife.25460,2017-1-31,Funding award numbers
10.7554/elife.39944,2018-12-11,Funding award numbers
10.7554/elife.08168,2015-4-22,Funding award numbers
10.7554/elife.08663,2015-5-28,Funding award numbers
10.7554/elife.107055,2025-4-3,Funding award numbers
10.7554/elife.75278,2021-11-29,Funding award numbers
10.7554/elife.84187,2022-10-20,Funding award numbers
10.7554/elife.85738,2023-1-3,Funding award numbers
10.7554/elife.93941,2023-11-1,Funding award numbers
10.7554/elife.01345,2013-11-19,Funding award numbers
10.7554/elife.91826.3,2024-3-6,Funding award numbers
10.7554/elife.26177,2017-5-16,Funding award numbers
10.7554/elife.43421,2018-12-18,Funding award numbers
10.7554/elife.108870,2025-9-16,Funding award numbers
10.7554/elife.55216,2020-2-25,Funding award numbers
10.7554/elife.82635,2022-9-20,Funding award numbers
10.7554/elife.93273,2024-8-13,Funding award numbers
10.7554/elife.87771,2023-4-21,Funding award numbers
10.7554/elife.13125,2016-4-12,Funding award numbers
10.7554/elife.55429,2020-3-3,Funding award numbers
10.7554/elife.12993,2016-4-29,Funding award numbers
10.7554/elife.96693,2025-5-21,Funding award numbers
10.7554/elife.27438,2017-6-29,Funding award numbers
10.7554/elife.97465.3,2024-12-23,Funding award numbers
10.7554/elife.05958,2015-5-20,Funding award numbers
10.7554/elife.08942,2015-7-31,Funding award numbers
10.7554/elife.81116,2022-9-2,Funding award numbers
10.7554/elife.54969,2020-2-11,Funding award numbers
10.7554/elife.82873,2022-9-23,Funding award numbers
10.7554/elife.50566,2019-11-13,Funding award numbers
10.7554/elife.45559,2019-6-7,Funding award numbers
10.7554/elife.01136,2013-7-23,Funding award numbers
10.7554/elife.80529,2023-2-28,Funding award numbers
10.7554/elife.63512,2021-3-11,Funding award numbers
10.7554/elife.108748.4,2025-12-23,Funding award numbers
10.7554/elife.17056,2016-8-3,Funding award numbers
10.7554/elife.51771,2020-2-5,Funding award numbers
10.7554/elife.06068,2015-4-7,Funding award numbers
10.7554/elife.48084,2019-6-10,Funding award numbers
10.7554/elife.00953,2013-7-23,Funding award numbers
10.7554/elife.82980,2023-1-19,Funding award numbers
10.7554/elife.73651,2022-2-17,Funding award numbers
10.7554/elife.94587,2024-11-26,Funding award numbers
10.7554/elife.93589,2025-9-12,Funding award numbers
10.7554/elife.99200,2025-6-3,Funding award numbers
10.7554/elife.99200.4,2025-6-3,Funding award numbers
10.7554/elife.35828,2018-5-29,Funding award numbers
10.7554/elife.106249.3,2025-10-13,Funding award numbers
10.7554/elife.12052,2016-3-1,Funding award numbers
10.7554/elife.16931,2016-6-16,Funding award numbers
10.7554/elife.110271,2026-1-13,Funding award numbers
10.7554/elife.61599,2020-9-14,Funding award numbers
10.7554/elife.32473,2017-10-30,Funding award numbers
10.7554/elife.00386,2012-12-18,Funding award numbers
10.7554/elife.11709,2015-10-21,Funding award numbers
10.7554/elife.11326,2015-10-7,Funding award numbers
10.7554/elife.08679,2015-6-23,Funding award numbers
10.7554/elife.20314,2016-9-6,Funding award numbers
10.7554/elife.21263,2016-10-11,Funding award numbers
10.7554/elife.13788,2016-2-2,Funding award numbers
10.7554/elife.99560,2024-6-10,Funding award numbers
10.7554/elife.58965,2020-6-22,Funding award numbers
10.7554/elife.00958,2013-6-25,Funding award numbers
10.7554/elife.83789,2022-11-2,Funding award numbers
10.7554/elife.88052,2023-5-25,Funding award numbers
10.7554/elife.54767,2020-2-24,Funding award numbers
10.7554/elife.81520,2022-8-5,Funding award numbers
10.7554/elife.63845,2020-11-17,Funding award numbers
10.7554/elife.55396,2020-2-27,Funding award numbers
10.7554/elife.50815,2019-9-17,Funding award numbers
10.7554/elife.82928,2022-9-21,Funding award numbers
10.7554/elife.103660.3,2025-9-23,Funding award numbers
10.7554/elife.71920,2022-10-11,Funding award numbers
10.7554/elife.34901,2018-2-21,Funding award numbers
10.7554/elife.71121,2021-8-4,Funding award numbers
10.7554/elife.97633,2024-4-15,Funding award numbers
10.7554/elife.94760,2023-12-20,Funding award numbers
10.7554/elife.15438,2016-3-31,Funding award numbers
10.7554/elife.00340,2012-12-13,Funding award numbers
10.7554/elife.18707,2016-7-15,Funding award numbers
10.7554/elife.47523,2019-5-14,Funding award numbers
10.7554/elife.79839,2022-6-1,Funding award numbers
10.7554/elife.106701,2025-3-27,Funding award numbers
10.7554/elife.100755,2024-7-17,Funding award numbers
10.7554/elife.106308,2025-11-17,Funding award numbers
10.7554/elife.33219,2017-12-4,Funding award numbers
10.7554/elife.64948,2020-12-23,Funding award numbers
10.7554/elife.64228,2020-11-26,Funding award numbers
10.7554/elife.93490,2023-11-24,Funding award numbers
10.7554/elife.04186,2015-3-17,Funding award numbers
10.7554/elife.101583.3,2025-7-28,Funding award numbers
10.7554/elife.107093.3,2025-8-22,Funding award numbers
10.7554/elife.24063,2017-7-11,Funding award numbers
10.7554/elife.59328,2020-8-4,Funding award numbers
10.7554/elife.06847,2015-5-5,Funding award numbers
10.7554/elife.07897,2016-4-5,Funding award numbers
10.7554/elife.98405,2025-1-24,Funding award numbers
10.7554/elife.46551,2019-5-30,Funding award numbers
10.7554/elife.106553,2025-4-2,Funding award numbers
10.7554/elife.27692,2017-8-15,Funding award numbers
10.7554/elife.13035,2015-12-30,Funding award numbers
10.7554/elife.06034,2015-4-14,Funding award numbers
10.7554/elife.108426,2025-9-1,Funding award numbers
10.7554/elife.97277,2024-4-5,Funding award numbers
10.7554/elife.91469,2024-1-15,Funding award numbers
10.7554/elife.26402,2017-4-13,Funding award numbers
10.7554/elife.23383,2017-1-19,Funding award numbers
10.7554/elife.53518,2020-4-7,Funding award numbers
10.7554/elife.62574,2021-2-17,Funding award numbers
10.7554/elife.14193,2016-8-15,Funding award numbers
10.7554/elife.02950,2014-9-25,Funding award numbers
10.7554/elife.18898,2016-8-30,Funding award numbers
10.7554/elife.105750,2024-12-20,Funding award numbers
10.7554/elife.106301,2025-2-7,Funding award numbers
10.7554/elife.79782,2022-5-4,Funding award numbers
10.7554/elife.99599,2024-5-10,Funding award numbers
10.7554/elife.22475,2016-10-24,Funding award numbers
10.7554/elife.34572,2018-1-8,Funding award numbers
10.7554/elife.85158,2022-11-28,Funding award numbers
10.7554/elife.36711,2018-5-4,Funding award numbers
10.7554/elife.56997,2020-3-18,Funding award numbers
10.7554/elife.48469,2019-9-13,Funding award numbers
10.7554/elife.50016,2019-8-1,Funding award numbers
10.7554/elife.33650,2017-12-5,Funding award numbers
10.7554/elife.103059,2024-10-21,Funding award numbers
10.7554/elife.96836,2024-3-15,Funding award numbers
10.7554/elife.38895,2018-7-31,Funding award numbers
10.7554/elife.101618,2024-7-31,Funding award numbers
10.7554/elife.14576,2016-3-1,Funding award numbers
10.7554/elife.36489,2018-4-23,Funding award numbers
10.7554/elife.46651,2019-4-10,Funding award numbers
10.7554/elife.43512,2018-11-30,Funding award numbers
10.7554/elife.46561,2019-5-3,Funding award numbers
10.7554/elife.02087,2014-2-4,Funding award numbers
10.7554/elife.02715,2014-4-8,Funding award numbers
10.7554/elife.62694,2020-10-16,Funding award numbers
10.7554/elife.63585,2020-11-17,Funding award numbers
10.7554/elife.83296,2022-10-11,Funding award numbers
10.7554/elife.92403,2023-9-5,Funding award numbers
10.7554/elife.102573,2025-6-11,Funding award numbers
10.7554/elife.50626,2019-9-3,Funding award numbers
10.7554/elife.66676,2021-2-23,Funding award numbers
10.7554/elife.57515,2020-5-19,Funding award numbers
10.7554/elife.29586,2017-7-14,Funding award numbers
10.7554/elife.08773,2015-6-16,Funding award numbers
10.7554/elife.61820,2020-9-16,Funding award numbers
10.7554/elife.14790,2016-3-7,Funding award numbers
10.7554/elife.109320,2025-10-30,Funding award numbers
10.7554/elife.10504,2015-9-1,Funding award numbers
10.7554/elife.03981,2014-12-10,Funding award numbers
10.7554/elife.17044,2017-1-19,Funding award numbers
10.7554/elife.101626.3,2025-4-7,Funding award numbers
10.7554/elife.11092,2015-10-6,Funding award numbers
10.7554/elife.101186.3,2025-5-6,Funding award numbers
10.7554/elife.23699,2017-6-7,Funding award numbers
10.7554/elife.44766,2019-4-26,Funding award numbers
10.7554/elife.21634,2017-1-19,Funding award numbers
10.7554/elife.99473.5,2025-7-21,Funding award numbers
10.7554/elife.89287,2024-2-22,Funding award numbers
10.7554/elife.58971,2021-8-4,Funding award numbers
10.7554/elife.58567,2020-8-25,Funding award numbers
10.7554/elife.13063,2016-4-19,Funding award numbers
10.7554/elife.70931,2021-9-30,Funding award numbers
10.7554/elife.02730,2014-5-27,Funding award numbers
10.7554/elife.93191.4,2025-6-20,Funding award numbers
10.7554/elife.46827,2019-9-20,Funding award numbers
10.7554/elife.27119,2017-11-8,Funding award numbers
10.7554/elife.74664,2022-11-29,Funding award numbers
10.7554/elife.67173,2021-4-13,Funding award numbers
10.7554/elife.44452,2019-7-9,Funding award numbers
10.7554/elife.106686,2025-4-14,Funding award numbers
10.7554/elife.34414,2018-7-26,Funding award numbers
10.7554/elife.23043,2017-4-25,Funding award numbers
10.7554/elife.94608,2024-7-4,Funding award numbers
10.7554/elife.63632,2021-4-9,Funding award numbers
10.7554/elife.22280,2016-11-19,Funding award numbers
10.7554/elife.35336,2018-3-7,Funding award numbers
10.7554/elife.85550,2023-7-11,Funding award numbers
10.7554/elife.10222,2015-12-10,Funding award numbers
10.7554/elife.34272,2018-6-26,Funding award numbers
10.7554/elife.47084,2019-8-27,Funding award numbers
10.7554/elife.106198,2025-2-3,Funding award numbers
10.7554/elife.72022,2021-7-9,Funding award numbers
10.7554/elife.01114,2013-7-2,Funding award numbers
10.7554/elife.26528,2017-3-8,Funding award numbers
10.7554/elife.31512,2017-9-7,Funding award numbers
10.7554/elife.31550,2017-10-9,Funding award numbers
10.7554/elife.83277,2022-9-14,Funding award numbers
10.7554/elife.86893,2023-2-23,Funding award numbers
10.7554/elife.87987,2023-3-22,Funding award numbers
10.7554/elife.37316,2018-4-10,Funding award numbers
10.7554/elife.38361,2018-5-16,Funding award numbers
10.7554/elife.48778,2019-5-28,Funding award numbers
10.7554/elife.51742,2019-9-11,Funding award numbers
10.7554/elife.91539,2023-8-2,Funding award numbers
10.7554/elife.57666,2020-4-16,Funding award numbers
10.7554/elife.70755,2021-5-28,Funding award numbers
10.7554/elife.81843,2023-2-6,Funding award numbers
10.7554/elife.63509,2021-1-21,Funding award numbers
10.7554/elife.18073,2016-8-9,Funding award numbers
10.7554/elife.106710,2025-3-25,Funding award numbers
10.7554/elife.23496,2017-5-22,Funding award numbers
10.7554/elife.03703,2014-8-19,Funding award numbers
10.7554/elife.00886,2013-8-27,Funding award numbers
10.7554/elife.85878,2023-7-25,Funding award numbers
10.7554/elife.32330,2017-11-1,Funding award numbers
10.7554/elife.35246,2018-2-27,Funding award numbers
10.7554/elife.96139,2024-2-9,Funding award numbers
10.7554/elife.16761,2016-9-13,Funding award numbers
10.7554/elife.80711,2022-6-28,Funding award numbers
10.7554/elife.01779,2013-12-3,Funding award numbers
10.7554/elife.20686,2016-9-20,Funding award numbers
10.7554/elife.71683,2021-11-9,Funding award numbers
10.7554/elife.72602,2022-7-7,Funding award numbers
10.7554/elife.21673,2017-1-13,Funding award numbers
10.7554/elife.11273,2016-2-10,Funding award numbers
10.7554/elife.87730.3,2024-3-27,Funding award numbers
10.7554/elife.84349,2025-2-26,Funding award numbers
10.7554/elife.89263,2024-2-7,Funding award numbers
10.7554/elife.89947.3,2024-5-9,Funding award numbers
10.7554/elife.03575,2014-7-8,Funding award numbers
10.7554/elife.12386,2015-12-15,Funding award numbers
10.7554/elife.39664,2018-8-6,Funding award numbers
10.7554/elife.106980,2025-5-2,Funding award numbers
10.7554/elife.07431,2015-4-16,Funding award numbers
10.7554/elife.62104,2020-9-1,Funding award numbers
10.7554/elife.57668,2020-5-28,Funding award numbers
10.7554/elife.74912,2021-12-9,Funding award numbers
10.7554/elife.83254,2022-10-7,Funding award numbers
10.7554/elife.67634,2021-3-23,Funding award numbers
10.7554/elife.59379,2020-6-30,Funding award numbers
10.7554/elife.63871,2020-11-10,Funding award numbers
10.7554/elife.84142,2022-11-24,Funding award numbers
10.7554/elife.89112,2023-6-12,Funding award numbers
10.7554/elife.35663,2018-3-1,Funding award numbers
10.7554/elife.14955,2016-3-15,Funding award numbers
10.7554/elife.30183,2017-7-11,Funding award numbers
10.7554/elife.16846,2016-5-18,Funding award numbers
10.7554/elife.82221,2022-9-2,Funding award numbers
10.7554/elife.16964,2016-5-13,Funding award numbers
10.7554/elife.37732,2018-5-29,Funding award numbers
10.7554/elife.60912,2020-8-11,Funding award numbers
10.7554/elife.65676,2021-2-2,Funding award numbers
10.7554/elife.56833,2020-4-27,Funding award numbers
10.7554/elife.69398,2021-7-22,Funding award numbers
10.7554/elife.27894,2017-5-23,Funding award numbers
10.7554/elife.90017,2023-7-10,Funding award numbers
10.7554/elife.80009,2022-9-2,Funding award numbers
10.7554/elife.69456,2021-9-13,Funding award numbers
10.7554/elife.00429,2013-5-21,Funding award numbers
10.7554/elife.97360,2024-2-29,Funding award numbers
10.7554/elife.80488,2022-6-22,Funding award numbers
10.7554/elife.04634,2015-3-10,Funding award numbers
10.7554/elife.56664,2020-8-25,Funding award numbers
10.7554/elife.90695.3,2024-11-8,Funding award numbers
10.7554/elife.58989,2020-6-8,Funding award numbers
10.7554/elife.102550.3,2025-6-20,Funding award numbers
10.7554/elife.74135,2021-11-2,Funding award numbers
10.7554/elife.20488,2017-3-15,Funding award numbers
10.7554/elife.70327,2021-6-16,Funding award numbers
10.7554/elife.00533,2013-9-10,Funding award numbers
10.7554/elife.04371,2014-8-22,Funding award numbers
10.7554/elife.108912,2025-8-20,Funding award numbers
10.7554/elife.11547,2015-9-22,Funding award numbers
10.7554/elife.104341,2024-11-11,Funding award numbers
10.7554/elife.107369,2025-5-2,Funding award numbers
10.7554/elife.43690,2018-11-16,Funding award numbers
10.7554/elife.58195,2020-4-27,Funding award numbers
10.7554/elife.62455,2021-1-19,Funding award numbers
10.7554/elife.74730,2021-10-19,Funding award numbers
10.7554/elife.76247,2021-12-15,Funding award numbers
10.7554/elife.77377,2022-1-27,Funding award numbers
10.7554/elife.26811,2017-3-15,Funding award numbers
10.7554/elife.28205,2017-5-5,Funding award numbers
10.7554/elife.27810,2017-7-7,Funding award numbers
10.7554/elife.46668,2019-9-11,Funding award numbers
10.7554/elife.38297,2018-6-15,Funding award numbers
10.7554/elife.45426,2019-6-19,Funding award numbers
10.7554/elife.03115,2014-9-16,Funding award numbers
10.7554/elife.88367,2023-12-1,Funding award numbers
10.7554/elife.90454,2024-8-27,Funding award numbers
10.7554/elife.42940,2019-1-9,Funding award numbers
10.7554/elife.37701,2018-10-30,Funding award numbers
10.7554/elife.04603,2014-9-30,Funding award numbers
10.7554/elife.105511,2025-1-27,Funding award numbers
10.7554/elife.01403,2013-9-28,Funding award numbers
10.7554/elife.77349,2022-3-8,Funding award numbers
10.7554/elife.16798,2016-5-18,Funding award numbers
10.7554/elife.101779,2025-6-10,Funding award numbers
10.7554/elife.16156,2016-4-28,Funding award numbers
10.7554/elife.16209,2016-4-29,Funding award numbers
10.7554/elife.78246,2022-4-5,Funding award numbers
10.7554/elife.69657,2021-5-26,Funding award numbers
10.7554/elife.60600,2020-8-5,Funding award numbers
10.7554/elife.73739,2021-10-18,Funding award numbers
10.7554/elife.79813,2022-5-30,Funding award numbers
10.7554/elife.107575,2025-6-30,Funding award numbers
10.7554/elife.11399,2015-10-6,Funding award numbers
10.7554/elife.26401,2017-4-12,Funding award numbers
10.7554/elife.03374,2014-6-17,Funding award numbers
10.7554/elife.57481,2020-5-6,Funding award numbers
10.7554/elife.52805,2019-11-14,Funding award numbers
10.7554/elife.66591,2021-2-12,Funding award numbers
10.7554/elife.92482,2023-10-11,Funding award numbers
10.7554/elife.97559,2025-1-29,Funding award numbers
10.7554/elife.15963,2016-4-21,Funding award numbers
10.7554/elife.03068,2014-5-20,Funding award numbers
10.7554/elife.82028,2022-8-30,Funding award numbers
10.7554/elife.27563,2017-5-17,Funding award numbers
10.7554/elife.105864,2025-11-6,Funding award numbers
10.7554/elife.103660,2025-9-23,Funding award numbers
10.7554/elife.105065,2025-9-12,Funding award numbers
10.7554/elife.16758,2016-5-17,Funding award numbers
10.7554/elife.46757,2019-4-25,Funding award numbers
10.7554/elife.88732,2024-1-22,Funding award numbers
10.7554/elife.90333,2023-11-13,Funding award numbers
10.7554/elife.98747.3,2024-11-25,Funding award numbers
10.7554/elife.78822,2022-9-13,Funding award numbers
10.7554/elife.00218,2013-3-5,Funding award numbers
10.7554/elife.01412,2014-1-28,Funding award numbers
10.7554/elife.71230,2022-2-2,Funding award numbers
10.7554/elife.00855,2013-5-16,Funding award numbers
10.7554/elife.27467,2017-5-19,Funding award numbers
10.7554/elife.107018,2025-12-23,Funding award numbers
10.7554/elife.92775.3,2024-11-25,Funding award numbers
10.7554/elife.78521,2022-11-10,Funding award numbers
10.7554/elife.51889,2020-4-29,Funding award numbers
10.7554/elife.19896,2016-12-20,Funding award numbers
10.7554/elife.97559.4,2025-1-29,Funding award numbers
10.7554/elife.90230,2023-11-3,Funding award numbers
10.7554/elife.05463,2015-2-4,Funding award numbers
10.7554/elife.01042,2013-7-9,Funding award numbers
10.7554/elife.05657,2014-11-24,Funding award numbers
10.7554/elife.06986,2015-2-18,Funding award numbers
10.7554/elife.104114,2024-10-21,Funding award numbers
10.7554/elife.15597,2016-3-16,Funding award numbers
10.7554/elife.91723,2023-8-9,Funding award numbers
10.7554/elife.27642,2017-4-13,Funding award numbers
10.7554/elife.56774,2020-3-10,Funding award numbers
10.7554/elife.45804,2019-2-6,Funding award numbers
10.7554/elife.31641,2017-9-6,Funding award numbers
10.7554/elife.86471,2023-2-9,Funding award numbers
10.7554/elife.33413,2017-11-8,Funding award numbers
10.7554/elife.99991,2024-6-28,Funding award numbers
10.7554/elife.04390,2014-10-14,Funding award numbers
10.7554/elife.90964.3,2024-7-19,Funding award numbers
10.7554/elife.01828,2014-3-11,Funding award numbers
10.7554/elife.36931,2018-7-13,Funding award numbers
10.7554/elife.90766.4,2024-10-2,Funding award numbers
10.7554/elife.88654,2023-5-25,Funding award numbers
10.7554/elife.00708,2013-7-16,Funding award numbers
10.7554/elife.77913,2022-7-29,Funding award numbers
10.7554/elife.10087,2015-12-5,Funding award numbers
10.7554/elife.47221,2019-5-2,Funding award numbers
10.7554/elife.39244,2018-7-27,Funding award numbers
10.7554/elife.01369,2014-1-14,Funding award numbers
10.7554/elife.67860,2021-3-23,Funding award numbers
10.7554/elife.84391,2023-3-10,Funding award numbers
10.7554/elife.51230,2019-10-25,Funding award numbers
10.7554/elife.12192,2016-2-1,Funding award numbers
10.7554/elife.11721,2015-12-16,Funding award numbers
10.7554/elife.46188,2019-8-27,Funding award numbers
10.7554/elife.02536,2014-5-7,Funding award numbers
10.7554/elife.11994,2016-9-19,Funding award numbers
10.7554/elife.92173,2024-9-17,Funding award numbers
10.7554/elife.24241,2017-4-17,Funding award numbers
10.7554/elife.13367,2016-1-20,Funding award numbers
10.7554/elife.58596,2020-10-12,Funding award numbers
10.7554/elife.96710,2024-3-18,Funding award numbers
10.7554/elife.38892,2018-10-3,Funding award numbers
10.7554/elife.92092,2025-6-11,Funding award numbers
10.7554/elife.108573,2025-8-27,Funding award numbers
10.7554/elife.70584,2021-6-30,Funding award numbers
10.7554/elife.80891,2022-7-21,Funding award numbers
10.7554/elife.94732,2024-2-21,Funding award numbers
10.7554/elife.21404,2016-10-20,Funding award numbers
10.7554/elife.107246,2025-5-28,Funding award numbers
10.7554/elife.32703,2017-11-17,Funding award numbers
10.7554/elife.03128,2014-5-27,Funding award numbers
10.7554/elife.103003,2024-9-30,Funding award numbers
10.7554/elife.03176,2014-6-3,Funding award numbers
10.7554/elife.04168,2014-9-2,Funding award numbers
10.7554/elife.12686,2016-1-19,Funding award numbers
10.7554/elife.05720,2014-12-30,Funding award numbers
10.7554/elife.107383,2025-6-3,Funding award numbers
10.7554/elife.105042,2024-12-23,Funding award numbers
10.7554/elife.02387,2014-3-4,Funding award numbers
10.7554/elife.75818,2021-12-15,Funding award numbers
10.7554/elife.76246,2022-1-25,Funding award numbers
10.7554/elife.80718,2022-7-11,Funding award numbers
10.7554/elife.67863,2021-4-6,Funding award numbers
10.7554/elife.99804,2024-7-9,Funding award numbers
10.7554/elife.52123,2019-11-1,Funding award numbers
10.7554/elife.75629,2021-12-23,Funding award numbers
10.7554/elife.72562,2021-9-9,Funding award numbers
10.7554/elife.55220,2020-2-25,Funding award numbers
10.7554/elife.84025,2022-11-11,Funding award numbers
10.7554/elife.86807,2023-3-22,Funding award numbers
10.7554/elife.84118,2022-11-15,Funding award numbers
10.7554/elife.01294,2013-8-13,Funding award numbers
10.7554/elife.51291,2019-9-27,Funding award numbers
10.7554/elife.08086,2015-5-13,Funding award numbers
10.7554/elife.09560,2015-9-10,Funding award numbers
10.7554/elife.25787,2017-8-29,Funding award numbers
10.7554/elife.94088.3,2024-9-13,Funding award numbers
10.7554/elife.91927.3,2024-4-30,Funding award numbers
10.7554/elife.50527,2019-8-6,Funding award numbers
10.7554/elife.85427,2023-7-6,Funding award numbers
10.7554/elife.86136,2023-8-17,Funding award numbers
10.7554/elife.86764.3,2024-3-20,Funding award numbers
10.7554/elife.78518,2023-6-21,Funding award numbers
10.7554/elife.39742,2018-9-18,Funding award numbers
10.7554/elife.95733.3,2025-5-19,Funding award numbers
10.7554/elife.10528,2016-2-26,Funding award numbers
10.7554/elife.00353,2012-12-13,Funding award numbers
10.7554/elife.07961,2015-5-12,Funding award numbers
10.7554/elife.02369,2014-3-4,Funding award numbers
10.7554/elife.34801,2018-5-31,Funding award numbers
10.7554/elife.40189,2018-12-18,Funding award numbers
10.7554/elife.80956,2022-11-2,Funding award numbers
10.7554/elife.82654,2022-12-5,Funding award numbers
10.7554/elife.58343,2020-12-31,Funding award numbers
10.7554/elife.33068,2018-5-15,Funding award numbers
10.7554/elife.20083,2017-2-21,Funding award numbers
10.7554/elife.40486,2018-10-24,Funding award numbers
10.7554/elife.13141,2016-4-14,Funding award numbers
10.7554/elife.00523,2013-6-4,Funding award numbers
10.7554/elife.01597,2013-10-8,Funding award numbers
10.7554/elife.01662,2013-11-19,Funding award numbers
10.7554/elife.03602,2014-6-11,Funding award numbers
10.7554/elife.109889,2025-11-14,Funding award numbers
10.7554/elife.14281,2016-2-3,Funding award numbers
10.7554/elife.15893,2016-3-14,Funding award numbers
10.7554/elife.16332,2016-3-31,Funding award numbers
10.7554/elife.101165,2024-7-2,Funding award numbers
10.7554/elife.101706,2024-7-31,Funding award numbers
10.7554/elife.76898,2022-1-19,Funding award numbers
10.7554/elife.77337,2022-1-27,Funding award numbers
10.7554/elife.78088,2022-3-2,Funding award numbers
10.7554/elife.65123,2020-12-1,Funding award numbers
10.7554/elife.59053,2020-7-30,Funding award numbers
10.7554/elife.78530,2023-2-9,Funding award numbers
10.7554/elife.50135,2020-1-14,Funding award numbers
10.7554/elife.28020,2017-10-17,Funding award numbers
10.7554/elife.90782,2024-5-28,Funding award numbers
10.7554/elife.25408,2017-3-15,Funding award numbers
10.7554/elife.37234,2018-5-17,Funding award numbers
10.7554/elife.101769.3,2025-6-5,Funding award numbers
10.7554/elife.13841,2016-3-23,Funding award numbers
10.7554/elife.10809,2015-11-18,Funding award numbers
10.7554/elife.30938,2018-6-18,Funding award numbers
10.7554/elife.38200,2018-10-30,Funding award numbers
10.7554/elife.92092.3,2025-6-11,Funding award numbers
10.7554/elife.46258,2019-6-25,Funding award numbers
10.7554/elife.46754,2019-8-27,Funding award numbers
10.7554/elife.97430,2024-4-17,Funding award numbers
10.7554/elife.90402,2023-6-27,Funding award numbers
10.7554/elife.50647,2019-8-30,Funding award numbers
10.7554/elife.59910,2020-7-21,Funding award numbers
10.7554/elife.72048,2021-8-10,Funding award numbers
10.7554/elife.38516,2018-7-10,Funding award numbers
10.7554/elife.62022,2020-9-11,Funding award numbers
10.7554/elife.48268,2019-6-12,Funding award numbers
10.7554/elife.00641,2013-3-19,Funding award numbers
10.7554/elife.02589,2014-3-25,Funding award numbers
10.7554/elife.02618,2014-4-1,Funding award numbers
10.7554/elife.00729,2013-4-16,Funding award numbers
10.7554/elife.38748,2018-7-9,Funding award numbers
10.7554/elife.54244,2020-1-24,Funding award numbers
10.7554/elife.89823,2023-7-7,Funding award numbers
10.7554/elife.86447,2023-2-28,Funding award numbers
10.7554/elife.97084,2024-7-10,Funding award numbers
10.7554/elife.88248,2023-5-9,Funding award numbers
10.7554/elife.92714,2023-10-19,Funding award numbers
10.7554/elife.01127,2013-8-8,Funding award numbers
10.7554/elife.06424,2015-2-10,Funding award numbers
10.7554/elife.04742,2014-10-16,Funding award numbers
10.7554/elife.41524,2018-12-7,Funding award numbers
10.7554/elife.14973,2016-3-24,Funding award numbers
10.7554/elife.36992,2018-4-9,Funding award numbers
10.7554/elife.68277,2021-4-15,Funding award numbers
10.7554/elife.34258,2018-1-22,Funding award numbers
10.7554/elife.25411,2017-3-15,Funding award numbers
10.7554/elife.06883,2015-3-10,Funding award numbers
10.7554/elife.36366,2018-4-4,Funding award numbers
10.7554/elife.13544,2016-4-12,Funding award numbers
10.7554/elife.26022,2017-8-17,Funding award numbers
10.7554/elife.85575,2023-7-17,Funding award numbers
10.7554/elife.01139,2013-10-1,Funding award numbers
10.7554/elife.60060,2021-3-9,Funding award numbers
10.7554/elife.22089,2017-2-7,Funding award numbers
10.7554/elife.00048,2012-10-15,Funding award numbers
10.7554/elife.101153,2025-7-23,Funding award numbers
10.7554/elife.66916,2021-3-2,Funding award numbers
10.7554/elife.25801,2018-3-13,Funding award numbers
10.7554/elife.85606,2023-2-2,Funding award numbers
10.7554/elife.95267,2025-1-3,Funding award numbers
10.7554/elife.08422,2015-10-20,Funding award numbers
10.7554/elife.01888,2014-5-6,Funding award numbers
10.7554/elife.42786,2019-2-25,Funding award numbers
10.7554/elife.106706,2025-3-26,Funding award numbers
10.7554/elife.78765,2022-8-16,Funding award numbers
10.7554/elife.79491,2022-8-17,Funding award numbers
10.7554/elife.59340,2020-12-15,Funding award numbers
10.7554/elife.79529,2022-8-12,Funding award numbers
10.7554/elife.76228,2022-8-9,Funding award numbers
10.7554/elife.11466,2015-12-17,Funding award numbers
10.7554/elife.17210,2016-8-16,Funding award numbers
10.7554/elife.35383,2018-3-7,Funding award numbers
10.7554/elife.84698,2024-9-5,Funding award numbers
10.7554/elife.16606,2016-4-25,Funding award numbers
10.7554/elife.19432,2016-7-14,Funding award numbers
10.7554/elife.85366,2022-12-14,Funding award numbers
10.7554/elife.85479,2022-12-15,Funding award numbers
10.7554/elife.36350,2018-3-13,Funding award numbers
10.7554/elife.91492,2023-8-1,Funding award numbers
10.7554/elife.10328,2015-7-29,Funding award numbers
10.7554/elife.63994,2020-10-15,Funding award numbers
10.7554/elife.64623,2020-11-9,Funding award numbers
10.7554/elife.71338,2021-6-24,Funding award numbers
10.7554/elife.10084,2015-7-24,Funding award numbers
10.7554/elife.101848,2024-10-3,Funding award numbers
10.7554/elife.23661,2017-3-7,Funding award numbers
10.7554/elife.63551,2021-2-15,Funding award numbers
10.7554/elife.31209,2018-1-10,Funding award numbers
10.7554/elife.57648,2022-8-19,Funding award numbers
10.7554/elife.12997,2015-12-19,Funding award numbers
10.7554/elife.27891,2017-9-6,Funding award numbers
10.7554/elife.94556,2024-1-3,Funding award numbers
10.7554/elife.10996,2016-3-7,Funding award numbers
10.7554/elife.77429,2022-5-27,Funding award numbers
10.7554/elife.81779,2023-1-16,Funding award numbers
10.7554/elife.59786,2020-7-21,Funding award numbers
10.7554/elife.108748,2025-12-23,Funding award numbers
10.7554/elife.05580,2014-12-24,Funding award numbers
10.7554/elife.20516,2016-9-9,Funding award numbers
10.7554/elife.36813,2018-4-27,Funding award numbers
10.7554/elife.27085,2017-4-25,Funding award numbers
10.7554/elife.04040,2014-8-19,Funding award numbers
10.7554/elife.25654,2017-3-23,Funding award numbers
10.7554/elife.18721,2016-7-15,Funding award numbers
10.7554/elife.00491,2013-1-22,Funding award numbers
10.7554/elife.94764,2024-1-4,Funding award numbers
10.7554/elife.90743,2023-8-10,Funding award numbers
10.7554/elife.44441,2018-12-20,Funding award numbers
10.7554/elife.44076,2019-1-21,Funding award numbers
10.7554/elife.61547,2020-9-3,Funding award numbers
10.7554/elife.106704,2025-3-25,Funding award numbers
10.7554/elife.86696,2023-3-3,Funding award numbers
10.7554/elife.54037,2020-1-16,Funding award numbers
10.7554/elife.76801,2022-2-17,Funding award numbers
10.7554/elife.86194,2024-12-23,Funding award numbers
10.7554/elife.04901,2014-10-7,Funding award numbers
10.7554/elife.35906,2018-3-21,Funding award numbers
10.7554/elife.15591,2016-3-29,Funding award numbers
10.7554/elife.05787,2015-2-17,Funding award numbers
10.7554/elife.15957,2016-4-15,Funding award numbers
10.7554/elife.87358,2023-4-17,Funding award numbers
10.7554/elife.64379,2020-12-2,Funding award numbers
10.7554/elife.85001,2022-12-23,Funding award numbers
10.7554/elife.37432,2018-4-23,Funding award numbers
10.7554/elife.98351,2025-2-28,Funding award numbers
10.7554/elife.89264,2023-6-15,Funding award numbers
10.7554/elife.05244,2014-11-25,Funding award numbers
10.7554/elife.07390,2015-4-8,Funding award numbers
10.7554/elife.96708,2024-3-8,Funding award numbers
10.7554/elife.76096,2022-4-20,Funding award numbers
10.7554/elife.09462,2016-2-23,Funding award numbers
10.7554/elife.89023.4,2024-12-6,Funding award numbers
10.7554/elife.97650.3,2025-3-25,Funding award numbers
10.7554/elife.28270,2017-10-13,Funding award numbers
10.7554/elife.60829,2020-9-23,Funding award numbers
10.7554/elife.63204,2021-2-16,Funding award numbers
10.7554/elife.06195,2015-3-17,Funding award numbers
10.7554/elife.10012,2016-2-11,Funding award numbers
10.7554/elife.41002,2018-9-25,Funding award numbers
10.7554/elife.94573,2024-8-9,Funding award numbers
10.7554/elife.18431,2016-7-20,Funding award numbers
10.7554/elife.40921,2018-9-26,Funding award numbers
10.7554/elife.25812,2017-3-28,Funding award numbers
10.7554/elife.106819,2025-3-27,Funding award numbers
10.7554/elife.44149,2019-1-24,Funding award numbers
10.7554/elife.02409,2014-4-25,Funding award numbers
10.7554/elife.92418,2024-12-18,Funding award numbers
10.7554/elife.12509,2016-3-8,Funding award numbers
10.7554/elife.80660,2023-2-23,Funding award numbers
10.7554/elife.20813,2016-12-13,Funding award numbers
10.7554/elife.09991,2015-12-15,Funding award numbers
10.7554/elife.26759,2017-8-22,Funding award numbers
10.7554/elife.51019,2020-4-21,Funding award numbers
10.7554/elife.00160,2013-1-8,Funding award numbers
10.7554/elife.01700,2013-10-22,Funding award numbers
10.7554/elife.12968,2015-11-18,Funding award numbers
10.7554/elife.21253,2017-1-19,Funding award numbers
10.7554/elife.05179,2014-10-21,Funding award numbers
10.7554/elife.103278,2024-9-13,Funding award numbers
10.7554/elife.104576,2024-10-22,Funding award numbers
10.7554/elife.44239,2019-2-14,Funding award numbers
10.7554/elife.95305,2023-12-20,Funding award numbers
10.7554/elife.96151,2024-2-5,Funding award numbers
10.7554/elife.25306,2017-6-27,Funding award numbers
10.7554/elife.32061,2017-9-18,Funding award numbers
10.7554/elife.60055,2020-6-19,Funding award numbers
10.7554/elife.64932,2021-7-6,Funding award numbers
10.7554/elife.53311,2020-3-9,Funding award numbers
10.7554/elife.75808,2022-5-18,Funding award numbers
10.7554/elife.07546,2015-8-28,Funding award numbers
10.7554/elife.67528,2021-6-16,Funding award numbers
10.7554/elife.46781,2019-4-9,Funding award numbers
10.7554/elife.47468,2019-5-14,Funding award numbers
10.7554/elife.90216,2023-7-12,Funding award numbers
10.7554/elife.48695,2019-6-28,Funding award numbers
10.7554/elife.62689,2020-10-14,Funding award numbers
10.7554/elife.84343,2022-11-9,Funding award numbers
10.7554/elife.48493,2019-6-21,Funding award numbers
10.7554/elife.01809,2013-12-10,Funding award numbers
10.7554/elife.01760,2013-11-26,Funding award numbers
10.7554/elife.07364,2015-3-30,Funding award numbers
10.7554/elife.35238,2018-5-8,Funding award numbers
10.7554/elife.22471,2016-12-14,Funding award numbers
10.7554/elife.22886,2016-12-14,Funding award numbers
10.7554/elife.23375,2016-12-12,Funding award numbers
10.7554/elife.05846,2015-1-13,Funding award numbers
10.7554/elife.88540,2025-5-14,Funding award numbers
10.7554/elife.74048,2021-10-22,Funding award numbers
10.7554/elife.55960,2020-3-23,Funding award numbers
10.7554/elife.86117,2023-2-7,Funding award numbers
10.7554/elife.02273,2014-2-4,Funding award numbers
10.7554/elife.03371,2014-6-24,Funding award numbers
10.7554/elife.20755,2016-9-19,Funding award numbers
10.7554/elife.34153,2018-1-18,Funding award numbers
10.7554/elife.12523,2015-12-16,Funding award numbers
10.7554/elife.28109,2017-5-30,Funding award numbers
10.7554/elife.09556,2015-7-28,Funding award numbers
10.7554/elife.30994,2017-9-12,Funding award numbers
10.7554/elife.03997,2014-8-15,Funding award numbers
10.7554/elife.31328,2017-10-4,Funding award numbers
10.7554/elife.51183,2019-10-4,Funding award numbers
10.7554/elife.19569,2016-9-8,Funding award numbers
10.7554/elife.04037,2014-12-10,Funding award numbers
10.7554/elife.101724,2025-4-3,Funding award numbers
10.7554/elife.12125,2016-1-29,Funding award numbers
10.7554/elife.93369,2024-10-21,Funding award numbers
10.7554/elife.90221.3,2024-1-9,Funding award numbers
10.7554/elife.74974,2022-1-27,Funding award numbers
10.7554/elife.10635,2015-11-17,Funding award numbers
10.7554/elife.67527,2021-12-7,Funding award numbers
10.7554/elife.101626,2025-4-7,Funding award numbers
10.7554/elife.77100,2022-6-21,Funding award numbers
10.7554/elife.81050,2022-11-15,Funding award numbers
10.7554/elife.23824,2017-6-21,Funding award numbers
10.7554/elife.07578,2015-5-20,Funding award numbers
10.7554/elife.03363,2014-10-29,Funding award numbers
10.7554/elife.107018.3,2025-12-23,Funding award numbers
10.7554/elife.59191,2020-9-1,Funding award numbers
10.7554/elife.00133,2013-3-6,Funding award numbers
10.7554/elife.68388,2022-1-25,Funding award numbers
10.7554/elife.37009,2018-5-4,Funding award numbers
10.7554/elife.37017,2018-8-20,Funding award numbers
10.7554/elife.39939,2018-11-19,Funding award numbers
10.7554/elife.78693,2022-4-28,Funding award numbers
10.7554/elife.28629,2017-12-20,Funding award numbers
10.7554/elife.23203,2017-6-27,Funding award numbers
10.7554/elife.67097,2021-7-20,Funding award numbers
10.7554/elife.98747,2024-11-25,Funding award numbers
10.7554/elife.63452,2020-12-2,Funding award numbers
10.7554/elife.71601,2021-12-10,Funding award numbers
10.7554/elife.78810,2022-10-27,Funding award numbers
10.7554/elife.37275,2018-9-20,Funding award numbers
10.7554/elife.91415,2024-3-15,Funding award numbers
10.7554/elife.63033,2021-5-4,Funding award numbers
10.7554/elife.89315.3,2024-4-2,Funding award numbers
10.7554/elife.28034,2017-8-31,Funding award numbers
10.7554/elife.81228,2022-6-28,Funding award numbers
10.7554/elife.82988,2022-9-2,Funding award numbers
10.7554/elife.86472,2023-2-13,Funding award numbers
10.7554/elife.93253,2023-10-20,Funding award numbers
10.7554/elife.46860,2019-3-21,Funding award numbers
10.7554/elife.06498,2015-5-12,Funding award numbers
10.7554/elife.25660,2017-2-6,Funding award numbers
10.7554/elife.59479,2021-2-9,Funding award numbers
10.7554/elife.31157,2018-1-24,Funding award numbers
10.7554/elife.79238,2023-5-4,Funding award numbers
10.7554/elife.12432,2015-12-25,Funding award numbers
10.7554/elife.44454,2019-9-3,Funding award numbers
10.7554/elife.51971,2020-2-4,Funding award numbers
10.7554/elife.72128,2022-10-4,Funding award numbers
10.7554/elife.49202,2019-6-14,Funding award numbers
10.7554/elife.10856,2016-1-14,Funding award numbers
10.7554/elife.02245,2014-5-7,Funding award numbers
10.7554/elife.63056,2021-1-13,Funding award numbers
10.7554/elife.58785,2020-8-13,Funding award numbers
10.7554/elife.31083,2017-8-17,Funding award numbers
10.7554/elife.91532.3,2024-6-10,Funding award numbers
10.7554/elife.93694,2024-6-20,Funding award numbers
10.7554/elife.91469.3,2024-1-15,Funding award numbers
10.7554/elife.59841,2020-11-6,Funding award numbers
10.7554/elife.59806,2020-8-7,Funding award numbers
10.7554/elife.03952,2015-2-19,Funding award numbers
10.7554/elife.02811,2014-5-29,Funding award numbers
10.7554/elife.45239,2019-4-10,Funding award numbers
10.7554/elife.54747,2021-1-12,Funding award numbers
10.7554/elife.07770,2015-10-6,Funding award numbers
10.7554/elife.86527,2023-5-16,Funding award numbers
10.7554/elife.97982,2025-1-15,Funding award numbers
10.7554/elife.83973,2025-1-10,Funding award numbers
10.7554/elife.89125,2025-9-4,Funding award numbers
10.7554/elife.65610,2021-5-14,Funding award numbers
10.7554/elife.109153,2025-9-22,Funding award numbers
10.7554/elife.45207,2019-3-1,Funding award numbers
10.7554/elife.80552,2022-6-28,Funding award numbers
10.7554/elife.76818,2022-2-7,Funding award numbers
10.7554/elife.28600,2017-6-14,Funding award numbers
10.7554/elife.04779,2014-10-21,Funding award numbers
10.7554/elife.29853,2017-7-26,Funding award numbers
10.7554/elife.22662,2017-1-19,Funding award numbers
10.7554/elife.05614,2014-11-21,Funding award numbers
10.7554/elife.104040,2024-10-30,Funding award numbers
10.7554/elife.41894,2018-10-25,Funding award numbers
10.7554/elife.64496,2020-12-15,Funding award numbers
10.7554/elife.60375,2020-8-4,Funding award numbers
10.7554/elife.87054,2023-3-24,Funding award numbers
10.7554/elife.91607,2023-9-6,Funding award numbers
10.7554/elife.96813,2024-3-13,Funding award numbers
10.7554/elife.106869,2025-4-24,Funding award numbers
10.7554/elife.100833,2024-7-24,Funding award numbers
10.7554/elife.25739,2017-4-4,Funding award numbers
10.7554/elife.02394,2014-2-11,Funding award numbers
10.7554/elife.45809,2019-3-21,Funding award numbers
10.7554/elife.30515,2017-9-4,Funding award numbers
10.7554/elife.56397,2020-4-21,Funding award numbers
10.7554/elife.104500,2024-11-25,Funding award numbers
10.7554/elife.52884,2019-12-2,Funding award numbers
10.7554/elife.108039,2025-7-15,Funding award numbers
10.7554/elife.83617,2022-11-8,Funding award numbers
10.7554/elife.00563,2013-1-29,Funding award numbers
10.7554/elife.107882,2025-6-16,Funding award numbers
10.7554/elife.19351,2016-8-18,Funding award numbers
10.7554/elife.12852,2016-1-18,Funding award numbers
10.7554/elife.06956,2015-3-25,Funding award numbers
10.7554/elife.10396,2015-11-28,Funding award numbers
10.7554/elife.01469,2013-10-8,Funding award numbers
10.7554/elife.92762,2024-4-23,Funding award numbers
10.7554/elife.23781,2017-2-10,Funding award numbers
10.7554/elife.77345,2023-2-8,Funding award numbers
10.7554/elife.34756,2018-2-6,Funding award numbers
10.7554/elife.106029,2025-11-5,Funding award numbers
10.7554/elife.106803,2025-11-28,Funding award numbers
10.7554/elife.29595,2017-10-10,Funding award numbers
10.7554/elife.109193,2025-10-13,Funding award numbers
10.7554/elife.82070,2022-8-23,Funding award numbers
10.7554/elife.02615,2014-4-1,Funding award numbers
10.7554/elife.42135,2019-2-25,Funding award numbers
10.7554/elife.09853,2015-8-5,Funding award numbers
10.7554/elife.68714,2021-8-2,Funding award numbers
10.7554/elife.32014,2017-9-29,Funding award numbers
10.7554/elife.21829,2016-12-9,Funding award numbers
10.7554/elife.50403,2019-11-1,Funding award numbers
10.7554/elife.02094,2013-12-20,Funding award numbers
10.7554/elife.36853,2018-4-4,Funding award numbers
10.7554/elife.91453,2023-10-19,Funding award numbers
10.7554/elife.55647,2020-2-5,Funding award numbers
10.7554/elife.05256,2014-10-28,Funding award numbers
10.7554/elife.100253,2024-6-3,Funding award numbers
10.7554/elife.107190,2025-4-14,Funding award numbers
10.7554/elife.80871,2022-7-1,Funding award numbers
10.7554/elife.83998,2022-10-10,Funding award numbers
10.7554/elife.23066,2016-11-9,Funding award numbers
10.7554/elife.99846,2024-5-20,Funding award numbers
10.7554/elife.56027,2020-2-14,Funding award numbers
10.7554/elife.60938,2020-7-14,Funding award numbers
10.7554/elife.25100,2017-7-25,Funding award numbers
10.7554/elife.91737,2023-12-22,Funding award numbers
10.7554/elife.45396,2019-4-23,Funding award numbers
10.7554/elife.80315,2022-9-20,Funding award numbers
10.7554/elife.53933,2020-5-19,Funding award numbers
10.7554/elife.53178,2019-11-13,Funding award numbers
10.7554/elife.02809,2014-9-16,Funding award numbers
10.7554/elife.02115,2014-3-26,Funding award numbers
10.7554/elife.72468,2022-3-2,Funding award numbers
10.7554/elife.89911,2024-8-1,Funding award numbers
10.7554/elife.91149,2023-8-23,Funding award numbers
10.7554/elife.92535,2023-10-18,Funding award numbers
10.7554/elife.41633,2018-10-12,Funding award numbers
10.7554/elife.16111,2016-4-27,Funding award numbers
10.7554/elife.42033,2018-10-24,Funding award numbers
10.7554/elife.46279,2019-3-26,Funding award numbers
10.7554/elife.21522,2016-10-14,Funding award numbers
10.7554/elife.03545,2014-7-1,Funding award numbers
10.7554/elife.22661,2017-1-19,Funding award numbers
10.7554/elife.02531,2014-3-18,Funding award numbers
10.7554/elife.02590,2014-3-25,Funding award numbers
10.7554/elife.00365,2012-12-13,Funding award numbers
10.7554/elife.00515,2013-2-5,Funding award numbers
10.7554/elife.32709,2017-11-28,Funding award numbers
10.7554/elife.81077,2022-8-3,Funding award numbers
10.7554/elife.63584,2020-11-3,Funding award numbers
10.7554/elife.00933,2013-6-18,Funding award numbers
10.7554/elife.100598,2024-7-10,Funding award numbers
10.7554/elife.61323,2020-9-9,Funding award numbers
10.7554/elife.57043,2020-5-7,Funding award numbers
10.7554/elife.80030,2022-6-15,Funding award numbers
10.7554/elife.48654,2019-6-27,Funding award numbers
10.7554/elife.79446,2022-5-24,Funding award numbers
10.7554/elife.15853,2016-4-19,Funding award numbers
10.7554/elife.84630,2023-6-26,Funding award numbers
10.7554/elife.53018,2019-12-4,Funding award numbers
10.7554/elife.19993,2016-10-8,Funding award numbers
10.7554/elife.61907,2021-1-4,Funding award numbers
10.7554/elife.53910,2020-1-17,Funding award numbers
10.7554/elife.04333,2014-12-10,Funding award numbers
10.7554/elife.13323,2016-2-16,Funding award numbers
10.7554/elife.45204,2019-5-14,Funding award numbers
10.7554/elife.24987,2017-9-11,Funding award numbers
10.7554/elife.52881,2019-10-23,Funding award numbers
10.7554/elife.00243,2012-10-15,Funding award numbers
10.7554/elife.13909,2016-3-14,Funding award numbers
10.7554/elife.98521.3,2025-2-10,Funding award numbers
10.7554/elife.05651,2015-3-20,Funding award numbers
10.7554/elife.40214,2018-11-12,Funding award numbers
10.7554/elife.43963,2019-5-21,Funding award numbers
10.7554/elife.33738,2017-11-22,Funding award numbers
10.7554/elife.91312,2023-7-25,Funding award numbers
10.7554/elife.32733,2018-2-28,Funding award numbers
10.7554/elife.57614,2020-6-23,Funding award numbers
10.7554/elife.64329,2022-7-15,Funding award numbers
10.7554/elife.21393,2016-11-17,Funding award numbers
10.7554/elife.109758,2025-10-31,Funding award numbers
10.7554/elife.13015,2015-11-24,Funding award numbers
10.7554/elife.13038,2015-11-25,Funding award numbers
10.7554/elife.06494,2015-1-28,Funding award numbers
10.7554/elife.74986,2021-11-2,Funding award numbers
10.7554/elife.85169,2022-11-29,Funding award numbers
10.7554/elife.22672,2016-11-8,Funding award numbers
10.7554/elife.24307,2016-12-20,Funding award numbers
10.7554/elife.49823,2019-7-2,Funding award numbers
10.7554/elife.69260,2021-4-13,Funding award numbers
10.7554/elife.25114,2017-3-6,Funding award numbers
10.7554/elife.67106,2021-8-11,Funding award numbers
10.7554/elife.108480,2025-8-6,Funding award numbers
10.7554/elife.106705,2025-3-26,Funding award numbers
10.7554/elife.71585,2021-7-26,Funding award numbers
10.7554/elife.32762,2017-11-21,Funding award numbers
10.7554/elife.83718,2022-11-8,Funding award numbers
10.7554/elife.20877,2016-9-27,Funding award numbers
10.7554/elife.24733,2017-2-7,Funding award numbers
10.7554/elife.40856,2018-12-6,Funding award numbers
10.7554/elife.104956.3,2025-9-30,Funding award numbers
10.7554/elife.11628,2015-10-22,Funding award numbers
10.7554/elife.33065,2018-2-20,Funding award numbers
10.7554/elife.27291,2017-5-12,Funding award numbers
10.7554/elife.77898,2022-7-5,Funding award numbers
10.7554/elife.71309,2022-3-30,Funding award numbers
10.7554/elife.98351.3,2025-2-28,Funding award numbers
10.7554/elife.42869,2019-4-8,Funding award numbers
10.7554/elife.71862,2022-6-22,Funding award numbers
10.7554/elife.34087,2018-1-19,Funding award numbers
10.7554/elife.89083,2023-10-11,Funding award numbers
10.7554/elife.36607,2018-8-28,Funding award numbers
10.7554/elife.22926,2016-12-13,Funding award numbers
10.7554/elife.57068,2020-9-24,Funding award numbers
10.7554/elife.77180,2022-2-25,Funding award numbers
10.7554/elife.46923,2019-9-10,Funding award numbers
10.7554/elife.05000,2014-11-6,Funding award numbers
10.7554/elife.108402,2025-8-18,Funding award numbers
10.7554/elife.44567,2019-2-8,Funding award numbers
10.7554/elife.30249,2017-8-9,Funding award numbers
10.7554/elife.89415,2023-6-14,Funding award numbers
10.7554/elife.43475,2018-12-14,Funding award numbers
10.7554/elife.71610,2021-8-4,Funding award numbers
10.7554/elife.46563,2019-3-13,Funding award numbers
10.7554/elife.13214,2016-9-19,Funding award numbers
10.7554/elife.65697,2021-1-18,Funding award numbers
10.7554/elife.21451,2016-12-20,Funding award numbers
10.7554/elife.36399,2019-1-30,Funding award numbers
10.7554/elife.11214,2015-12-17,Funding award numbers
10.7554/elife.00780,2013-7-30,Funding award numbers
10.7554/elife.43938,2019-2-11,Funding award numbers
10.7554/elife.28801,2017-10-30,Funding award numbers
10.7554/elife.56533,2020-10-7,Funding award numbers
10.7554/elife.61689,2020-9-10,Funding award numbers
10.7554/elife.03126,2014-8-18,Funding award numbers
10.7554/elife.06120,2015-3-19,Funding award numbers
10.7554/elife.87194,2023-4-19,Funding award numbers
10.7554/elife.06620,2015-7-23,Funding award numbers
10.7554/elife.43777,2019-1-10,Funding award numbers
10.7554/elife.36882,2018-5-8,Funding award numbers
10.7554/elife.62451,2020-10-8,Funding award numbers
10.7554/elife.03475,2014-7-1,Funding award numbers
10.7554/elife.96536,2024-12-27,Funding award numbers
10.7554/elife.97601,2024-4-11,Funding award numbers
10.7554/elife.51497,2019-10-8,Funding award numbers
10.7554/elife.106419,2025-3-17,Funding award numbers
10.7554/elife.52631,2019-11-14,Funding award numbers
10.7554/elife.34923,2018-2-20,Funding award numbers
10.7554/elife.35374,2018-3-6,Funding award numbers
10.7554/elife.00572,2013-2-19,Funding award numbers
10.7554/elife.77550,2022-3-17,Funding award numbers
10.7554/elife.77719,2022-2-17,Funding award numbers
10.7554/elife.09713,2015-8-5,Funding award numbers
10.7554/elife.10535,2015-9-9,Funding award numbers
10.7554/elife.33591,2017-12-19,Funding award numbers
10.7554/elife.03235,2014-6-3,Funding award numbers
10.7554/elife.12838,2015-12-15,Funding award numbers
10.7554/elife.04014,2014-8-20,Funding award numbers
10.7554/elife.28152,2017-6-2,Funding award numbers
10.7554/elife.82453,2022-9-14,Funding award numbers
10.7554/elife.82610,2022-9-30,Funding award numbers
10.7554/elife.55915,2020-3-4,Funding award numbers
10.7554/elife.74551,2021-11-18,Funding award numbers
10.7554/elife.29502,2017-7-20,Funding award numbers
10.7554/elife.23065,2016-12-13,Funding award numbers
10.7554/elife.106220,2025-3-13,Funding award numbers
10.7554/elife.37888,2018-6-6,Funding award numbers
10.7554/elife.00767,2013-4-30,Funding award numbers
10.7554/elife.17137,2017-4-20,Funding award numbers
10.7554/elife.09976,2016-2-16,Funding award numbers
10.7554/elife.95185.2,2024-10-3,Funding award numbers
10.7554/elife.44352,2019-5-7,Funding award numbers
10.7554/elife.84865,2022-12-30,Funding award numbers
10.7554/elife.81418,2023-5-30,Funding award numbers
10.7554/elife.78424,2022-4-27,Funding award numbers
10.7554/elife.10206,2015-9-11,Funding award numbers
10.7554/elife.89321.3,2024-2-26,Funding award numbers
10.7554/elife.22207,2017-3-13,Funding award numbers
10.7554/elife.70929,2021-9-23,Funding award numbers
10.7554/elife.100737.2,2025-4-23,Funding award numbers
10.7554/elife.39518,2018-9-25,Funding award numbers
10.7554/elife.89825,2023-7-17,Funding award numbers
10.7554/elife.66161,2021-8-11,Funding award numbers
10.7554/elife.105526,2025-12-4,Funding award numbers
10.7554/elife.49831,2019-8-8,Funding award numbers
10.7554/elife.106655,2025-11-11,Funding award numbers
10.7554/elife.59619,2020-12-21,Funding award numbers
10.7554/elife.53868,2020-3-6,Funding award numbers
10.7554/elife.13470,2016-4-6,Funding award numbers
10.7554/elife.06126,2015-12-10,Funding award numbers
10.7554/elife.30274,2018-1-9,Funding award numbers
10.7554/elife.72098,2022-7-14,Funding award numbers
10.7554/elife.02009,2014-5-27,Funding award numbers
10.7554/elife.00007,2012-10-15,Funding award numbers
10.7554/elife.04563,2014-9-4,Funding award numbers
10.7554/elife.07482,2015-3-18,Funding award numbers
10.7554/elife.100599,2024-6-26,Funding award numbers
10.7554/elife.35178,2018-2-15,Funding award numbers
10.7554/elife.81959,2022-8-1,Funding award numbers
10.7554/elife.42543,2018-10-11,Funding award numbers
10.7554/elife.31295,2017-8-22,Funding award numbers
10.7554/elife.40316,2019-4-4,Funding award numbers
10.7554/elife.104698,2024-11-28,Funding award numbers
10.7554/elife.84161,2022-11-21,Funding award numbers
10.7554/elife.80416,2022-6-30,Funding award numbers
10.7554/elife.54265,2020-1-14,Funding award numbers
10.7554/elife.68072,2021-4-19,Funding award numbers
10.7554/elife.59381,2020-7-1,Funding award numbers
10.7554/elife.68790,2021-4-30,Funding award numbers
10.7554/elife.87550,2023-4-18,Funding award numbers
10.7554/elife.02061,2014-1-28,Funding award numbers
10.7554/elife.107508,2025-6-2,Funding award numbers
10.7554/elife.02515,2014-3-18,Funding award numbers
10.7554/elife.27198,2017-5-12,Funding award numbers
10.7554/elife.18037,2016-6-23,Funding award numbers
10.7554/elife.105995,2025-2-21,Funding award numbers
10.7554/elife.36707,2018-4-4,Funding award numbers
10.7554/elife.42291,2018-10-23,Funding award numbers
10.7554/elife.37641,2018-5-22,Funding award numbers
10.7554/elife.43666,2018-12-3,Funding award numbers
10.7554/elife.89322,2023-5-18,Funding award numbers
10.7554/elife.99181,2024-6-4,Funding award numbers
10.7554/elife.90546,2023-8-11,Funding award numbers
10.7554/elife.99363,2024-6-12,Funding award numbers
10.7554/elife.86172,2023-2-16,Funding award numbers
10.7554/elife.103292,2024-10-25,Funding award numbers
10.7554/elife.12615,2016-1-8,Funding award numbers
10.7554/elife.41041,2018-9-14,Funding award numbers
10.7554/elife.00899,2013-7-16,Funding award numbers
10.7554/elife.41461,2019-4-25,Funding award numbers
10.7554/elife.98933,2024-5-30,Funding award numbers
10.7554/elife.107093,2025-8-22,Funding award numbers
10.7554/elife.01893,2013-12-24,Funding award numbers
10.7554/elife.71455,2022-6-17,Funding award numbers
10.7554/elife.53074,2020-5-26,Funding award numbers
10.7554/elife.32437,2017-10-24,Funding award numbers
10.7554/elife.44799,2019-1-23,Funding award numbers
10.7554/elife.97613,2024-9-5,Funding award numbers
10.7554/elife.29285,2017-11-14,Funding award numbers
10.7554/elife.13620,2016-6-23,Funding award numbers
10.7554/elife.54867,2020-2-21,Funding award numbers
10.7554/elife.80140,2022-10-12,Funding award numbers
10.7554/elife.85006,2023-6-19,Funding award numbers
10.7554/elife.46165,2019-6-11,Funding award numbers
10.7554/elife.45658,2019-4-17,Funding award numbers
10.7554/elife.96693.3,2025-5-21,Funding award numbers
10.7554/elife.94833.4,2024-10-9,Funding award numbers
10.7554/elife.70383,2021-10-26,Funding award numbers
10.7554/elife.86764,2024-3-20,Funding award numbers
10.7554/elife.64384,2020-12-2,Funding award numbers
10.7554/elife.92418.4,2024-12-18,Funding award numbers
10.7554/elife.91627,2023-12-6,Funding award numbers
10.7554/elife.55718,2020-7-13,Funding award numbers
10.7554/elife.79892,2022-11-15,Funding award numbers
10.7554/elife.57067,2020-9-14,Funding award numbers
10.7554/elife.79642,2023-2-2,Funding award numbers
10.7554/elife.16799,2016-11-15,Funding award numbers
10.7554/elife.70217,2022-1-13,Funding award numbers
10.7554/elife.01820,2013-12-11,Funding award numbers
10.7554/elife.12522,2015-11-24,Funding award numbers
10.7554/elife.18204,2016-6-9,Funding award numbers
10.7554/elife.08186,2015-4-27,Funding award numbers
10.7554/elife.83258,2022-9-8,Funding award numbers
10.7554/elife.107584,2025-5-8,Funding award numbers
10.7554/elife.32764,2018-2-20,Funding award numbers
10.7554/elife.90029,2024-12-27,Funding award numbers
10.7554/elife.76106,2022-1-25,Funding award numbers
10.7554/elife.49455,2019-11-22,Funding award numbers
10.7554/elife.79034,2022-4-1,Funding award numbers
10.7554/elife.79304,2022-4-20,Funding award numbers
10.7554/elife.38781,2018-6-4,Funding award numbers
10.7554/elife.38909,2018-6-29,Funding award numbers
10.7554/elife.30948,2017-8-31,Funding award numbers
10.7554/elife.107690,2025-5-19,Funding award numbers
10.7554/elife.66677,2021-1-27,Funding award numbers
10.7554/elife.69225,2021-4-13,Funding award numbers
10.7554/elife.106122,2025-11-4,Funding award numbers
10.7554/elife.48120,2019-10-3,Funding award numbers
10.7554/elife.88695,2024-3-13,Funding award numbers
10.7554/elife.57243,2020-12-28,Funding award numbers
10.7554/elife.78869,2022-5-11,Funding award numbers
10.7554/elife.62983,2020-10-27,Funding award numbers
10.7554/elife.60150,2020-8-5,Funding award numbers
10.7554/elife.18391,2016-7-15,Funding award numbers
10.7554/elife.02041,2014-1-29,Funding award numbers
10.7554/elife.18887,2016-7-29,Funding award numbers
10.7554/elife.02189,2014-2-11,Funding award numbers
10.7554/elife.08283,2015-5-22,Funding award numbers
10.7554/elife.33066,2017-12-5,Funding award numbers
10.7554/elife.33312,2017-12-18,Funding award numbers
10.7554/elife.101724.3,2025-4-3,Funding award numbers
10.7554/elife.30561,2017-8-29,Funding award numbers
10.7554/elife.51746,2019-10-15,Funding award numbers
10.7554/elife.02840,2014-4-22,Funding award numbers
10.7554/elife.12093,2015-12-10,Funding award numbers
10.7554/elife.03754,2014-7-22,Funding award numbers
10.7554/elife.14511,2016-3-7,Funding award numbers
10.7554/elife.28757,2017-7-10,Funding award numbers
10.7554/elife.00914,2013-6-11,Funding award numbers
10.7554/elife.93191,2025-6-20,Funding award numbers
10.7554/elife.96018,2024-2-15,Funding award numbers
10.7554/elife.90447,2023-8-2,Funding award numbers
10.7554/elife.00954,2013-6-18,Funding award numbers
10.7554/elife.06235,2015-2-6,Funding award numbers
10.7554/elife.01605,2013-10-15,Funding award numbers
10.7554/elife.52364,2019-11-12,Funding award numbers
10.7554/elife.80232,2022-6-20,Funding award numbers
10.7554/elife.69680,2021-6-1,Funding award numbers
10.7554/elife.65286,2021-1-28,Funding award numbers
10.7554/elife.74704,2021-11-30,Funding award numbers
10.7554/elife.106766,2025-4-16,Funding award numbers
10.7554/elife.94410,2023-12-21,Funding award numbers
10.7554/elife.67417,2021-3-16,Funding award numbers
10.7554/elife.44826,2019-2-7,Funding award numbers
10.7554/elife.82747,2022-9-7,Funding award numbers
10.7554/elife.06717,2015-3-2,Funding award numbers
10.7554/elife.46569,2019-3-13,Funding award numbers
10.7554/elife.32011,2017-9-29,Funding award numbers
10.7554/elife.78373,2022-4-11,Funding award numbers
10.7554/elife.39524,2018-8-2,Funding award numbers
10.7554/elife.106963,2025-8-21,Funding award numbers
10.7554/elife.109178,2025-10-20,Funding award numbers
10.7554/elife.02763,2014-4-15,Funding award numbers
10.7554/elife.24106,2017-1-24,Funding award numbers
10.7554/elife.44382,2019-1-31,Funding award numbers
10.7554/elife.102432,2025-1-29,Funding award numbers
10.7554/elife.32010,2018-1-9,Funding award numbers
10.7554/elife.74319,2021-11-2,Funding award numbers
10.7554/elife.00270,2012-10-15,Funding award numbers
10.7554/elife.34976,2018-2-28,Funding award numbers
10.7554/elife.68758,2021-10-26,Funding award numbers
10.7554/elife.31234,2017-11-21,Funding award numbers
10.7554/elife.07343,2015-7-28,Funding award numbers
10.7554/elife.93272.3,2024-4-18,Funding award numbers
10.7554/elife.93908.3,2024-6-7,Funding award numbers
10.7554/elife.95480.3,2024-12-10,Funding award numbers
10.7554/elife.94169.3,2025-3-20,Funding award numbers
10.7554/elife.56755,2020-8-19,Funding award numbers
10.7554/elife.65394,2021-8-19,Funding award numbers
10.7554/elife.72664,2022-4-11,Funding award numbers
10.7554/elife.57788,2020-6-18,Funding award numbers
10.7554/elife.08918,2015-10-20,Funding award numbers
10.7554/elife.78005,2023-11-3,Funding award numbers
10.7554/elife.74389,2022-3-11,Funding award numbers
10.7554/elife.70550,2021-12-7,Funding award numbers
10.7554/elife.40686,2018-12-4,Funding award numbers
10.7554/elife.11066,2015-12-9,Funding award numbers
10.7554/elife.45123,2019-2-19,Funding award numbers
10.7554/elife.74637,2022-5-27,Funding award numbers
10.7554/elife.21022,2016-12-28,Funding award numbers
10.7554/elife.83662,2023-2-22,Funding award numbers
10.7554/elife.55130,2020-10-27,Funding award numbers
10.7554/elife.67995,2021-12-7,Funding award numbers
10.7554/elife.59147,2020-5-27,Funding award numbers
10.7554/elife.73477,2021-11-16,Funding award numbers
10.7554/elife.04205,2014-12-12,Funding award numbers
10.7554/elife.107765.3,2025-12-31,Funding award numbers
10.7554/elife.22186,2017-1-19,Funding award numbers
10.7554/elife.00488,2013-2-20,Funding award numbers
10.7554/elife.04998,2014-10-8,Funding award numbers
10.7554/elife.06720,2015-2-6,Funding award numbers
10.7554/elife.100778,2024-7-2,Funding award numbers
10.7554/elife.105903,2025-1-7,Funding award numbers
10.7554/elife.28407,2017-5-11,Funding award numbers
10.7554/elife.35006,2018-7-5,Funding award numbers
10.7554/elife.47172,2019-6-7,Funding award numbers
10.7554/elife.51082,2019-8-19,Funding award numbers
10.7554/elife.52671,2019-10-18,Funding award numbers
10.7554/elife.66685,2021-1-21,Funding award numbers
10.7554/elife.22847,2017-3-18,Funding award numbers
10.7554/elife.90230.3,2023-11-3,Funding award numbers
10.7554/elife.86291,2023-5-10,Funding award numbers
10.7554/elife.87135.3,2023-9-26,Funding award numbers
10.7554/elife.67209,2021-12-2,Funding award numbers
10.7554/elife.01456,2013-9-10,Funding award numbers
10.7554/elife.43928,2019-1-30,Funding award numbers
10.7554/elife.43815,2018-12-28,Funding award numbers
10.7554/elife.65719,2021-1-22,Funding award numbers
10.7554/elife.94088,2024-9-13,Funding award numbers
10.7554/elife.83308,2022-10-13,Funding award numbers
10.7554/elife.07771,2015-5-6,Funding award numbers
10.7554/elife.02854,2014-4-29,Funding award numbers
10.7554/elife.03375,2014-6-17,Funding award numbers
10.7554/elife.94720,2023-12-21,Funding award numbers
10.7554/elife.01928,2014-1-7,Funding award numbers
10.7554/elife.28780,2017-7-5,Funding award numbers
10.7554/elife.28339,2017-6-9,Funding award numbers
10.7554/elife.59113,2020-6-30,Funding award numbers
10.7554/elife.53233,2019-12-6,Funding award numbers
10.7554/elife.53511,2019-12-17,Funding award numbers
10.7554/elife.58084,2020-5-13,Funding award numbers
10.7554/elife.50136,2019-8-29,Funding award numbers
10.7554/elife.85080,2023-1-6,Funding award numbers
10.7554/elife.68976,2021-4-28,Funding award numbers
10.7554/elife.107757,2025-7-2,Funding award numbers
10.7554/elife.107945,2025-7-10,Funding award numbers
10.7554/elife.25410,2017-3-15,Funding award numbers
10.7554/elife.24111,2017-1-12,Funding award numbers
10.7554/elife.66546,2021-2-25,Funding award numbers
10.7554/elife.01738,2013-11-26,Funding award numbers
10.7554/elife.58741,2021-5-4,Funding award numbers
10.7554/elife.50542,2019-8-12,Funding award numbers
10.7554/elife.62939,2021-3-23,Funding award numbers
10.7554/elife.93272,2024-4-18,Funding award numbers
10.7554/elife.33298,2017-12-14,Funding award numbers
10.7554/elife.21506,2016-10-14,Funding award numbers
10.7554/elife.90170,2024-5-23,Funding award numbers
10.7554/elife.42404,2019-1-16,Funding award numbers
10.7554/elife.29996,2017-9-6,Funding award numbers
10.7554/elife.51430,2019-10-15,Funding award numbers
10.7554/elife.73191,2021-9-24,Funding award numbers
10.7554/elife.57445,2020-8-19,Funding award numbers
10.7554/elife.99473,2025-7-21,Funding award numbers
10.7554/elife.12430,2016-3-15,Funding award numbers
10.7554/elife.51004,2020-1-14,Funding award numbers
10.7554/elife.73360,2022-3-7,Funding award numbers
10.7554/elife.78459,2022-7-5,Funding award numbers
10.7554/elife.104718.2,2025-1-31,Funding award numbers
10.7554/elife.22564,2017-6-26,Funding award numbers
10.7554/elife.24845,2017-4-22,Funding award numbers
10.7554/elife.71945,2022-3-16,Funding award numbers
10.7554/elife.03790,2014-11-17,Funding award numbers
10.7554/elife.109109,2025-9-10,Funding award numbers
10.7554/elife.109210,2025-9-11,Funding award numbers
10.7554/elife.21585,2016-9-27,Funding award numbers
10.7554/elife.06900,2015-2-12,Funding award numbers
10.7554/elife.09993,2015-7-17,Funding award numbers
10.7554/elife.72188,2021-7-22,Funding award numbers
10.7554/elife.26228,2017-3-2,Funding award numbers
10.7554/elife.28693,2017-5-22,Funding award numbers
10.7554/elife.86333,2023-7-7,Funding award numbers
10.7554/elife.13399,2016-3-15,Funding award numbers
10.7554/elife.88732.3,2024-1-22,Funding award numbers
10.7554/elife.58361,2021-4-26,Funding award numbers
10.7554/elife.97099,2024-2-20,Funding award numbers
10.7554/elife.10825,2015-9-14,Funding award numbers
10.7554/elife.109920,2026-1-5,Funding award numbers
10.7554/elife.00522,2013-8-6,Funding award numbers
10.7554/elife.09832,2015-11-2,Funding award numbers
10.7554/elife.29217,2017-7-6,Funding award numbers
10.7554/elife.42400,2018-12-6,Funding award numbers
10.7554/elife.27483,2017-7-6,Funding award numbers
10.7554/elife.85862,2023-10-25,Funding award numbers
10.7554/elife.02956,2014-8-14,Funding award numbers
10.7554/elife.34044,2018-4-16,Funding award numbers
10.7554/elife.55167,2020-5-19,Funding award numbers
10.7554/elife.19375,2016-10-19,Funding award numbers
10.7554/elife.41815,2019-1-8,Funding award numbers
10.7554/elife.84553,2023-12-28,Funding award numbers
10.7554/elife.95068,2023-12-11,Funding award numbers
10.7554/elife.92763,2023-11-2,Funding award numbers
10.7554/elife.73553,2021-10-18,Funding award numbers
10.7554/elife.00615,2013-3-5,Funding award numbers
10.7554/elife.102878,2024-10-1,Funding award numbers
10.7554/elife.00639,2013-4-2,Funding award numbers
10.7554/elife.12721,2016-1-18,Funding award numbers
10.7554/elife.66254,2021-2-16,Funding award numbers
10.7554/elife.106689,2025-4-10,Funding award numbers
10.7554/elife.53399,2019-12-19,Funding award numbers
10.7554/elife.01291,2013-8-27,Funding award numbers
10.7554/elife.107049,2025-5-19,Funding award numbers
10.7554/elife.107113,2025-5-12,Funding award numbers
10.7554/elife.07690,2015-4-29,Funding award numbers
10.7554/elife.74951,2022-1-11,Funding award numbers
10.7554/elife.88044,2023-4-28,Funding award numbers
10.7554/elife.41348,2018-10-2,Funding award numbers
10.7554/elife.44944,2019-1-29,Funding award numbers
10.7554/elife.44829,2019-2-12,Funding award numbers
10.7554/elife.51167,2019-9-25,Funding award numbers
10.7554/elife.20196,2016-9-6,Funding award numbers
10.7554/elife.01926,2013-12-31,Funding award numbers
10.7554/elife.08595,2015-11-27,Funding award numbers
10.7554/elife.08997,2015-9-1,Funding award numbers
10.7554/elife.18770,2017-2-6,Funding award numbers
10.7554/elife.04796,2015-7-16,Funding award numbers
10.7554/elife.43718,2019-6-11,Funding award numbers
10.7554/elife.88334.3,2025-2-5,Funding award numbers
10.7554/elife.85618,2023-8-24,Funding award numbers
10.7554/elife.99302,2025-7-28,Funding award numbers
10.7554/elife.99642,2025-1-21,Funding award numbers
10.7554/elife.98853,2024-11-7,Funding award numbers
10.7554/elife.44252,2019-4-30,Funding award numbers
10.7554/elife.45261,2019-7-29,Funding award numbers
10.7554/elife.71132,2022-1-17,Funding award numbers
10.7554/elife.71876,2022-11-10,Funding award numbers
10.7554/elife.108061,2025-9-9,Funding award numbers
10.7554/elife.63586,2021-2-11,Funding award numbers
10.7554/elife.36263,2018-3-27,Funding award numbers
10.7554/elife.45734,2019-3-7,Funding award numbers
10.7554/elife.79310,2022-5-19,Funding award numbers
10.7554/elife.14274,2016-2-23,Funding award numbers
10.7554/elife.41136,2018-10-1,Funding award numbers
10.7554/elife.36832,2018-4-27,Funding award numbers
10.7554/elife.03980,2014-8-13,Funding award numbers
10.7554/elife.105633,2025-1-27,Funding award numbers
10.7554/elife.04600,2014-10-13,Funding award numbers
10.7554/elife.39915,2018-7-11,Funding award numbers
10.7554/elife.28514,2017-6-13,Funding award numbers
10.7554/elife.27605,2017-5-17,Funding award numbers
10.7554/elife.56214,2020-4-15,Funding award numbers
10.7554/elife.30191,2017-8-14,Funding award numbers
10.7554/elife.81334,2022-7-26,Funding award numbers
10.7554/elife.09305,2015-6-30,Funding award numbers
10.7554/elife.48520,2019-6-25,Funding award numbers
10.7554/elife.36967,2018-9-4,Funding award numbers
10.7554/elife.16135,2016-7-21,Funding award numbers
10.7554/elife.104936,2024-12-5,Funding award numbers
10.7554/elife.12844,2015-11-24,Funding award numbers
10.7554/elife.00505,2013-6-11,Funding award numbers
10.7554/elife.46961,2019-10-22,Funding award numbers
10.7554/elife.52200,2019-11-11,Funding award numbers
10.7554/elife.45379,2019-3-12,Funding award numbers
10.7554/elife.95524.3,2024-9-11,Funding award numbers
10.7554/elife.20343,2017-1-17,Funding award numbers
10.7554/elife.87463,2023-7-31,Funding award numbers
10.7554/elife.01663,2013-10-11,Funding award numbers
10.7554/elife.108677,2025-8-12,Funding award numbers
10.7554/elife.08658,2015-5-18,Funding award numbers
10.7554/elife.34464,2017-12-20,Funding award numbers
10.7554/elife.65803,2020-12-17,Funding award numbers
10.7554/elife.90048,2023-6-12,Funding award numbers
10.7554/elife.13568,2016-4-4,Funding award numbers
10.7554/elife.27725,2017-9-5,Funding award numbers
10.7554/elife.74136,2022-6-7,Funding award numbers
10.7554/elife.59323,2021-1-20,Funding award numbers
10.7554/elife.14997,2016-4-26,Funding award numbers
10.7554/elife.71103,2022-1-21,Funding award numbers
10.7554/elife.78515,2023-5-31,Funding award numbers
10.7554/elife.91826,2024-3-6,Funding award numbers
10.7554/elife.100219,2024-7-4,Funding award numbers
10.7554/elife.19022,2016-10-28,Funding award numbers
10.7554/elife.00590,2014-1-21,Funding award numbers
10.7554/elife.101779.3,2025-6-10,Funding award numbers
10.7554/elife.10921,2016-1-6,Funding award numbers
10.7554/elife.08172,2015-7-7,Funding award numbers
10.7554/elife.93719,2023-12-13,Funding award numbers
10.7554/elife.90782.4,2024-5-28,Funding award numbers
10.7554/elife.41081,2018-12-27,Funding award numbers
10.7554/elife.98073.4,2025-10-9,Funding award numbers
10.7554/elife.14345,2016-2-23,Funding award numbers
10.7554/elife.46375,2019-4-4,Funding award numbers
10.7554/elife.56886,2020-5-14,Funding award numbers
10.7554/elife.59140,2020-6-25,Funding award numbers
10.7554/elife.100824,2024-7-25,Funding award numbers
10.7554/elife.07204,2015-4-2,Funding award numbers
10.7554/elife.107226,2025-5-8,Funding award numbers
10.7554/elife.53276,2019-12-13,Funding award numbers
10.7554/elife.76320,2022-1-20,Funding award numbers
10.7554/elife.80890,2022-7-15,Funding award numbers
10.7554/elife.47985,2019-5-7,Funding award numbers
10.7554/elife.05418,2014-12-12,Funding award numbers
10.7554/elife.09919,2015-8-11,Funding award numbers
10.7554/elife.89158,2023-6-14,Funding award numbers
10.7554/elife.108962,2025-10-1,Funding award numbers
10.7554/elife.50765,2020-1-14,Funding award numbers
10.7554/elife.07552,2015-4-27,Funding award numbers
10.7554/elife.78416,2022-9-6,Funding award numbers
10.7554/elife.01473,2014-2-4,Funding award numbers
10.7554/elife.54373,2020-2-7,Funding award numbers
10.7554/elife.98052,2024-5-3,Funding award numbers
10.7554/elife.72791,2021-9-9,Funding award numbers
10.7554/elife.55952,2020-3-25,Funding award numbers
10.7554/elife.88595,2023-5-16,Funding award numbers
10.7554/elife.78549,2022-4-21,Funding award numbers
10.7554/elife.64739,2020-11-23,Funding award numbers
10.7554/elife.52418,2019-11-8,Funding award numbers
10.7554/elife.68070,2021-4-6,Funding award numbers
10.7554/elife.57105,2020-4-17,Funding award numbers
10.7554/elife.98593,2025-2-12,Funding award numbers
10.7554/elife.04476,2014-9-24,Funding award numbers
10.7554/elife.65221,2021-1-25,Funding award numbers
10.7554/elife.31745,2018-3-14,Funding award numbers
10.7554/elife.29747,2018-1-9,Funding award numbers
10.7554/elife.25818,2017-8-8,Funding award numbers
10.7554/elife.47776,2019-12-6,Funding award numbers
10.7554/elife.90766,2024-10-2,Funding award numbers
10.7554/elife.50706,2019-12-11,Funding award numbers
10.7554/elife.50243,2019-12-30,Funding award numbers
10.7554/elife.87198.3,2023-12-22,Funding award numbers
10.7554/elife.02516,2014-2-18,Funding award numbers
10.7554/elife.102368,2024-9-10,Funding award numbers
10.7554/elife.28377,2017-9-20,Funding award numbers
10.7554/elife.94608.3,2024-7-4,Funding award numbers
10.7554/elife.78295,2022-6-8,Funding award numbers
10.7554/elife.82502,2023-5-2,Funding award numbers
10.7554/elife.31543,2018-2-27,Funding award numbers
10.7554/elife.64057,2020-11-20,Funding award numbers
10.7554/elife.88749,2023-6-2,Funding award numbers
10.7554/elife.76242,2022-1-18,Funding award numbers
10.7554/elife.20468,2016-9-13,Funding award numbers
10.7554/elife.51642,2019-12-24,Funding award numbers
10.7554/elife.74104,2022-8-17,Funding award numbers
10.7554/elife.45249,2019-7-22,Funding award numbers
10.7554/elife.82818,2023-4-6,Funding award numbers
10.7554/elife.08477,2015-9-21,Funding award numbers
10.7554/elife.36137,2018-4-10,Funding award numbers
10.7554/elife.26030,2017-6-27,Funding award numbers
10.7554/elife.84310,2022-10-27,Funding award numbers
10.7554/elife.31708,2017-9-6,Funding award numbers
10.7554/elife.00992,2013-6-11,Funding award numbers
10.7554/elife.108911,2025-8-20,Funding award numbers
10.7554/elife.109900,2025-11-14,Funding award numbers
10.7554/elife.06656,2015-2-2,Funding award numbers
10.7554/elife.103529,2024-9-26,Funding award numbers
10.7554/elife.103993,2024-10-3,Funding award numbers
10.7554/elife.108007,2025-6-18,Funding award numbers
10.7554/elife.75422,2021-11-11,Funding award numbers
10.7554/elife.77538,2022-2-14,Funding award numbers
10.7554/elife.46989,2019-4-2,Funding award numbers
10.7554/elife.47174,2019-3-29,Funding award numbers
10.7554/elife.59154,2020-5-26,Funding award numbers
10.7554/elife.79543,2022-12-1,Funding award numbers
10.7554/elife.03007,2014-9-2,Funding award numbers
10.7554/elife.82232,2023-2-9,Funding award numbers
10.7554/elife.41836,2020-1-24,Funding award numbers
10.7554/elife.00286,2012-10-15,Funding award numbers
10.7554/elife.74935,2021-12-2,Funding award numbers
10.7554/elife.71712,2021-9-3,Funding award numbers
10.7554/elife.77553,2022-5-17,Funding award numbers
10.7554/elife.57591,2020-6-15,Funding award numbers
10.7554/elife.58807,2020-6-15,Funding award numbers
10.7554/elife.04806,2015-2-2,Funding award numbers
10.7554/elife.12559,2015-12-23,Funding award numbers
10.7554/elife.02576,2014-4-1,Funding award numbers
10.7554/elife.85679,2023-4-4,Funding award numbers
10.7554/elife.01426,2013-12-17,Funding award numbers
10.7554/elife.80373,2022-6-30,Funding award numbers
10.7554/elife.76105,2022-1-21,Funding award numbers
10.7554/elife.58874,2020-6-8,Funding award numbers
10.7554/elife.04565,2014-9-19,Funding award numbers
10.7554/elife.101604,2025-1-17,Funding award numbers
10.7554/elife.40447,2018-8-28,Funding award numbers
10.7554/elife.29104,2017-6-27,Funding award numbers
10.7554/elife.22497,2016-12-6,Funding award numbers
10.7554/elife.105736,2025-2-5,Funding award numbers
10.7554/elife.15352,2016-3-29,Funding award numbers
10.7554/elife.04909,2014-10-28,Funding award numbers
10.7554/elife.36561,2018-4-13,Funding award numbers
10.7554/elife.00301,2012-11-13,Funding award numbers
10.7554/elife.19826,2016-8-24,Funding award numbers
10.7554/elife.00571,2013-2-19,Funding award numbers
10.7554/elife.20043,2016-8-31,Funding award numbers
10.7554/elife.105293,2024-12-18,Funding award numbers
10.7554/elife.09103,2015-7-2,Funding award numbers
10.7554/elife.00856,2013-5-28,Funding award numbers
10.7554/elife.68643,2021-4-23,Funding award numbers
10.7554/elife.55749,2020-2-12,Funding award numbers
10.7554/elife.106190,2025-2-26,Funding award numbers
10.7554/elife.31781,2017-10-19,Funding award numbers
10.7554/elife.17394,2016-5-23,Funding award numbers
10.7554/elife.106507,2025-3-20,Funding award numbers
10.7554/elife.52669,2019-10-25,Funding award numbers
10.7554/elife.01658,2013-11-19,Funding award numbers
10.7554/elife.17693,2016-6-9,Funding award numbers
10.7554/elife.01541,2013-10-22,Funding award numbers
10.7554/elife.01839,2013-12-17,Funding award numbers
10.7554/elife.19405,2016-8-9,Funding award numbers
10.7554/elife.77184,2022-1-28,Funding award numbers
10.7554/elife.93706,2023-11-29,Funding award numbers
10.7554/elife.94128,2023-12-14,Funding award numbers
10.7554/elife.95545,2025-4-25,Funding award numbers
10.7554/elife.90419,2024-12-13,Funding award numbers
10.7554/elife.94879,2023-12-5,Funding award numbers
10.7554/elife.15747,2016-6-16,Funding award numbers
10.7554/elife.35222,2018-9-10,Funding award numbers
10.7554/elife.92940.3,2024-11-25,Funding award numbers
10.7554/elife.93183,2025-1-9,Funding award numbers
10.7554/elife.90735.4,2024-6-21,Funding award numbers
10.7554/elife.89911.3,2024-8-1,Funding award numbers
10.7554/elife.07072,2015-6-25,Funding award numbers
10.7554/elife.105864.3,2025-11-6,Funding award numbers
10.7554/elife.20762,2016-10-15,Funding award numbers
10.7554/elife.20770,2016-12-9,Funding award numbers
10.7554/elife.36709,2018-8-7,Funding award numbers
10.7554/elife.97650,2025-3-25,Funding award numbers
10.7554/elife.73430,2021-12-7,Funding award numbers
10.7554/elife.13119,2015-12-23,Funding award numbers
10.7554/elife.14953,2016-3-7,Funding award numbers
10.7554/elife.10829,2015-9-15,Funding award numbers
10.7554/elife.46973,2019-4-17,Funding award numbers
10.7554/elife.30865,2017-9-13,Funding award numbers
10.7554/elife.32715,2017-10-19,Funding award numbers
10.7554/elife.106133,2025-3-11,Funding award numbers
10.7554/elife.75469,2021-12-21,Funding award numbers
10.7554/elife.105929,2025-2-12,Funding award numbers
10.7554/elife.55508,2020-5-7,Funding award numbers
10.7554/elife.52232,2019-10-1,Funding award numbers
10.7554/elife.87047,2023-3-22,Funding award numbers
10.7554/elife.100571,2024-7-23,Funding award numbers
10.7554/elife.30076,2017-7-11,Funding award numbers
10.7554/elife.25358,2017-3-8,Funding award numbers
10.7554/elife.90170.3,2024-5-23,Funding award numbers
10.7554/elife.55212,2020-10-16,Funding award numbers
10.7554/elife.104975.4,2025-12-16,Funding award numbers
10.7554/elife.104975,2025-12-16,Funding award numbers
10.7554/elife.19545,2016-11-18,Funding award numbers
10.7554/elife.06619,2015-8-6,Funding award numbers
10.7554/elife.63035,2020-12-24,Funding award numbers
10.7554/elife.05042,2015-4-14,Funding award numbers
10.7554/elife.01108,2013-7-2,Funding award numbers
10.7554/elife.104437,2024-10-15,Funding award numbers
10.7554/elife.107151,2025-4-15,Funding award numbers
10.7554/elife.74328,2021-10-5,Funding award numbers
10.7554/elife.87504,2023-3-7,Funding award numbers
10.7554/elife.74611,2022-8-9,Funding award numbers
10.7554/elife.50223,2019-11-19,Funding award numbers
10.7554/elife.38744,2018-9-4,Funding award numbers
10.7554/elife.04543,2014-12-16,Funding award numbers
10.7554/elife.90007,2023-6-22,Funding award numbers
10.7554/elife.28013,2017-4-25,Funding award numbers
10.7554/elife.29876,2017-6-26,Funding award numbers
10.7554/elife.35974,2018-3-7,Funding award numbers
10.7554/elife.36414,2018-3-12,Funding award numbers
10.7554/elife.42513,2018-10-10,Funding award numbers
10.7554/elife.59190,2020-8-7,Funding award numbers
10.7554/elife.93908,2024-6-7,Funding award numbers
10.7554/elife.53348,2020-1-7,Funding award numbers
10.7554/elife.44063,2019-4-29,Funding award numbers
10.7554/elife.107733.3,2025-12-4,Funding award numbers
10.7554/elife.17584,2017-1-19,Funding award numbers
10.7554/elife.07314,2015-4-15,Funding award numbers
10.7554/elife.45807,2019-8-2,Funding award numbers
10.7554/elife.107777,2025-7-8,Funding award numbers
10.7554/elife.92941,2024-6-19,Funding award numbers
10.7554/elife.19285,2016-8-9,Funding award numbers
10.7554/elife.23693,2017-1-19,Funding award numbers
10.7554/elife.22850,2016-11-29,Funding award numbers
10.7554/elife.32783,2017-11-27,Funding award numbers
10.7554/elife.11760,2015-10-27,Funding award numbers
10.7554/elife.21162,2016-9-30,Funding award numbers
10.7554/elife.14447,2016-2-23,Funding award numbers
10.7554/elife.14523,2016-3-1,Funding award numbers
10.7554/elife.01135,2013-8-6,Funding award numbers
10.7554/elife.22073,2016-11-11,Funding award numbers
10.7554/elife.14721,2016-2-26,Funding award numbers
10.7554/elife.101583,2025-7-28,Funding award numbers
10.7554/elife.96381,2024-3-19,Funding award numbers
10.7554/elife.92566,2023-9-14,Funding award numbers
10.7554/elife.52931,2019-11-29,Funding award numbers
10.7554/elife.47807,2019-5-28,Funding award numbers
10.7554/elife.67169,2021-3-9,Funding award numbers
10.7554/elife.84298,2022-11-17,Funding award numbers
10.7554/elife.80699,2022-7-7,Funding award numbers
10.7554/elife.24276,2017-1-30,Funding award numbers
10.7554/elife.65581,2021-2-4,Funding award numbers
10.7554/elife.93330,2023-10-12,Funding award numbers
10.7554/elife.67895,2021-4-1,Funding award numbers
10.7554/elife.87355,2023-4-5,Funding award numbers
10.7554/elife.68271,2021-4-13,Funding award numbers
10.7554/elife.50585,2019-9-12,Funding award numbers
10.7554/elife.55720,2020-3-13,Funding award numbers
10.7554/elife.22915,2017-1-19,Funding award numbers
10.7554/elife.41491,2018-10-9,Funding award numbers
10.7554/elife.87135,2023-9-26,Funding award numbers
10.7554/elife.41873,2019-2-15,Funding award numbers
10.7554/elife.93099,2025-2-18,Funding award numbers
10.7554/elife.28755,2017-10-19,Funding award numbers
10.7554/elife.29002,2017-9-27,Funding award numbers
10.7554/elife.79655,2022-11-3,Funding award numbers
10.7554/elife.79620,2023-4-21,Funding award numbers
10.7554/elife.16475,2016-8-18,Funding award numbers
10.7554/elife.11566,2016-2-19,Funding award numbers
10.7554/elife.105065.3,2025-9-12,Funding award numbers
10.7554/elife.01730,2014-4-22,Funding award numbers
10.7554/elife.03405,2014-9-18,Funding award numbers
10.7554/elife.26886,2017-5-10,Funding award numbers
10.7554/elife.27469,2017-12-18,Funding award numbers
10.7554/elife.84524,2022-12-2,Funding award numbers
10.7554/elife.92074,2024-11-6,Funding award numbers
10.7554/elife.28699,2017-7-25,Funding award numbers
10.7554/elife.84245,2023-2-10,Funding award numbers
10.7554/elife.08150,2015-10-6,Funding award numbers
10.7554/elife.03702,2014-7-22,Funding award numbers
10.7554/elife.02993,2014-5-6,Funding award numbers
10.7554/elife.35592,2018-3-16,Funding award numbers
10.7554/elife.108860,2025-8-21,Funding award numbers
10.7554/elife.110283,2025-12-19,Funding award numbers
10.7554/elife.12215,2016-2-10,Funding award numbers
10.7554/elife.88586,2023-4-18,Funding award numbers
10.7554/elife.29017,2017-6-5,Funding award numbers
10.7554/elife.29743,2017-6-20,Funding award numbers
10.7554/elife.30537,2017-7-19,Funding award numbers
10.7554/elife.41593,2018-11-1,Funding award numbers
10.7554/elife.49040,2019-6-5,Funding award numbers
10.7554/elife.90221,2024-1-9,Funding award numbers
10.7554/elife.47036,2019-4-29,Funding award numbers
10.7554/elife.47362,2019-8-27,Funding award numbers
10.7554/elife.17505,2016-8-23,Funding award numbers
10.7554/elife.45089,2019-2-5,Funding award numbers
10.7554/elife.62668,2020-11-4,Funding award numbers
10.7554/elife.104942,2024-12-16,Funding award numbers
10.7554/elife.23006,2017-1-21,Funding award numbers
10.7554/elife.69066,2021-8-31,Funding award numbers
10.7554/elife.10250,2016-2-27,Funding award numbers
10.7554/elife.18489,2016-11-15,Funding award numbers
10.7554/elife.79928,2023-2-13,Funding award numbers
10.7554/elife.63703,2021-2-10,Funding award numbers
10.7554/elife.58942,2020-11-3,Funding award numbers
10.7554/elife.95185,2024-10-3,Funding award numbers
10.7554/elife.85338,2023-8-3,Funding award numbers
10.7554/elife.19021,2016-11-16,Funding award numbers
10.7554/elife.69422,2021-5-21,Funding award numbers
10.7554/elife.14169,2016-2-9,Funding award numbers
10.7554/elife.43511,2019-3-12,Funding award numbers
10.7554/elife.94168,2025-1-29,Funding award numbers
10.7554/elife.94168.4,2025-1-29,Funding award numbers
10.7554/elife.00895,2013-5-28,Funding award numbers
10.7554/elife.50890,2019-9-10,Funding award numbers
10.7554/elife.73963,2021-10-26,Funding award numbers
10.7554/elife.86051,2023-4-11,Funding award numbers
10.7554/elife.32064,2017-10-26,Funding award numbers
10.7554/elife.00351,2012-12-13,Funding award numbers
10.7554/elife.08232,2015-6-2,Funding award numbers
10.7554/elife.84702,2022-12-8,Funding award numbers
10.7554/elife.98274,2024-5-3,Funding award numbers
10.7554/elife.17224,2016-5-31,Funding award numbers
10.7554/elife.104239,2024-11-14,Funding award numbers
10.7554/elife.62230,2020-9-22,Funding award numbers
10.7554/elife.22735,2016-12-2,Funding award numbers
10.7554/elife.14830,2016-3-7,Funding award numbers
10.7554/elife.00663,2013-4-9,Funding award numbers
10.7554/elife.33682,2017-12-27,Funding award numbers
10.7554/elife.26754,2017-4-28,Funding award numbers
10.7554/elife.98548,2024-5-24,Funding award numbers
10.7554/elife.64597,2020-12-23,Funding award numbers
10.7554/elife.54665,2020-2-4,Funding award numbers
10.7554/elife.48459,2019-6-11,Funding award numbers
10.7554/elife.00558,2013-6-4,Funding award numbers
10.7554/elife.20337,2016-10-1,Funding award numbers
10.7554/elife.50576,2019-12-19,Funding award numbers
10.7554/elife.54573,2020-9-24,Funding award numbers
10.7554/elife.37552,2018-5-24,Funding award numbers
10.7554/elife.38410,2018-6-26,Funding award numbers
10.7554/elife.18871,2016-7-27,Funding award numbers
10.7554/elife.105311,2025-7-2,Funding award numbers
10.7554/elife.72989,2022-3-31,Funding award numbers
10.7554/elife.03600,2014-10-10,Funding award numbers
10.7554/elife.77095,2022-6-24,Funding award numbers
10.7554/elife.87255,2023-10-24,Funding award numbers
10.7554/elife.58603,2020-5-26,Funding award numbers
10.7554/elife.32481,2017-12-29,Funding award numbers
10.7554/elife.57685,2020-11-18,Funding award numbers
10.7554/elife.33383,2017-12-12,Funding award numbers
10.7554/elife.56765,2020-5-28,Funding award numbers
10.7554/elife.44560,2019-2-5,Funding award numbers
10.7554/elife.83076,2022-10-14,Funding award numbers
10.7554/elife.97465,2024-12-23,Funding award numbers
10.7554/elife.74513,2022-5-26,Funding award numbers
10.7554/elife.04024,2015-1-26,Funding award numbers
10.7554/elife.02172,2014-3-25,Funding award numbers
10.7554/elife.08384,2016-3-21,Funding award numbers
10.7554/elife.26278,2017-9-13,Funding award numbers
10.7554/elife.16886,2016-6-2,Funding award numbers
10.7554/elife.47047,2019-7-9,Funding award numbers
10.7554/elife.108061.2,2025-9-9,Funding award numbers
10.7554/elife.86194.3,2024-12-23,Funding award numbers
10.7554/elife.65358,2021-5-21,Funding award numbers
10.7554/elife.40947,2019-2-26,Funding award numbers
10.7554/elife.00475,2012-12-31,Funding award numbers
10.7554/elife.16059,2017-4-11,Funding award numbers
10.7554/elife.84508,2023-6-1,Funding award numbers
10.7554/elife.84659,2022-12-12,Funding award numbers
10.7554/elife.84808,2023-7-5,Funding award numbers
10.7554/elife.00731,2013-5-28,Funding award numbers
10.7554/elife.16041,2016-6-22,Funding award numbers
10.7554/elife.11988,2015-10-9,Funding award numbers
10.7554/elife.19109,2016-7-1,Funding award numbers
10.7554/elife.100526,2024-6-14,Funding award numbers
10.7554/elife.78698,2022-3-22,Funding award numbers
10.7554/elife.25532,2017-2-1,Funding award numbers
10.7554/elife.44029,2018-11-30,Funding award numbers
10.7554/elife.44851,2019-1-7,Funding award numbers
10.7554/elife.65214,2020-12-4,Funding award numbers
10.7554/elife.44341,2019-2-26,Funding award numbers
10.7554/elife.64972,2021-4-22,Funding award numbers
10.7554/elife.58376,2020-11-17,Funding award numbers
10.7554/elife.39911,2018-10-19,Funding award numbers
10.7554/elife.08127,2015-7-7,Funding award numbers
10.7554/elife.38089,2018-7-25,Funding award numbers
10.7554/elife.57162,2020-3-25,Funding award numbers
10.7554/elife.72289,2021-10-1,Funding award numbers
10.7554/elife.12845,2016-4-11,Funding award numbers
10.7554/elife.58591,2021-4-23,Funding award numbers
10.7554/elife.01599,2013-10-29,Funding award numbers
10.7554/elife.01845,2013-12-17,Funding award numbers
10.7554/elife.00347,2012-12-13,Funding award numbers
10.7554/elife.37926,2018-5-31,Funding award numbers
10.7554/elife.17052,2016-5-25,Funding award numbers
10.7554/elife.44181,2019-1-16,Funding award numbers
10.7554/elife.38532,2018-6-11,Funding award numbers
10.7554/elife.75243,2021-12-17,Funding award numbers
10.7554/elife.75695,2021-12-22,Funding award numbers
10.7554/elife.14150,2016-2-11,Funding award numbers
10.7554/elife.27982,2017-5-4,Funding award numbers
10.7554/elife.05504,2014-11-19,Funding award numbers
10.7554/elife.64945,2020-12-22,Funding award numbers
10.7554/elife.69863,2021-6-8,Funding award numbers
10.7554/elife.86268,2023-2-21,Funding award numbers
10.7554/elife.95733,2025-5-19,Funding award numbers
10.7554/elife.48899,2019-7-11,Funding award numbers
10.7554/elife.50148,2019-9-3,Funding award numbers
10.7554/elife.77751,2022-3-28,Funding award numbers
10.7554/elife.05983,2015-1-13,Funding award numbers
10.7554/elife.106519,2025-4-1,Funding award numbers
10.7554/elife.38726,2018-7-3,Funding award numbers
10.7554/elife.105612,2025-1-22,Funding award numbers
10.7554/elife.89419,2023-5-18,Funding award numbers
10.7554/elife.67838,2021-10-5,Funding award numbers
10.7554/elife.03178,2014-5-6,Funding award numbers
10.7554/elife.14128,2016-1-22,Funding award numbers
10.7554/elife.14282,2016-1-28,Funding award numbers
10.7554/elife.09036,2015-6-4,Funding award numbers
10.7554/elife.40684,2018-8-3,Funding award numbers
10.7554/elife.94414,2023-11-14,Funding award numbers
10.7554/elife.40247,2018-12-11,Funding award numbers
10.7554/elife.71156,2022-3-22,Funding award numbers
10.7554/elife.68684,2021-4-16,Funding award numbers
10.7554/elife.43510,2019-4-2,Funding award numbers
10.7554/elife.00471,2013-1-29,Funding award numbers
10.7554/elife.66755,2021-2-26,Funding award numbers
10.7554/elife.93980,2023-12-15,Funding award numbers
10.7554/elife.60287,2020-11-3,Funding award numbers
10.7554/elife.104071,2024-10-25,Funding award numbers
10.7554/elife.53288,2020-5-19,Funding award numbers
10.7554/elife.34122,2018-3-26,Funding award numbers
10.7554/elife.11888,2016-4-7,Funding award numbers
10.7554/elife.16597,2016-5-17,Funding award numbers
10.7554/elife.03233,2014-5-28,Funding award numbers
10.7554/elife.02517,2014-4-15,Funding award numbers
10.7554/elife.102637.2,2025-6-30,Funding award numbers
10.7554/elife.00804,2013-5-14,Funding award numbers
10.7554/elife.77041,2022-2-21,Funding award numbers
10.7554/elife.106201.3,2025-12-17,Funding award numbers
10.7554/elife.35619,2018-5-29,Funding award numbers
10.7554/elife.109869,2025-12-11,Funding award numbers
10.7554/elife.01482,2013-12-17,Funding award numbers
10.7554/elife.62202,2021-4-12,Funding award numbers
10.7554/elife.58040,2020-5-28,Funding award numbers
10.7554/elife.34354,2018-11-21,Funding award numbers
10.7554/elife.77216,2022-11-14,Funding award numbers
10.7554/elife.80768,2023-3-17,Funding award numbers
10.7554/elife.97100.4,2025-8-14,Funding award numbers
10.7554/elife.90333.3,2023-11-13,Funding award numbers
10.7554/elife.28590,2017-9-26,Funding award numbers
10.7554/elife.14424,2016-4-26,Funding award numbers
10.7554/elife.82498,2023-2-28,Funding award numbers
10.7554/elife.84314,2023-9-21,Funding award numbers
10.7554/elife.23040,2017-7-25,Funding award numbers
10.7554/elife.55316,2020-7-28,Funding award numbers
10.7554/elife.00799,2013-4-30,Funding award numbers
10.7554/elife.03542,2015-2-2,Funding award numbers
10.7554/elife.76461,2022-7-7,Funding award numbers
10.7554/elife.23210,2017-4-21,Funding award numbers
10.7554/elife.91824,2023-10-16,Funding award numbers
10.7554/elife.74650,2022-3-22,Funding award numbers
10.7554/elife.48301,2019-10-15,Funding award numbers
10.7554/elife.45931,2019-3-19,Funding award numbers
10.7554/elife.32486,2018-1-10,Funding award numbers
10.7554/elife.81412,2022-10-18,Funding award numbers
10.7554/elife.19048,2016-9-14,Funding award numbers
10.7554/elife.27041,2017-12-5,Funding award numbers
10.7554/elife.13051,2016-2-20,Funding award numbers
10.7554/elife.18805,2016-10-26,Funding award numbers
10.7554/elife.54066,2020-7-21,Funding award numbers
10.7554/elife.90695,2024-11-8,Funding award numbers
10.7554/elife.33149,2018-8-22,Funding award numbers
10.7554/elife.41608,2019-4-8,Funding award numbers
10.7554/elife.26295,2017-4-4,Funding award numbers
10.7554/elife.62222,2020-9-22,Funding award numbers
10.7554/elife.71178,2021-7-14,Funding award numbers
10.7554/elife.49414,2019-7-26,Funding award numbers
10.7554/elife.54874,2020-2-6,Funding award numbers
10.7554/elife.77544,2022-3-15,Funding award numbers
10.7554/elife.18203,2016-6-27,Funding award numbers
10.7554/elife.96485,2024-2-28,Funding award numbers
10.7554/elife.97247,2024-3-27,Funding award numbers
10.7554/elife.92931,2023-9-26,Funding award numbers
10.7554/elife.00302,2012-11-13,Funding award numbers
10.7554/elife.02904,2014-5-8,Funding award numbers
10.7554/elife.10317,2015-8-28,Funding award numbers
10.7554/elife.27292,2017-5-9,Funding award numbers
10.7554/elife.09519,2015-7-21,Funding award numbers
10.7554/elife.33590,2017-12-12,Funding award numbers
10.7554/elife.100737,2025-4-23,Funding award numbers
10.7554/elife.37910,2018-6-7,Funding award numbers
10.7554/elife.70149,2021-6-15,Funding award numbers
10.7554/elife.88215,2023-5-12,Funding award numbers
10.7554/elife.85565,2023-2-3,Funding award numbers
10.7554/elife.69192,2021-5-17,Funding award numbers
10.7554/elife.83121,2022-10-7,Funding award numbers
10.7554/elife.35029,2018-2-20,Funding award numbers
10.7554/elife.78327,2022-4-25,Funding award numbers
10.7554/elife.64910,2020-12-1,Funding award numbers
10.7554/elife.106249,2025-10-13,Funding award numbers
10.7554/elife.02199,2014-2-5,Funding award numbers
10.7554/elife.14239,2016-2-15,Funding award numbers
10.7554/elife.24038,2017-1-13,Funding award numbers
10.7554/elife.70757,2021-7-2,Funding award numbers
10.7554/elife.76264,2022-2-1,Funding award numbers
10.7554/elife.60692,2020-9-8,Funding award numbers
10.7554/elife.57947,2020-10-30,Funding award numbers
10.7554/elife.29605,2017-12-7,Funding award numbers
10.7554/elife.36395,2018-8-3,Funding award numbers
10.7554/elife.36588,2018-8-13,Funding award numbers
10.7554/elife.07383,2016-1-29,Funding award numbers
10.7554/elife.20487,2017-3-15,Funding award numbers
10.7554/elife.81890,2022-8-22,Funding award numbers
10.7554/elife.93413,2025-1-8,Funding award numbers
10.7554/elife.03164,2014-9-16,Funding award numbers
10.7554/elife.34311,2018-4-20,Funding award numbers
10.7554/elife.91985.3,2024-2-23,Funding award numbers
10.7554/elife.91415.3,2024-3-15,Funding award numbers
10.7554/elife.54551,2020-1-8,Funding award numbers
10.7554/elife.67646,2021-6-7,Funding award numbers
10.7554/elife.98512,2024-5-8,Funding award numbers
10.7554/elife.46966,2019-10-30,Funding award numbers
10.7554/elife.89287.3,2024-2-22,Funding award numbers
10.7554/elife.98405.3,2025-1-24,Funding award numbers
10.7554/elife.97640,2024-3-15,Funding award numbers
10.7554/elife.18579,2016-8-25,Funding award numbers
10.7554/elife.86416,2023-3-9,Funding award numbers
10.7554/elife.68038,2021-5-27,Funding award numbers
10.7554/elife.32342,2017-10-17,Funding award numbers
10.7554/elife.34573,2018-1-8,Funding award numbers
10.7554/elife.63032,2020-9-17,Funding award numbers
10.7554/elife.65689,2020-12-16,Funding award numbers
10.7554/elife.70785,2021-6-4,Funding award numbers
10.7554/elife.01979,2013-12-3,Funding award numbers
10.7554/elife.11383,2015-9-14,Funding award numbers
10.7554/elife.11802,2015-10-1,Funding award numbers
10.7554/elife.12289,2015-10-21,Funding award numbers
10.7554/elife.05570,2014-11-20,Funding award numbers
10.7554/elife.105985,2025-1-15,Funding award numbers
10.7554/elife.96697,2024-2-9,Funding award numbers
10.7554/elife.11935,2015-10-5,Funding award numbers
10.7554/elife.83223,2023-9-21,Funding award numbers
10.7554/elife.12088,2015-12-8,Funding award numbers
10.7554/elife.24627,2017-5-25,Funding award numbers
10.7554/elife.97866,2024-4-25,Funding award numbers
10.7554/elife.83067,2022-11-1,Funding award numbers
10.7554/elife.00948,2013-6-18,Funding award numbers
10.7554/elife.59994,2020-8-17,Funding award numbers
10.7554/elife.89015.3,2024-3-21,Funding award numbers
10.7554/elife.88597,2023-5-23,Funding award numbers
10.7554/elife.82258,2022-9-27,Funding award numbers
10.7554/elife.79593,2022-5-20,Funding award numbers
10.7554/elife.88873,2023-6-5,Funding award numbers
10.7554/elife.88334,2025-2-5,Funding award numbers
10.7554/elife.106930,2025-8-12,Funding award numbers
10.7554/elife.01561,2013-10-29,Funding award numbers
10.7554/elife.89988,2023-7-14,Funding award numbers
10.7554/elife.108863,2025-9-3,Funding award numbers
10.7554/elife.99053,2024-6-4,Funding award numbers
10.7554/elife.47060,2019-6-24,Funding award numbers
10.7554/elife.93099.4,2025-2-18,Funding award numbers
10.7554/elife.90747,2023-8-10,Funding award numbers
10.7554/elife.15567,2016-6-29,Funding award numbers
10.7554/elife.52072,2020-5-6,Funding award numbers
10.7554/elife.37166,2018-8-17,Funding award numbers
10.7554/elife.29688,2017-11-15,Funding award numbers
10.7554/elife.08417,2015-8-26,Funding award numbers
10.7554/elife.05075,2014-12-24,Funding award numbers
10.7554/elife.60415,2020-12-24,Funding award numbers
10.7554/elife.00655,2013-4-2,Funding award numbers
10.7554/elife.52092,2019-10-25,Funding award numbers
10.7554/elife.42849,2018-11-26,Funding award numbers
10.7554/elife.25431,2017-3-10,Funding award numbers
10.7554/elife.84639,2022-12-7,Funding award numbers
10.7554/elife.85161,2022-12-23,Funding award numbers
10.7554/elife.64483,2020-12-8,Funding award numbers
10.7554/elife.42181,2018-10-26,Funding award numbers
10.7554/elife.24575,2017-2-6,Funding award numbers
10.7554/elife.31646,2017-10-6,Funding award numbers
10.7554/elife.61647,2020-9-1,Funding award numbers
10.7554/elife.57239,2020-5-6,Funding award numbers
10.7554/elife.80392,2022-7-1,Funding award numbers
10.7554/elife.12936,2015-12-15,Funding award numbers
10.7554/elife.22492,2016-11-25,Funding award numbers
10.7554/elife.102637,2025-6-30,Funding award numbers
10.7554/elife.02062,2014-1-21,Funding award numbers
10.7554/elife.18435,2016-7-15,Funding award numbers
10.7554/elife.00240,2012-10-15,Funding award numbers
10.7554/elife.95064,2024-1-18,Funding award numbers
10.7554/elife.91998,2023-9-29,Funding award numbers
10.7554/elife.01061,2013-7-2,Funding award numbers
10.7554/elife.102427,2024-9-20,Funding award numbers
10.7554/elife.102430,2024-8-21,Funding award numbers
10.7554/elife.00963,2013-6-18,Funding award numbers
10.7554/elife.43832,2018-12-18,Funding award numbers
10.7554/elife.38847,2018-6-27,Funding award numbers
10.7554/elife.18753,2016-7-15,Funding award numbers
10.7554/elife.84463,2022-12-2,Funding award numbers
10.7554/elife.58599,2020-6-15,Funding award numbers
10.7554/elife.73984,2021-11-10,Funding award numbers
10.7554/elife.108465,2025-12-23,Funding award numbers
10.7554/elife.94573.3,2024-8-9,Funding award numbers
10.7554/elife.40018,2018-7-23,Funding award numbers
10.7554/elife.68818,2021-7-21,Funding award numbers
10.7554/elife.33035,2017-11-21,Funding award numbers
10.7554/elife.70148,2021-6-17,Funding award numbers
10.7554/elife.101604.3,2025-1-17,Funding award numbers
10.7554/elife.01214,2013-7-23,Funding award numbers
10.7554/elife.03908,2014-9-12,Funding award numbers
10.7554/elife.14311,2016-1-21,Funding award numbers
10.7554/elife.14954,2016-3-2,Funding award numbers
10.7554/elife.19317,2016-11-17,Funding award numbers
10.7554/elife.07239,2015-3-4,Funding award numbers
10.7554/elife.106838,2025-3-21,Funding award numbers
10.7554/elife.40642,2018-8-2,Funding award numbers
10.7554/elife.41300,2018-8-23,Funding award numbers
10.7554/elife.95782,2024-1-3,Funding award numbers
10.7554/elife.96613,2024-2-6,Funding award numbers
10.7554/elife.59663,2020-7-14,Funding award numbers
10.7554/elife.104718,2025-1-31,Funding award numbers
10.7554/elife.13046,2016-3-7,Funding award numbers
10.7554/elife.65906,2021-7-29,Funding award numbers
10.7554/elife.71969,2021-9-27,Funding award numbers
10.7554/elife.45539,2020-2-24,Funding award numbers
10.7554/elife.76870,2022-8-17,Funding award numbers
10.7554/elife.105287,2026-1-8,Funding award numbers
10.7554/elife.94169,2025-3-20,Funding award numbers
10.7554/elife.10566,2016-1-20,Funding award numbers
10.7554/elife.08687,2015-10-15,Funding award numbers
10.7554/elife.00358,2013-4-30,Funding award numbers
10.7554/elife.48335,2019-6-18,Funding award numbers
10.7554/elife.26258,2017-7-10,Funding award numbers
10.7554/elife.31697,2017-10-12,Funding award numbers
10.7554/elife.91566,2023-9-7,Funding award numbers
10.7554/elife.109706,2025-12-8,Funding award numbers
10.7554/elife.107733,2025-12-4,Funding award numbers
10.7554/elife.11862,2016-2-12,Funding award numbers
10.7554/elife.47301,2019-10-25,Funding award numbers
10.7554/elife.85682,2023-9-1,Funding award numbers
10.7554/elife.56500,2020-5-18,Funding award numbers
10.7554/elife.72837,2022-2-21,Funding award numbers
10.7554/elife.69064,2021-11-29,Funding award numbers
10.7554/elife.69742,2021-8-19,Funding award numbers
10.7554/elife.101175.3,2025-10-28,Funding award numbers
10.7554/elife.93369.3,2024-10-21,Funding award numbers
10.7554/elife.07157,2015-3-17,Funding award numbers
10.7554/elife.11012,2015-12-9,Funding award numbers
10.7554/elife.106122.3,2025-11-4,Funding award numbers
10.7554/elife.47458,2019-5-13,Funding award numbers
10.7554/elife.83889,2022-10-20,Funding award numbers
10.7554/elife.69887,2021-6-1,Funding award numbers
10.7554/elife.87861,2023-5-4,Funding award numbers
10.7554/elife.95480,2024-12-10,Funding award numbers
10.7554/elife.66920,2021-3-2,Funding award numbers
10.7554/elife.03443,2014-6-24,Funding award numbers
10.7554/elife.89265,2023-6-16,Funding award numbers
10.7554/elife.06200,2015-2-13,Funding award numbers
10.7554/elife.90008,2023-7-14,Funding award numbers
10.7554/elife.75830,2021-12-7,Funding award numbers
10.7554/elife.109482,2025-11-19,Funding award numbers
10.7554/elife.13258,2016-5-11,Funding award numbers
10.7554/elife.98853.3,2024-11-7,Funding award numbers
10.7554/elife.11058,2016-1-7,Funding award numbers
10.7554/elife.07090,2015-6-23,Funding award numbers
10.7554/elife.26975,2017-7-18,Funding award numbers
10.7554/elife.25312,2017-5-2,Funding award numbers
10.7554/elife.38356,2018-8-15,Funding award numbers
10.7554/elife.00565,2013-2-11,Funding award numbers
10.7554/elife.01045,2013-6-14,Funding award numbers
10.7554/elife.108230,2025-7-9,Funding award numbers
10.7554/elife.108668,2025-7-31,Funding award numbers
10.7554/elife.20672,2016-8-18,Funding award numbers
10.7554/elife.107890,2025-6-4,Funding award numbers
10.7554/elife.80233,2022-5-18,Funding award numbers
10.7554/elife.27150,2017-3-30,Funding award numbers
10.7554/elife.83117,2022-9-5,Funding award numbers
10.7554/elife.69256,2021-4-21,Funding award numbers
10.7554/elife.94833,2024-10-9,Funding award numbers
10.7554/elife.108116,2025-7-17,Funding award numbers
10.7554/elife.72380,2021-8-31,Funding award numbers
10.7554/elife.01414,2013-9-24,Funding award numbers
10.7554/elife.03435,2014-6-24,Funding award numbers
10.7554/elife.39976,2018-8-14,Funding award numbers
10.7554/elife.03978,2014-8-19,Funding award numbers
10.7554/elife.86697,2023-3-8,Funding award numbers
10.7554/elife.88954,2023-6-20,Funding award numbers
10.7554/elife.89015,2024-3-21,Funding award numbers
10.7554/elife.103775,2024-11-6,Funding award numbers
10.7554/elife.15570,2016-4-6,Funding award numbers
10.7554/elife.46186,2019-4-9,Funding award numbers
10.7554/elife.106304,2025-2-27,Funding award numbers
10.7554/elife.107193,2025-5-21,Funding award numbers
10.7554/elife.00452,2013-1-8,Funding award numbers
10.7554/elife.00842,2013-5-14,Funding award numbers
10.7554/elife.25375,2017-3-30,Funding award numbers
10.7554/elife.92753,2023-10-18,Funding award numbers
10.7554/elife.14354,2016-2-19,Funding award numbers
10.7554/elife.42367,2018-10-22,Funding award numbers
10.7554/elife.91025,2023-8-30,Funding award numbers
10.7554/elife.86400,2024-1-8,Funding award numbers
10.7554/elife.87198,2023-12-22,Funding award numbers
10.7554/elife.00387,2012-12-18,Funding award numbers
10.7554/elife.72792,2022-2-21,Funding award numbers
10.7554/elife.27430,2017-9-15,Funding award numbers
10.7554/elife.109866,2025-12-18,Funding award numbers
10.7554/elife.106187,2025-10-28,Funding award numbers
10.7554/elife.40958,2018-9-20,Funding award numbers
10.7554/elife.62878,2021-3-2,Funding award numbers
10.7554/elife.101259,2024-8-13,Funding award numbers
10.7554/elife.28728,2018-2-22,Funding award numbers
10.7554/elife.80609,2022-7-20,Funding award numbers
10.7554/elife.49448,2019-7-16,Funding award numbers
10.7554/elife.66109,2021-7-13,Funding award numbers
10.7554/elife.81670,2022-8-11,Funding award numbers
10.7554/elife.63996,2020-11-20,Funding award numbers
10.7554/elife.65359,2021-1-28,Funding award numbers
10.7554/elife.97432,2024-4-9,Funding award numbers
10.7554/elife.96231,2024-2-28,Funding award numbers
10.7554/elife.21723,2016-10-19,Funding award numbers
10.7554/elife.35664,2018-3-19,Funding award numbers
10.7554/elife.109262,2025-9-30,Funding award numbers
10.7554/elife.98521,2025-2-10,Funding award numbers
10.7554/elife.109050,2025-10-6,Funding award numbers
10.7554/elife.02791,2014-4-1,Funding award numbers
10.7554/elife.63195,2020-11-26,Funding award numbers
10.7554/elife.58403,2020-6-9,Funding award numbers
10.7554/elife.71813,2021-8-3,Funding award numbers
10.7554/elife.00242,2012-10-15,Funding award numbers
10.7554/elife.03146,2014-5-28,Funding award numbers
10.7554/elife.00692,2013-4-9,Funding award numbers
10.7554/elife.09249,2015-7-8,Funding award numbers
10.7554/elife.04300,2014-9-9,Funding award numbers
10.7554/elife.01234,2013-8-20,Funding award numbers
10.7554/elife.01710,2013-11-19,Funding award numbers
10.7554/elife.16076,2016-4-27,Funding award numbers
10.7554/elife.104111,2024-11-13,Funding award numbers
10.7554/elife.17293,2016-6-3,Funding award numbers
10.7554/elife.47900,2019-5-31,Funding award numbers
10.7554/elife.83841,2022-12-29,Funding award numbers
10.7554/elife.89778,2023-6-27,Funding award numbers
10.7554/elife.01089,2013-7-16,Funding award numbers
10.7554/elife.10627,2015-9-10,Funding award numbers
10.7554/elife.00593,2013-2-26,Funding award numbers
10.7554/elife.53832,2020-1-8,Funding award numbers
10.7554/elife.105526.3,2025-12-4,Funding award numbers
10.7554/elife.59436,2021-3-25,Funding award numbers
10.7554/elife.101186,2025-5-6,Funding award numbers
10.7554/elife.06467,2015-8-10,Funding award numbers
10.7554/elife.12470,2016-3-1,Funding award numbers
10.7554/elife.32421,2018-2-13,Funding award numbers
10.7554/elife.105311.3,2025-7-2,Funding award numbers
10.7554/elife.40197,2019-1-15,Funding award numbers
10.7554/elife.89125.3,2025-9-4,Funding award numbers
10.7554/elife.90419.2,2024-12-13,Funding award numbers
10.7554/elife.92173.3,2024-9-17,Funding award numbers
10.7554/elife.90523.3,2024-1-25,Funding award numbers
10.7554/elife.65897,2021-5-12,Funding award numbers
10.7554/elife.84747.3,2024-6-21,Funding award numbers
10.7554/elife.87522.3,2025-1-8,Funding award numbers
10.7554/elife.93413.3,2025-1-8,Funding award numbers
10.7554/elife.93589.4,2025-9-12,Funding award numbers
10.7554/elife.07158,2015-7-14,Funding award numbers
10.7554/elife.89706,2023-10-11,Funding award numbers
10.7554/elife.00326,2012-12-13,Funding award numbers
10.7554/elife.33604,2018-1-4,Funding award numbers
10.7554/elife.93329,2023-11-14,Funding award numbers
10.7554/elife.40578,2019-3-5,Funding award numbers
10.7554/elife.79397,2022-8-1,Funding award numbers
10.7554/elife.28434,2018-3-13,Funding award numbers
10.7554/elife.02322,2014-1-21,Funding award numbers
10.7554/elife.02897,2014-4-1,Funding award numbers
10.7554/elife.108297,2025-7-9,Funding award numbers
10.7554/elife.08843,2015-5-27,Funding award numbers
10.7554/elife.10483,2016-1-5,Funding award numbers
10.7554/elife.107691,2025-5-16,Funding award numbers
10.7554/elife.37049,2018-4-5,Funding award numbers
10.7554/elife.37324,2018-4-19,Funding award numbers
10.7554/elife.92367,2023-8-31,Funding award numbers
10.7554/elife.91314,2023-7-25,Funding award numbers
10.7554/elife.75284,2022-5-6,Funding award numbers
10.7554/elife.20515,2016-12-7,Funding award numbers
10.7554/elife.60185,2021-3-4,Funding award numbers
10.7554/elife.80594,2023-1-25,Funding award numbers
10.7554/elife.00638,2013-3-19,Funding award numbers
10.7554/elife.03678,2014-8-13,Funding award numbers
10.7554/elife.52176,2020-2-4,Funding award numbers
10.7554/elife.07108,2015-4-2,Funding award numbers
10.7554/elife.32009,2017-10-31,Funding award numbers
10.7554/elife.25669,2017-3-7,Funding award numbers
10.7554/elife.02289,2014-2-18,Funding award numbers
10.7554/elife.107648,2025-6-18,Funding award numbers
10.7554/elife.26157,2017-4-26,Funding award numbers
10.7554/elife.02619,2014-4-29,Funding award numbers
10.7554/elife.101732,2024-8-30,Funding award numbers
10.7554/elife.05816,2014-12-30,Funding award numbers
10.7554/elife.36030,2018-3-27,Funding award numbers
10.7554/elife.23354,2016-12-20,Funding award numbers
10.7554/elife.31127,2017-9-14,Funding award numbers
10.7554/elife.17185,2016-6-1,Funding award numbers
10.7554/elife.37413,2018-5-24,Funding award numbers
10.7554/elife.01115,2013-7-30,Funding award numbers
10.7554/elife.12724,2015-12-30,Funding award numbers
10.7554/elife.35392,2018-3-1,Funding award numbers
10.7554/elife.60852,2020-8-19,Funding award numbers
10.7554/elife.94949,2024-1-16,Funding award numbers
10.7554/elife.91717,2024-2-28,Funding award numbers
10.7554/elife.106648,2025-3-19,Funding award numbers
10.7554/elife.63328,2020-11-3,Funding award numbers
10.7554/elife.49635,2019-8-6,Funding award numbers
10.7554/elife.49615,2019-8-1,Funding award numbers
10.7554/elife.50140,2019-8-16,Funding award numbers
10.7554/elife.60584,2020-8-4,Funding award numbers
10.7554/elife.48336,2019-6-18,Funding award numbers
10.7554/elife.19892,2017-2-17,Funding award numbers
10.7554/elife.84747,2024-6-21,Funding award numbers
10.7554/elife.52483,2020-7-27,Funding award numbers
10.7554/elife.82240,2022-12-22,Funding award numbers
10.7554/elife.84431,2022-11-2,Funding award numbers
10.7554/elife.76231,2022-1-20,Funding award numbers
10.7554/elife.38935,2018-10-5,Funding award numbers
10.7554/elife.30563,2017-9-6,Funding award numbers
10.7554/elife.00961,2013-9-28,Funding award numbers
10.7554/elife.79981,2022-11-9,Funding award numbers
10.7554/elife.36620,2018-5-10,Funding award numbers
10.7554/elife.40150,2018-8-21,Funding award numbers
10.7554/elife.12260,2015-12-10,Funding award numbers
10.7554/elife.65239,2021-1-19,Funding award numbers
10.7554/elife.24792,2017-2-14,Funding award numbers
10.7554/elife.39068,2018-7-17,Funding award numbers
10.7554/elife.103825,2025-5-20,Funding award numbers
10.7554/elife.70555,2022-2-22,Funding award numbers
10.7554/elife.43578,2019-6-27,Funding award numbers
10.7554/elife.45120,2019-12-17,Funding award numbers
10.7554/elife.10860,2016-3-14,Funding award numbers
10.7554/elife.64773,2022-1-12,Funding award numbers
10.7554/elife.99642.4,2025-1-21,Funding award numbers
10.7554/elife.04034,2014-12-10,Funding award numbers
10.7554/elife.09520,2015-12-29,Funding award numbers
10.7554/elife.10167,2016-1-14,Funding award numbers
10.7554/elife.98073,2025-10-9,Funding award numbers
10.7554/elife.01159,2013-7-30,Funding award numbers
10.7554/elife.90916,2023-8-18,Funding award numbers
10.7554/elife.70332,2022-5-26,Funding award numbers
10.7554/elife.62047,2021-1-19,Funding award numbers
10.7554/elife.108945,2025-8-22,Funding award numbers
10.7554/elife.32937,2018-7-3,Funding award numbers
10.7554/elife.60403,2020-6-30,Funding award numbers
10.7554/elife.61021,2020-7-21,Funding award numbers
10.7554/elife.64678,2020-11-9,Funding award numbers
10.7554/elife.89083.3,2023-10-11,Funding award numbers
10.7554/elife.76605,2022-7-26,Funding award numbers
10.7554/elife.10774,2015-12-2,Funding award numbers
10.7554/elife.110231,2026-1-12,Funding award numbers
10.7554/elife.28507,2017-9-14,Funding award numbers
10.7554/elife.66223,2021-2-12,Funding award numbers
10.7554/elife.37624,2018-7-10,Funding award numbers
10.7554/elife.85724,2023-8-22,Funding award numbers
10.7554/elife.92074.3,2024-11-6,Funding award numbers
10.7554/elife.69308,2022-6-6,Funding award numbers
10.7554/elife.20697,2016-9-28,Funding award numbers
10.7554/elife.08172,2015-7-7,License URLs
10.7554/elife.06758,2015-3-3,Crossmark enabled
10.7554/elife.06877,2015-3-12,Crossmark enabled
10.7554/elife.00385,2012-12-18,Crossmark enabled
10.7554/elife.54984,2020-2-11,Crossmark enabled
10.7554/elife.25001,2017-2-16,Crossmark enabled
10.7554/elife.03804,2014-7-29,Crossmark enabled
10.7554/elife.21786,2016-11-1,Crossmark enabled
10.7554/elife.40660,2018-8-23,Crossmark enabled
10.7554/elife.04997,2014-10-28,Crossmark enabled
10.7554/elife.14729,2016-2-19,Crossmark enabled
10.7554/elife.29763,2017-7-27,Crossmark enabled
10.7554/elife.41523,2019-1-1,Crossmark enabled
10.7554/elife.10161,2015-8-19,Crossmark enabled
10.7554/elife.36545,2018-6-26,Crossmark enabled
10.7554/elife.55136,2020-2-19,Crossmark enabled
10.7554/elife.02784,2014-5-19,Crossmark enabled
10.7554/elife.51248,2020-1-14,Crossmark enabled
10.7554/elife.44279,2019-5-13,Crossmark enabled
10.7554/elife.26487,2017-8-8,Crossmark enabled
10.7554/elife.47262,2019-8-22,Crossmark enabled
10.7554/elife.52566,2020-3-24,Crossmark enabled
10.7554/elife.49875,2019-10-23,Crossmark enabled
10.7554/elife.54208,2020-2-25,Crossmark enabled
10.7554/elife.54341,2020-6-3,Crossmark enabled
10.7554/elife.21297,2017-5-25,Crossmark enabled
10.7554/elife.23435,2017-9-6,Crossmark enabled
10.7554/elife.22323,2017-3-13,Crossmark enabled
10.7554/elife.21660,2017-5-9,Crossmark enabled
10.7554/elife.23332,2017-5-4,Crossmark enabled
10.7554/elife.21777,2017-2-13,Crossmark enabled
10.7554/elife.27345,2017-9-6,Crossmark enabled
10.7554/elife.07780,2015-10-13,Crossmark enabled
10.7554/elife.00184,2012-12-13,Crossmark enabled
10.7554/elife.11814,2015-12-23,Crossmark enabled
10.7554/elife.11384,2016-1-29,Crossmark enabled
10.7554/elife.47061,2019-6-17,Crossmark enabled
10.7554/elife.45472,2019-5-16,Crossmark enabled
10.7554/elife.48401,2020-2-3,Crossmark enabled
10.7554/elife.03658,2014-11-21,Crossmark enabled
10.7554/elife.03110,2014-7-8,Crossmark enabled
10.7554/elife.01637,2014-2-25,Crossmark enabled
10.7554/elife.16349,2016-9-19,Crossmark enabled
10.7554/elife.17200,2016-8-18,Crossmark enabled
10.7554/elife.11299,2015-12-15,Crossmark enabled
10.7554/elife.15600,2016-5-24,Crossmark enabled
10.7554/elife.12790,2015-12-14,Crossmark enabled
10.7554/elife.35869,2018-7-27,Crossmark enabled
10.7554/elife.04553,2014-11-10,Crossmark enabled
10.7554/elife.04630,2014-12-12,Crossmark enabled
10.7554/elife.04346,2015-3-17,Crossmark enabled
10.7554/elife.29353,2017-12-12,Crossmark enabled
10.7554/elife.27995,2017-12-29,Crossmark enabled
10.7554/elife.28785,2017-12-7,Crossmark enabled
10.7554/elife.29087,2018-1-18,Crossmark enabled
10.7554/elife.32273,2018-1-3,Crossmark enabled
10.7554/elife.49373,2019-9-19,Crossmark enabled
10.7554/elife.49493,2019-10-28,Crossmark enabled
10.7554/elife.50161,2019-12-23,Crossmark enabled
10.7554/elife.10510,2015-11-2,Crossmark enabled
10.7554/elife.00415,2013-4-16,Crossmark enabled
10.7554/elife.43075,2019-1-14,Crossmark enabled
10.7554/elife.05996,2015-7-29,Crossmark enabled
10.7554/elife.42530,2019-5-28,Crossmark enabled
10.7554/elife.08069,2015-6-10,Crossmark enabled
10.7554/elife.23255,2017-6-1,Crossmark enabled
10.7554/elife.35272,2018-5-8,Crossmark enabled
10.7554/elife.14170,2016-7-5,Crossmark enabled
10.7554/elife.02206,2014-5-27,Crossmark enabled
10.7554/elife.55607,2020-4-27,Crossmark enabled
10.7554/elife.09972,2016-4-19,Crossmark enabled
10.7554/elife.54873,2020-4-21,Crossmark enabled
10.7554/elife.06377,2015-4-28,Crossmark enabled
10.7554/elife.48646,2019-11-26,Crossmark enabled
10.7554/elife.10567,2015-12-14,Crossmark enabled
10.7554/elife.49921,2019-11-20,Crossmark enabled
10.7554/elife.03635,2014-11-19,Crossmark enabled
10.7554/elife.11861,2016-1-15,Crossmark enabled
10.7554/elife.31677,2018-3-15,Crossmark enabled
10.7554/elife.25903,2017-5-16,Crossmark enabled
10.7554/elife.31159,2018-2-16,Crossmark enabled
10.7554/elife.01211,2013-10-22,Crossmark enabled
10.7554/elife.00861,2013-8-13,Crossmark enabled
10.7554/elife.39772,2018-10-3,Crossmark enabled
10.7554/elife.19942,2016-12-9,Crossmark enabled
10.7554/elife.53447,2020-2-14,Crossmark enabled
10.7554/elife.42305,2019-1-14,Crossmark enabled
10.7554/elife.50292,2019-11-28,Crossmark enabled
10.7554/elife.32532,2018-2-22,Crossmark enabled
10.7554/elife.02740,2014-5-16,Crossmark enabled
10.7554/elife.05701,2015-2-2,Crossmark enabled
10.7554/elife.53627,2020-2-25,Crossmark enabled
10.7554/elife.15278,2016-7-26,Crossmark enabled
10.7554/elife.33456,2018-4-13,Crossmark enabled
10.7554/elife.38740,2018-11-22,Crossmark enabled
10.7554/elife.47395,2019-7-12,Crossmark enabled
10.7554/elife.03205,2014-7-28,Crossmark enabled
10.7554/elife.02626,2014-10-3,Crossmark enabled
10.7554/elife.36440,2018-5-29,Crossmark enabled
10.7554/elife.56114,2020-3-31,Crossmark enabled
10.7554/elife.41444,2019-3-25,Crossmark enabled
10.7554/elife.22057,2017-7-21,Crossmark enabled
10.7554/elife.01465,2014-3-25,Crossmark enabled
10.7554/elife.09391,2015-9-15,Crossmark enabled
10.7554/elife.41279,2020-2-11,Crossmark enabled
10.7554/elife.09351,2015-8-19,Crossmark enabled
10.7554/elife.46041,2019-6-28,Crossmark enabled
10.7554/elife.49574,2019-8-12,Crossmark enabled
10.7554/elife.19735,2016-11-19,Crossmark enabled
10.7554/elife.03785,2014-12-9,Crossmark enabled
10.7554/elife.46347,2019-6-4,Crossmark enabled
10.7554/elife.56635,2020-5-7,Crossmark enabled
10.7554/elife.50022,2020-2-10,Crossmark enabled
10.7554/elife.51928,2020-3-17,Crossmark enabled
10.7554/elife.03300,2014-7-8,Crossmark enabled
10.7554/elife.01501,2013-12-17,Crossmark enabled
10.7554/elife.42298,2018-12-11,Crossmark enabled
10.7554/elife.44656,2019-8-20,Crossmark enabled
10.7554/elife.15798,2016-6-21,Crossmark enabled
10.7554/elife.36584,2018-7-10,Crossmark enabled
10.7554/elife.30496,2018-2-28,Crossmark enabled
10.7554/elife.40039,2018-10-22,Crossmark enabled
10.7554/elife.23082,2017-2-23,Crossmark enabled
10.7554/elife.55543,2020-2-10,Crossmark enabled
10.7554/elife.31662,2018-1-18,Crossmark enabled
10.7554/elife.12225,2016-3-14,Crossmark enabled
10.7554/elife.02736,2014-6-24,Crossmark enabled
10.7554/elife.39217,2018-12-11,Crossmark enabled
10.7554/elife.37623,2018-6-5,Crossmark enabled
10.7554/elife.53111,2020-2-11,Crossmark enabled
10.7554/elife.55692,2020-5-4,Crossmark enabled
10.7554/elife.50279,2019-12-19,Crossmark enabled
10.7554/elife.27131,2017-10-23,Crossmark enabled
10.7554/elife.37949,2018-9-27,Crossmark enabled
10.7554/elife.13810,2016-7-26,Crossmark enabled
10.7554/elife.20930,2016-10-26,Crossmark enabled
10.7554/elife.18246,2016-9-27,Crossmark enabled
10.7554/elife.00750,2013-9-24,Crossmark enabled
10.7554/elife.38883,2018-10-25,Crossmark enabled
10.7554/elife.43764,2019-5-14,Crossmark enabled
10.7554/elife.43038,2019-5-21,Crossmark enabled
10.7554/elife.38880,2019-1-18,Crossmark enabled
10.7554/elife.06996,2015-7-16,Crossmark enabled
10.7554/elife.01299,2013-12-17,Crossmark enabled
10.7554/elife.03970,2014-9-17,Crossmark enabled
10.7554/elife.11911,2016-1-26,Crossmark enabled
10.7554/elife.22911,2017-2-28,Crossmark enabled
10.7554/elife.52549,2020-2-10,Crossmark enabled
10.7554/elife.37527,2019-2-7,Crossmark enabled
10.7554/elife.22772,2017-7-11,Crossmark enabled
10.7554/elife.31012,2017-11-10,Crossmark enabled
10.7554/elife.24102,2017-3-7,Crossmark enabled
10.7554/elife.53704,2020-2-21,Crossmark enabled
10.7554/elife.57578,2020-5-26,Crossmark enabled
10.7554/elife.00116,2013-1-8,Crossmark enabled
10.7554/elife.51480,2020-5-13,Crossmark enabled
10.7554/elife.35907,2018-7-20,Crossmark enabled
10.7554/elife.40766,2019-1-16,Crossmark enabled
10.7554/elife.17935,2017-3-21,Crossmark enabled
10.7554/elife.06234,2015-8-12,Crossmark enabled
10.7554/elife.33927,2018-7-19,Crossmark enabled
10.7554/elife.15928,2016-3-31,Crossmark enabled
10.7554/elife.02224,2014-6-14,Crossmark enabled
10.7554/elife.49439,2019-9-5,Crossmark enabled
10.7554/elife.02882,2014-6-11,Crossmark enabled
10.7554/elife.45077,2019-5-14,Crossmark enabled
10.7554/elife.44031,2019-5-1,Crossmark enabled
10.7554/elife.50069,2019-10-15,Crossmark enabled
10.7554/elife.51401,2019-11-14,Crossmark enabled
10.7554/elife.30688,2017-10-12,Crossmark enabled
10.7554/elife.02872,2014-6-4,Crossmark enabled
10.7554/elife.12190,2016-5-3,Crossmark enabled
10.7554/elife.08438,2016-2-13,Crossmark enabled
10.7554/elife.37344,2018-10-26,Crossmark enabled
10.7554/elife.08314,2015-7-11,Crossmark enabled
10.7554/elife.25642,2017-5-30,Crossmark enabled
10.7554/elife.15341,2016-6-2,Crossmark enabled
10.7554/elife.42823,2019-5-14,Crossmark enabled
10.7554/elife.05828,2015-8-11,Crossmark enabled
10.7554/elife.04123,2014-10-16,Crossmark enabled
10.7554/elife.19799,2016-10-26,Crossmark enabled
10.7554/elife.21792,2017-1-24,Crossmark enabled
10.7554/elife.05005,2015-8-12,Crossmark enabled
10.7554/elife.56991,2020-6-2,Crossmark enabled
10.7554/elife.19976,2017-2-4,Crossmark enabled
10.7554/elife.53683,2020-4-8,Crossmark enabled
10.7554/elife.16996,2016-9-9,Crossmark enabled
10.7554/elife.39804,2018-8-10,Crossmark enabled
10.7554/elife.15092,2016-6-2,Crossmark enabled
10.7554/elife.02046,2014-2-12,Crossmark enabled
10.7554/elife.34477,2018-2-1,Crossmark enabled
10.7554/elife.44359,2019-4-12,Crossmark enabled
10.7554/elife.34241,2018-4-3,Crossmark enabled
10.7554/elife.12741,2016-3-22,Crossmark enabled
10.7554/elife.11134,2015-10-24,Crossmark enabled
10.7554/elife.42636,2019-2-18,Crossmark enabled
10.7554/elife.41861,2019-3-7,Crossmark enabled
10.7554/elife.50340,2020-2-26,Crossmark enabled
10.7554/elife.23612,2017-8-8,Crossmark enabled
10.7554/elife.10032,2015-8-31,Crossmark enabled
10.7554/elife.47491,2019-12-6,Crossmark enabled
10.7554/elife.12613,2016-3-22,Crossmark enabled
10.7554/elife.16582,2016-8-26,Crossmark enabled
10.7554/elife.33465,2018-5-29,Crossmark enabled
10.7554/elife.22749,2017-2-28,Crossmark enabled
10.7554/elife.39441,2018-12-18,Crossmark enabled
10.7554/elife.12029,2015-12-25,Crossmark enabled
10.7554/elife.06114,2015-5-7,Crossmark enabled
10.7554/elife.28723,2017-8-16,Crossmark enabled
10.7554/elife.07759,2015-8-27,Crossmark enabled
10.7554/elife.50631,2020-1-10,Crossmark enabled
10.7554/elife.04919,2015-1-23,Crossmark enabled
10.7554/elife.01808,2014-4-1,Crossmark enabled
10.7554/elife.36389,2018-6-1,Crossmark enabled
10.7554/elife.42149,2019-10-25,Crossmark enabled
10.7554/elife.49158,2019-8-14,Crossmark enabled
10.7554/elife.19089,2016-11-18,Crossmark enabled
10.7554/elife.36953,2018-7-31,Crossmark enabled
10.7554/elife.19720,2017-1-30,Crossmark enabled
10.7554/elife.49806,2019-11-28,Crossmark enabled
10.7554/elife.47037,2019-7-29,Crossmark enabled
10.7554/elife.26896,2017-6-7,Crossmark enabled
10.7554/elife.44205,2019-9-18,Crossmark enabled
10.7554/elife.11571,2015-11-27,Crossmark enabled
10.7554/elife.52563,2020-5-11,Crossmark enabled
10.7554/elife.32436,2017-12-14,Crossmark enabled
10.7554/elife.00683,2013-9-10,Crossmark enabled
10.7554/elife.56605,2020-4-29,Crossmark enabled
10.7554/elife.53363,2019-12-23,Crossmark enabled
10.7554/elife.07527,2015-4-15,Crossmark enabled
10.7554/elife.38967,2018-7-17,Crossmark enabled
10.7554/elife.06536,2015-4-13,Crossmark enabled
10.7554/elife.01633,2013-10-22,Crossmark enabled
10.7554/elife.01873,2013-12-24,Crossmark enabled
10.7554/elife.17692,2016-6-29,Crossmark enabled
10.7554/elife.00477,2013-1-22,Crossmark enabled
10.7554/elife.19733,2016-8-23,Crossmark enabled
10.7554/elife.08710,2015-6-11,Crossmark enabled
10.7554/elife.26775,2017-5-9,Crossmark enabled
10.7554/elife.20061,2016-8-31,Crossmark enabled
10.7554/elife.27933,2017-5-31,Crossmark enabled
10.7554/elife.31082,2017-9-19,Crossmark enabled
10.7554/elife.17079,2016-6-6,Crossmark enabled
10.7554/elife.25000,2017-2-15,Crossmark enabled
10.7554/elife.47162,2019-5-7,Crossmark enabled
10.7554/elife.44298,2019-1-16,Crossmark enabled
10.7554/elife.50543,2019-8-20,Crossmark enabled
10.7554/elife.50784,2019-9-13,Crossmark enabled
10.7554/elife.55722,2020-3-11,Crossmark enabled
10.7554/elife.55254,2020-2-13,Crossmark enabled
10.7554/elife.05259,2014-11-25,Crossmark enabled
10.7554/elife.10040,2015-8-25,Crossmark enabled
10.7554/elife.05377,2014-12-9,Crossmark enabled
10.7554/elife.05920,2015-5-22,Crossmark enabled
10.7554/elife.06072,2015-4-27,Crossmark enabled
10.7554/elife.08174,2015-10-9,Crossmark enabled
10.7554/elife.06394,2015-8-25,Crossmark enabled
10.7554/elife.07361,2015-9-15,Crossmark enabled
10.7554/elife.42001,2019-1-28,Crossmark enabled
10.7554/elife.42756,2019-1-15,Crossmark enabled
10.7554/elife.41159,2019-2-8,Crossmark enabled
10.7554/elife.01724,2014-3-25,Crossmark enabled
10.7554/elife.02148,2014-4-8,Crossmark enabled
10.7554/elife.21616,2016-12-20,Crossmark enabled
10.7554/elife.21749,2017-2-17,Crossmark enabled
10.7554/elife.18740,2016-10-12,Crossmark enabled
10.7554/elife.17571,2016-6-25,Crossmark enabled
10.7554/elife.16159,2016-9-3,Crossmark enabled
10.7554/elife.16550,2016-8-9,Crossmark enabled
10.7554/elife.16231,2016-8-19,Crossmark enabled
10.7554/elife.04250,2015-4-30,Crossmark enabled
10.7554/elife.03239,2014-8-22,Crossmark enabled
10.7554/elife.36330,2018-9-26,Crossmark enabled
10.7554/elife.38539,2018-10-25,Crossmark enabled
10.7554/elife.39563,2018-10-16,Crossmark enabled
10.7554/elife.38407,2018-11-27,Crossmark enabled
10.7554/elife.07410,2015-5-29,Crossmark enabled
10.7554/elife.08411,2015-11-26,Crossmark enabled
10.7554/elife.08998,2015-11-2,Crossmark enabled
10.7554/elife.09222,2016-7-19,Crossmark enabled
10.7554/elife.24846,2017-2-28,Crossmark enabled
10.7554/elife.25269,2017-9-8,Crossmark enabled
10.7554/elife.24100,2017-4-19,Crossmark enabled
10.7554/elife.24214,2017-5-11,Crossmark enabled
10.7554/elife.24523,2017-5-31,Crossmark enabled
10.7554/elife.28415,2017-12-4,Crossmark enabled
10.7554/elife.33140,2018-6-27,Crossmark enabled
10.7554/elife.31226,2017-11-17,Crossmark enabled
10.7554/elife.30789,2018-3-9,Crossmark enabled
10.7554/elife.30189,2017-11-20,Crossmark enabled
10.7554/elife.30286,2017-9-7,Crossmark enabled
10.7554/elife.32311,2018-8-9,Crossmark enabled
10.7554/elife.06938,2015-6-18,Crossmark enabled
10.7554/elife.13238,2016-5-24,Crossmark enabled
10.7554/elife.48876,2019-12-4,Crossmark enabled
10.7554/elife.51373,2020-3-10,Crossmark enabled
10.7554/elife.47014,2019-11-1,Crossmark enabled
10.7554/elife.50253,2019-11-25,Crossmark enabled
10.7554/elife.49972,2019-11-27,Crossmark enabled
10.7554/elife.50670,2020-1-28,Crossmark enabled
10.7554/elife.56186,2020-5-5,Crossmark enabled
10.7554/elife.53803,2020-3-27,Crossmark enabled
10.7554/elife.00329,2013-2-5,Crossmark enabled
10.7554/elife.52355,2019-12-19,Crossmark enabled
10.7554/elife.50033,2019-11-1,Crossmark enabled
10.7554/elife.27057,2017-9-5,Crossmark enabled
10.7554/elife.42722,2019-1-31,Crossmark enabled
10.7554/elife.28360,2017-8-8,Crossmark enabled
10.7554/elife.20365,2017-1-5,Crossmark enabled
10.7554/elife.27004,2017-5-2,Crossmark enabled
10.7554/elife.06041,2015-5-18,Crossmark enabled
10.7554/elife.06229,2015-5-6,Crossmark enabled
10.7554/elife.51015,2020-5-12,Crossmark enabled
10.7554/elife.21392,2017-1-30,Crossmark enabled
10.7554/elife.38968,2019-2-13,Crossmark enabled
10.7554/elife.00792,2013-7-30,Crossmark enabled
10.7554/elife.24119,2017-3-21,Crossmark enabled
10.7554/elife.41237,2018-11-19,Crossmark enabled
10.7554/elife.20944,2017-4-4,Crossmark enabled
10.7554/elife.13195,2016-3-8,Crossmark enabled
10.7554/elife.53078,2020-3-30,Crossmark enabled
10.7554/elife.15204,2016-5-9,Crossmark enabled
10.7554/elife.14137,2016-5-10,Crossmark enabled
10.7554/elife.20542,2016-11-16,Crossmark enabled
10.7554/elife.40553,2019-1-22,Crossmark enabled
10.7554/elife.10903,2016-5-11,Crossmark enabled
10.7554/elife.12040,2016-3-1,Crossmark enabled
10.7554/elife.33183,2018-2-14,Crossmark enabled
10.7554/elife.31262,2017-12-19,Crossmark enabled
10.7554/elife.51602,2020-1-9,Crossmark enabled
10.7554/elife.33892,2018-4-20,Crossmark enabled
10.7554/elife.42806,2019-2-28,Crossmark enabled
10.7554/elife.52614,2020-3-17,Crossmark enabled
10.7554/elife.35618,2018-6-4,Crossmark enabled
10.7554/elife.10072,2015-9-3,Crossmark enabled
10.7554/elife.06166,2015-2-4,Crossmark enabled
10.7554/elife.40226,2019-5-28,Crossmark enabled
10.7554/elife.45056,2019-4-26,Crossmark enabled
10.7554/elife.47626,2019-4-17,Crossmark enabled
10.7554/elife.03080,2014-6-9,Crossmark enabled
10.7554/elife.30084,2017-11-20,Crossmark enabled
10.7554/elife.12411,2016-1-14,Crossmark enabled
10.7554/elife.09651,2015-10-3,Crossmark enabled
10.7554/elife.42223,2019-3-4,Crossmark enabled
10.7554/elife.32763,2017-12-11,Crossmark enabled
10.7554/elife.53930,2020-2-12,Crossmark enabled
10.7554/elife.04137,2014-10-10,Crossmark enabled
10.7554/elife.03467,2014-8-29,Crossmark enabled
10.7554/elife.22799,2017-3-18,Crossmark enabled
10.7554/elife.12959,2016-2-15,Crossmark enabled
10.7554/elife.09579,2015-9-29,Crossmark enabled
10.7554/elife.31334,2018-1-19,Crossmark enabled
10.7554/elife.36419,2018-6-26,Crossmark enabled
10.7554/elife.34958,2018-4-24,Crossmark enabled
10.7554/elife.51539,2019-11-1,Crossmark enabled
10.7554/elife.20304,2016-10-5,Crossmark enabled
10.7554/elife.20954,2017-1-9,Crossmark enabled
10.7554/elife.21592,2017-1-18,Crossmark enabled
10.7554/elife.08941,2015-9-28,Crossmark enabled
10.7554/elife.34657,2018-5-31,Crossmark enabled
10.7554/elife.55646,2020-3-24,Crossmark enabled
10.7554/elife.40811,2019-2-12,Crossmark enabled
10.7554/elife.41869,2019-5-9,Crossmark enabled
10.7554/elife.40984,2018-12-17,Crossmark enabled
10.7554/elife.01402,2013-12-17,Crossmark enabled
10.7554/elife.42988,2019-4-17,Crossmark enabled
10.7554/elife.15751,2016-4-13,Crossmark enabled
10.7554/elife.42156,2019-4-18,Crossmark enabled
10.7554/elife.31035,2017-12-27,Crossmark enabled
10.7554/elife.25641,2017-8-1,Crossmark enabled
10.7554/elife.20552,2017-3-21,Crossmark enabled
10.7554/elife.47837,2019-7-29,Crossmark enabled
10.7554/elife.38683,2018-10-3,Crossmark enabled
10.7554/elife.39598,2019-2-18,Crossmark enabled
10.7554/elife.46831,2019-8-29,Crossmark enabled
10.7554/elife.15441,2016-7-20,Crossmark enabled
10.7554/elife.22001,2017-3-14,Crossmark enabled
10.7554/elife.05733,2015-2-17,Crossmark enabled
10.7554/elife.48625,2019-7-25,Crossmark enabled
10.7554/elife.03663,2014-9-9,Crossmark enabled
10.7554/elife.32259,2018-3-8,Crossmark enabled
10.7554/elife.53308,2020-4-1,Crossmark enabled
10.7554/elife.20417,2016-10-8,Crossmark enabled
10.7554/elife.48779,2019-9-23,Crossmark enabled
10.7554/elife.18657,2016-11-17,Crossmark enabled
10.7554/elife.19272,2017-2-10,Crossmark enabled
10.7554/elife.35103,2018-5-24,Crossmark enabled
10.7554/elife.07865,2015-7-7,Crossmark enabled
10.7554/elife.04177,2014-8-22,Crossmark enabled
10.7554/elife.10499,2015-11-27,Crossmark enabled
10.7554/elife.01612,2014-2-25,Crossmark enabled
10.7554/elife.47644,2019-6-18,Crossmark enabled
10.7554/elife.50731,2020-1-14,Crossmark enabled
10.7554/elife.45380,2019-3-21,Crossmark enabled
10.7554/elife.17227,2016-9-20,Crossmark enabled
10.7554/elife.47682,2019-10-1,Crossmark enabled
10.7554/elife.25752,2017-12-21,Crossmark enabled
10.7554/elife.38461,2018-8-10,Crossmark enabled
10.7554/elife.31756,2018-1-29,Crossmark enabled
10.7554/elife.39984,2018-10-8,Crossmark enabled
10.7554/elife.34463,2018-5-31,Crossmark enabled
10.7554/elife.25478,2017-3-20,Crossmark enabled
10.7554/elife.22279,2017-2-17,Crossmark enabled
10.7554/elife.08088,2015-8-24,Crossmark enabled
10.7554/elife.32035,2018-3-9,Crossmark enabled
10.7554/elife.08208,2015-10-16,Crossmark enabled
10.7554/elife.23882,2017-7-25,Crossmark enabled
10.7554/elife.03648,2014-10-10,Crossmark enabled
10.7554/elife.26280,2017-8-15,Crossmark enabled
10.7554/elife.50486,2019-12-27,Crossmark enabled
10.7554/elife.06259,2015-5-12,Crossmark enabled
10.7554/elife.55438,2020-6-5,Crossmark enabled
10.7554/elife.47021,2019-10-9,Crossmark enabled
10.7554/elife.18128,2017-3-6,Crossmark enabled
10.7554/elife.19531,2016-11-4,Crossmark enabled
10.7554/elife.01749,2013-12-31,Crossmark enabled
10.7554/elife.46922,2019-9-24,Crossmark enabled
10.7554/elife.47720,2019-5-21,Crossmark enabled
10.7554/elife.04902,2014-10-17,Crossmark enabled
10.7554/elife.05490,2014-12-11,Crossmark enabled
10.7554/elife.25700,2017-3-7,Crossmark enabled
10.7554/elife.32012,2017-9-28,Crossmark enabled
10.7554/elife.11284,2015-10-6,Crossmark enabled
10.7554/elife.09666,2015-8-5,Crossmark enabled
10.7554/elife.49976,2019-8-13,Crossmark enabled
10.7554/elife.00648,2013-3-26,Crossmark enabled
10.7554/elife.07083,2015-3-31,Crossmark enabled
10.7554/elife.16207,2016-4-19,Crossmark enabled
10.7554/elife.30774,2017-9-11,Crossmark enabled
10.7554/elife.01428,2013-9-24,Crossmark enabled
10.7554/elife.59636,2020-6-5,Crossmark enabled
10.7554/elife.12760,2015-12-23,Crossmark enabled
10.7554/elife.24662,2017-7-12,Crossmark enabled
10.7554/elife.30947,2018-1-4,Crossmark enabled
10.7554/elife.07864,2015-6-15,Crossmark enabled
10.7554/elife.36362,2018-7-31,Crossmark enabled
10.7554/elife.47405,2019-10-7,Crossmark enabled
10.7554/elife.31200,2018-4-3,Crossmark enabled
10.7554/elife.48160,2020-2-5,Crossmark enabled
10.7554/elife.14087,2016-4-11,Crossmark enabled
10.7554/elife.17280,2016-12-30,Crossmark enabled
10.7554/elife.35854,2018-10-25,Crossmark enabled
10.7554/elife.51150,2019-9-30,Crossmark enabled
10.7554/elife.24998,2017-6-14,Crossmark enabled
10.7554/elife.04135,2014-11-28,Crossmark enabled
10.7554/elife.53191,2020-4-7,Crossmark enabled
10.7554/elife.44652,2019-3-22,Crossmark enabled
10.7554/elife.09358,2015-8-26,Crossmark enabled
10.7554/elife.24081,2017-2-23,Crossmark enabled
10.7554/elife.44912,2019-4-9,Crossmark enabled
10.7554/elife.27453,2017-9-18,Crossmark enabled
10.7554/elife.32120,2018-3-22,Crossmark enabled
10.7554/elife.36375,2018-8-28,Crossmark enabled
10.7554/elife.14022,2016-4-8,Crossmark enabled
10.7554/elife.34595,2018-8-10,Crossmark enabled
10.7554/elife.44528,2019-6-11,Crossmark enabled
10.7554/elife.19311,2016-10-14,Crossmark enabled
10.7554/elife.31991,2017-12-5,Crossmark enabled
10.7554/elife.49388,2019-10-15,Crossmark enabled
10.7554/elife.08931,2015-10-21,Crossmark enabled
10.7554/elife.00093,2012-12-18,Crossmark enabled
10.7554/elife.46205,2019-6-18,Crossmark enabled
10.7554/elife.45393,2019-4-3,Crossmark enabled
10.7554/elife.07909,2015-8-19,Crossmark enabled
10.7554/elife.22582,2017-3-13,Crossmark enabled
10.7554/elife.13824,2016-7-7,Crossmark enabled
10.7554/elife.46986,2019-7-24,Crossmark enabled
10.7554/elife.21907,2017-2-8,Crossmark enabled
10.7554/elife.23866,2017-2-15,Crossmark enabled
10.7554/elife.11297,2016-1-8,Crossmark enabled
10.7554/elife.38183,2018-10-25,Crossmark enabled
10.7554/elife.24655,2017-3-31,Crossmark enabled
10.7554/elife.05352,2014-12-23,Crossmark enabled
10.7554/elife.26607,2017-8-3,Crossmark enabled
10.7554/elife.24133,2017-6-6,Crossmark enabled
10.7554/elife.18640,2016-8-24,Crossmark enabled
10.7554/elife.04871,2015-3-16,Crossmark enabled
10.7554/elife.24238,2017-1-31,Crossmark enabled
10.7554/elife.56122,2020-3-30,Crossmark enabled
10.7554/elife.42599,2019-10-9,Crossmark enabled
10.7554/elife.32679,2018-4-3,Crossmark enabled
10.7554/elife.34275,2018-6-26,Crossmark enabled
10.7554/elife.47650,2019-9-19,Crossmark enabled
10.7554/elife.40907,2018-10-3,Crossmark enabled
10.7554/elife.12473,2016-3-22,Crossmark enabled
10.7554/elife.30038,2017-8-26,Crossmark enabled
10.7554/elife.39213,2018-10-2,Crossmark enabled
10.7554/elife.00625,2013-3-26,Crossmark enabled
10.7554/elife.02069,2014-6-24,Crossmark enabled
10.7554/elife.49750,2019-12-17,Crossmark enabled
10.7554/elife.35800,2018-7-9,Crossmark enabled
10.7554/elife.31805,2018-1-19,Crossmark enabled
10.7554/elife.47246,2019-7-31,Crossmark enabled
10.7554/elife.08378,2015-6-12,Crossmark enabled
10.7554/elife.08719,2015-9-24,Crossmark enabled
10.7554/elife.25384,2017-6-8,Crossmark enabled
10.7554/elife.23947,2017-7-25,Crossmark enabled
10.7554/elife.19358,2017-1-4,Crossmark enabled
10.7554/elife.20695,2016-12-2,Crossmark enabled
10.7554/elife.15675,2016-7-12,Crossmark enabled
10.7554/elife.18981,2016-9-10,Crossmark enabled
10.7554/elife.15251,2016-6-15,Crossmark enabled
10.7554/elife.36157,2018-6-25,Crossmark enabled
10.7554/elife.36268,2018-7-17,Crossmark enabled
10.7554/elife.37382,2018-9-25,Crossmark enabled
10.7554/elife.42697,2019-4-30,Crossmark enabled
10.7554/elife.44838,2019-7-25,Crossmark enabled
10.7554/elife.42448,2019-6-27,Crossmark enabled
10.7554/elife.43531,2019-3-26,Crossmark enabled
10.7554/elife.58515,2020-6-3,Crossmark enabled
10.7554/elife.38981,2018-7-25,Crossmark enabled
10.7554/elife.40585,2019-2-25,Crossmark enabled
10.7554/elife.39729,2018-10-1,Crossmark enabled
10.7554/elife.47606,2019-10-1,Crossmark enabled
10.7554/elife.49319,2019-10-7,Crossmark enabled
10.7554/elife.49808,2020-3-19,Crossmark enabled
10.7554/elife.46726,2019-7-19,Crossmark enabled
10.7554/elife.00999,2013-10-15,Crossmark enabled
10.7554/elife.24419,2017-4-11,Crossmark enabled
10.7554/elife.25808,2017-5-23,Crossmark enabled
10.7554/elife.25956,2017-5-2,Crossmark enabled
10.7554/elife.27210,2017-7-25,Crossmark enabled
10.7554/elife.26691,2017-6-16,Crossmark enabled
10.7554/elife.11712,2016-2-2,Crossmark enabled
10.7554/elife.10965,2016-4-22,Crossmark enabled
10.7554/elife.14294,2016-4-8,Crossmark enabled
10.7554/elife.14313,2016-5-25,Crossmark enabled
10.7554/elife.12626,2016-2-26,Crossmark enabled
10.7554/elife.32579,2018-3-28,Crossmark enabled
10.7554/elife.30352,2017-10-5,Crossmark enabled
10.7554/elife.33337,2018-10-4,Crossmark enabled
10.7554/elife.04415,2014-12-8,Crossmark enabled
10.7554/elife.05473,2015-4-17,Crossmark enabled
10.7554/elife.07643,2015-7-28,Crossmark enabled
10.7554/elife.05896,2015-2-3,Crossmark enabled
10.7554/elife.27356,2017-10-18,Crossmark enabled
10.7554/elife.36494,2018-8-21,Crossmark enabled
10.7554/elife.49038,2019-11-6,Crossmark enabled
10.7554/elife.31919,2018-3-20,Crossmark enabled
10.7554/elife.50749,2019-12-12,Crossmark enabled
10.7554/elife.16039,2016-6-28,Crossmark enabled
10.7554/elife.39440,2018-10-15,Crossmark enabled
10.7554/elife.25068,2017-4-21,Crossmark enabled
10.7554/elife.22896,2017-3-28,Crossmark enabled
10.7554/elife.29503,2017-8-1,Crossmark enabled
10.7554/elife.00109,2012-12-13,Crossmark enabled
10.7554/elife.19887,2016-11-18,Crossmark enabled
10.7554/elife.06951,2015-6-19,Crossmark enabled
10.7554/elife.27451,2017-8-25,Crossmark enabled
10.7554/elife.34460,2018-4-23,Crossmark enabled
10.7554/elife.48097,2019-12-23,Crossmark enabled
10.7554/elife.52155,2020-3-9,Crossmark enabled
10.7554/elife.15690,2016-5-5,Crossmark enabled
10.7554/elife.50843,2020-1-8,Crossmark enabled
10.7554/elife.43022,2018-11-21,Crossmark enabled
10.7554/elife.49252,2019-8-27,Crossmark enabled
10.7554/elife.25784,2017-9-19,Crossmark enabled
10.7554/elife.10757,2016-1-9,Crossmark enabled
10.7554/elife.36806,2018-6-26,Crossmark enabled
10.7554/elife.02203,2014-5-20,Crossmark enabled
10.7554/elife.45185,2019-6-17,Crossmark enabled
10.7554/elife.27420,2017-9-14,Crossmark enabled
10.7554/elife.10851,2016-2-4,Crossmark enabled
10.7554/elife.39866,2018-11-7,Crossmark enabled
10.7554/elife.47098,2019-5-7,Crossmark enabled
10.7554/elife.45415,2019-7-9,Crossmark enabled
10.7554/elife.48526,2019-11-27,Crossmark enabled
10.7554/elife.40472,2019-2-18,Crossmark enabled
10.7554/elife.33381,2018-7-19,Crossmark enabled
10.7554/elife.02999,2014-11-4,Crossmark enabled
10.7554/elife.55241,2020-5-13,Crossmark enabled
10.7554/elife.52504,2020-2-12,Crossmark enabled
10.7554/elife.11282,2015-12-11,Crossmark enabled
10.7554/elife.25916,2017-5-13,Crossmark enabled
10.7554/elife.49956,2019-11-27,Crossmark enabled
10.7554/elife.41266,2019-6-21,Crossmark enabled
10.7554/elife.49708,2019-12-19,Crossmark enabled
10.7554/elife.07296,2015-6-23,Crossmark enabled
10.7554/elife.10036,2015-10-19,Crossmark enabled
10.7554/elife.52611,2020-1-23,Crossmark enabled
10.7554/elife.03031,2014-5-27,Crossmark enabled
10.7554/elife.32943,2018-2-8,Crossmark enabled
10.7554/elife.44119,2019-4-3,Crossmark enabled
10.7554/elife.36557,2018-12-7,Crossmark enabled
10.7554/elife.24746,2017-3-14,Crossmark enabled
10.7554/elife.05793,2015-8-11,Crossmark enabled
10.7554/elife.40664,2018-12-11,Crossmark enabled
10.7554/elife.16443,2016-8-23,Crossmark enabled
10.7554/elife.19893,2017-4-28,Crossmark enabled
10.7554/elife.29809,2017-11-14,Crossmark enabled
10.7554/elife.23061,2017-2-4,Crossmark enabled
10.7554/elife.50989,2019-11-12,Crossmark enabled
10.7554/elife.29736,2017-10-10,Crossmark enabled
10.7554/elife.11620,2015-12-16,Crossmark enabled
10.7554/elife.48904,2019-10-22,Crossmark enabled
10.7554/elife.42541,2019-3-18,Crossmark enabled
10.7554/elife.31558,2017-11-29,Crossmark enabled
10.7554/elife.44718,2019-6-20,Crossmark enabled
10.7554/elife.23611,2017-8-21,Crossmark enabled
10.7554/elife.33670,2018-4-26,Crossmark enabled
10.7554/elife.24728,2017-7-11,Crossmark enabled
10.7554/elife.47869,2019-8-23,Crossmark enabled
10.7554/elife.54493,2020-5-13,Crossmark enabled
10.7554/elife.15716,2016-6-3,Crossmark enabled
10.7554/elife.28298,2017-10-12,Crossmark enabled
10.7554/elife.39495,2019-8-6,Crossmark enabled
10.7554/elife.22759,2017-4-21,Crossmark enabled
10.7554/elife.34115,2018-5-14,Crossmark enabled
10.7554/elife.28362,2017-9-19,Crossmark enabled
10.7554/elife.08025,2015-5-19,Crossmark enabled
10.7554/elife.25755,2017-8-1,Crossmark enabled
10.7554/elife.11469,2016-2-22,Crossmark enabled
10.7554/elife.30395,2017-11-7,Crossmark enabled
10.7554/elife.48890,2019-12-24,Crossmark enabled
10.7554/elife.03766,2014-10-23,Crossmark enabled
10.7554/elife.06265,2015-5-21,Crossmark enabled
10.7554/elife.05856,2015-6-17,Crossmark enabled
10.7554/elife.13998,2016-5-9,Crossmark enabled
10.7554/elife.55351,2020-5-11,Crossmark enabled
10.7554/elife.41244,2019-10-17,Crossmark enabled
10.7554/elife.28635,2017-11-15,Crossmark enabled
10.7554/elife.41770,2019-1-10,Crossmark enabled
10.7554/elife.31311,2017-10-6,Crossmark enabled
10.7554/elife.47138,2019-8-16,Crossmark enabled
10.7554/elife.42508,2019-2-4,Crossmark enabled
10.7554/elife.01963,2014-2-25,Crossmark enabled
10.7554/elife.54129,2020-2-17,Crossmark enabled
10.7554/elife.54216,2020-2-14,Crossmark enabled
10.7554/elife.01029,2013-7-2,Crossmark enabled
10.7554/elife.41229,2018-9-28,Crossmark enabled
10.7554/elife.18243,2016-7-7,Crossmark enabled
10.7554/elife.18365,2016-7-12,Crossmark enabled
10.7554/elife.00659,2013-4-9,Crossmark enabled
10.7554/elife.08166,2015-5-27,Crossmark enabled
10.7554/elife.26942,2017-4-25,Crossmark enabled
10.7554/elife.34427,2018-1-24,Crossmark enabled
10.7554/elife.05427,2014-11-26,Crossmark enabled
10.7554/elife.36649,2018-4-18,Crossmark enabled
10.7554/elife.41926,2018-9-20,Crossmark enabled
10.7554/elife.36662,2018-4-24,Crossmark enabled
10.7554/elife.30599,2017-8-14,Crossmark enabled
10.7554/elife.31911,2017-10-24,Crossmark enabled
10.7554/elife.02475,2014-3-12,Crossmark enabled
10.7554/elife.47019,2019-4-30,Crossmark enabled
10.7554/elife.18501,2016-10-3,Crossmark enabled
10.7554/elife.19236,2016-11-2,Crossmark enabled
10.7554/elife.13405,2016-3-7,Crossmark enabled
10.7554/elife.20143,2016-11-9,Crossmark enabled
10.7554/elife.35946,2018-5-4,Crossmark enabled
10.7554/elife.42747,2019-4-1,Crossmark enabled
10.7554/elife.50616,2019-12-13,Crossmark enabled
10.7554/elife.24665,2017-4-7,Crossmark enabled
10.7554/elife.22706,2017-4-11,Crossmark enabled
10.7554/elife.39762,2018-8-14,Crossmark enabled
10.7554/elife.01138,2013-7-16,Crossmark enabled
10.7554/elife.04246,2014-9-2,Crossmark enabled
10.7554/elife.03116,2014-12-15,Crossmark enabled
10.7554/elife.42989,2019-6-25,Crossmark enabled
10.7554/elife.53322,2020-1-15,Crossmark enabled
10.7554/elife.37688,2018-11-7,Crossmark enabled
10.7554/elife.03753,2015-1-30,Crossmark enabled
10.7554/elife.20922,2017-2-27,Crossmark enabled
10.7554/elife.03971,2015-1-26,Crossmark enabled
10.7554/elife.52465,2019-12-16,Crossmark enabled
10.7554/elife.29391,2017-11-4,Crossmark enabled
10.7554/elife.48885,2020-1-14,Crossmark enabled
10.7554/elife.44791,2019-5-2,Crossmark enabled
10.7554/elife.51481,2019-10-29,Crossmark enabled
10.7554/elife.13451,2016-9-26,Crossmark enabled
10.7554/elife.12352,2016-2-18,Crossmark enabled
10.7554/elife.33415,2017-12-29,Crossmark enabled
10.7554/elife.47314,2019-8-20,Crossmark enabled
10.7554/elife.09436,2015-10-24,Crossmark enabled
10.7554/elife.28909,2017-9-19,Crossmark enabled
10.7554/elife.34560,2018-2-21,Crossmark enabled
10.7554/elife.12902,2016-3-16,Crossmark enabled
10.7554/elife.29107,2017-7-20,Crossmark enabled
10.7554/elife.03564,2014-10-20,Crossmark enabled
10.7554/elife.21864,2016-10-31,Crossmark enabled
10.7554/elife.45040,2019-6-25,Crossmark enabled
10.7554/elife.31656,2018-2-26,Crossmark enabled
10.7554/elife.11752,2016-2-1,Crossmark enabled
10.7554/elife.22238,2016-11-23,Crossmark enabled
10.7554/elife.32167,2018-7-25,Crossmark enabled
10.7554/elife.20985,2016-12-20,Crossmark enabled
10.7554/elife.05553,2014-12-12,Crossmark enabled
10.7554/elife.04288,2014-12-9,Crossmark enabled
10.7554/elife.13222,2016-2-17,Crossmark enabled
10.7554/elife.05462,2015-5-8,Crossmark enabled
10.7554/elife.27301,2017-8-18,Crossmark enabled
10.7554/elife.29100,2017-10-24,Crossmark enabled
10.7554/elife.49041,2019-9-10,Crossmark enabled
10.7554/elife.18605,2016-9-13,Crossmark enabled
10.7554/elife.07103,2015-6-23,Crossmark enabled
10.7554/elife.09960,2015-9-24,Crossmark enabled
10.7554/elife.32058,2018-3-13,Crossmark enabled
10.7554/elife.05557,2015-3-31,Crossmark enabled
10.7554/elife.36402,2018-7-3,Crossmark enabled
10.7554/elife.41800,2019-1-23,Crossmark enabled
10.7554/elife.08890,2015-12-19,Crossmark enabled
10.7554/elife.39233,2018-11-1,Crossmark enabled
10.7554/elife.05457,2015-4-14,Crossmark enabled
10.7554/elife.07192,2015-7-3,Crossmark enabled
10.7554/elife.53403,2020-5-5,Crossmark enabled
10.7554/elife.09215,2015-12-10,Crossmark enabled
10.7554/elife.48056,2019-9-23,Crossmark enabled
10.7554/elife.26832,2018-5-1,Crossmark enabled
10.7554/elife.31926,2017-10-20,Crossmark enabled
10.7554/elife.19493,2017-1-13,Crossmark enabled
10.7554/elife.47691,2019-6-19,Crossmark enabled
10.7554/elife.08722,2015-10-17,Crossmark enabled
10.7554/elife.09656,2015-11-12,Crossmark enabled
10.7554/elife.08488,2015-9-22,Crossmark enabled
10.7554/elife.07607,2015-7-30,Crossmark enabled
10.7554/elife.08500,2015-10-31,Crossmark enabled
10.7554/elife.08153,2015-9-1,Crossmark enabled
10.7554/elife.15507,2016-4-13,Crossmark enabled
10.7554/elife.23217,2017-3-2,Crossmark enabled
10.7554/elife.23194,2017-6-28,Crossmark enabled
10.7554/elife.25257,2017-3-17,Crossmark enabled
10.7554/elife.20731,2017-4-25,Crossmark enabled
10.7554/elife.20198,2016-12-15,Crossmark enabled
10.7554/elife.25762,2017-7-11,Crossmark enabled
10.7554/elife.18173,2017-1-19,Crossmark enabled
10.7554/elife.18542,2016-10-20,Crossmark enabled
10.7554/elife.21415,2017-5-17,Crossmark enabled
10.7554/elife.19377,2016-12-23,Crossmark enabled
10.7554/elife.16572,2016-7-25,Crossmark enabled
10.7554/elife.47214,2019-11-18,Crossmark enabled
10.7554/elife.55342,2020-5-18,Crossmark enabled
10.7554/elife.51977,2020-4-14,Crossmark enabled
10.7554/elife.50054,2019-9-30,Crossmark enabled
10.7554/elife.49511,2019-11-12,Crossmark enabled
10.7554/elife.52649,2019-12-18,Crossmark enabled
10.7554/elife.55435,2020-4-7,Crossmark enabled
10.7554/elife.11685,2016-5-6,Crossmark enabled
10.7554/elife.14925,2016-5-23,Crossmark enabled
10.7554/elife.12534,2016-2-11,Crossmark enabled
10.7554/elife.12765,2016-5-26,Crossmark enabled
10.7554/elife.14155,2016-6-1,Crossmark enabled
10.7554/elife.15015,2016-7-7,Crossmark enabled
10.7554/elife.03468,2014-9-2,Crossmark enabled
10.7554/elife.04969,2014-12-8,Crossmark enabled
10.7554/elife.05875,2015-3-17,Crossmark enabled
10.7554/elife.06029,2015-3-30,Crossmark enabled
10.7554/elife.03701,2014-10-21,Crossmark enabled
10.7554/elife.03764,2014-11-18,Crossmark enabled
10.7554/elife.04106,2014-12-10,Crossmark enabled
10.7554/elife.39756,2018-11-21,Crossmark enabled
10.7554/elife.41901,2018-10-15,Crossmark enabled
10.7554/elife.46275,2019-9-9,Crossmark enabled
10.7554/elife.46515,2019-7-8,Crossmark enabled
10.7554/elife.44700,2019-5-7,Crossmark enabled
10.7554/elife.01684,2014-4-8,Crossmark enabled
10.7554/elife.00863,2013-8-20,Crossmark enabled
10.7554/elife.02109,2014-3-18,Crossmark enabled
10.7554/elife.01326,2013-12-10,Crossmark enabled
10.7554/elife.34338,2018-4-5,Crossmark enabled
10.7554/elife.31640,2018-1-17,Crossmark enabled
10.7554/elife.37373,2018-12-11,Crossmark enabled
10.7554/elife.35988,2018-6-13,Crossmark enabled
10.7554/elife.35330,2018-3-23,Crossmark enabled
10.7554/elife.38062,2018-12-31,Crossmark enabled
10.7554/elife.29839,2017-9-25,Crossmark enabled
10.7554/elife.28132,2017-12-15,Crossmark enabled
10.7554/elife.30134,2018-3-20,Crossmark enabled
10.7554/elife.47676,2019-10-17,Crossmark enabled
10.7554/elife.51168,2020-2-11,Crossmark enabled
10.7554/elife.27566,2017-7-13,Crossmark enabled
10.7554/elife.32282,2018-2-22,Crossmark enabled
10.7554/elife.11288,2016-3-17,Crossmark enabled
10.7554/elife.40988,2019-1-25,Crossmark enabled
10.7554/elife.51184,2019-11-29,Crossmark enabled
10.7554/elife.36898,2018-8-6,Crossmark enabled
10.7554/elife.35450,2018-8-13,Crossmark enabled
10.7554/elife.39028,2018-10-3,Crossmark enabled
10.7554/elife.25827,2017-4-19,Crossmark enabled
10.7554/elife.40548,2018-12-6,Crossmark enabled
10.7554/elife.09594,2015-11-2,Crossmark enabled
10.7554/elife.41301,2018-11-30,Crossmark enabled
10.7554/elife.52757,2020-2-19,Crossmark enabled
10.7554/elife.38471,2019-2-5,Crossmark enabled
10.7554/elife.48694,2019-12-19,Crossmark enabled
10.7554/elife.15978,2016-7-7,Crossmark enabled
10.7554/elife.34031,2018-3-23,Crossmark enabled
10.7554/elife.27402,2017-9-8,Crossmark enabled
10.7554/elife.40532,2018-12-19,Crossmark enabled
10.7554/elife.15099,2016-6-10,Crossmark enabled
10.7554/elife.01917,2014-3-12,Crossmark enabled
10.7554/elife.42101,2019-2-4,Crossmark enabled
10.7554/elife.30952,2017-11-14,Crossmark enabled
10.7554/elife.51271,2020-2-11,Crossmark enabled
10.7554/elife.39925,2018-12-5,Crossmark enabled
10.7554/elife.28766,2017-10-25,Crossmark enabled
10.7554/elife.32340,2018-3-14,Crossmark enabled
10.7554/elife.30927,2017-11-15,Crossmark enabled
10.7554/elife.18082,2016-9-6,Crossmark enabled
10.7554/elife.03498,2014-9-23,Crossmark enabled
10.7554/elife.32721,2018-1-25,Crossmark enabled
10.7554/elife.50259,2019-10-1,Crossmark enabled
10.7554/elife.54781,2020-5-5,Crossmark enabled
10.7554/elife.26686,2017-9-19,Crossmark enabled
10.7554/elife.43322,2019-1-22,Crossmark enabled
10.7554/elife.27670,2017-6-27,Crossmark enabled
10.7554/elife.11792,2016-4-1,Crossmark enabled
10.7554/elife.55008,2020-5-12,Crossmark enabled
10.7554/elife.27417,2017-9-14,Crossmark enabled
10.7554/elife.50903,2019-11-12,Crossmark enabled
10.7554/elife.33014,2018-3-27,Crossmark enabled
10.7554/elife.55365,2020-4-27,Crossmark enabled
10.7554/elife.34488,2018-6-20,Crossmark enabled
10.7554/elife.46497,2019-9-3,Crossmark enabled
10.7554/elife.51913,2019-12-5,Crossmark enabled
10.7554/elife.43002,2019-3-7,Crossmark enabled
10.7554/elife.10034,2015-9-8,Crossmark enabled
10.7554/elife.08709,2015-8-25,Crossmark enabled
10.7554/elife.35962,2018-5-3,Crossmark enabled
10.7554/elife.47380,2020-2-12,Crossmark enabled
10.7554/elife.04247,2014-12-2,Crossmark enabled
10.7554/elife.29330,2017-12-12,Crossmark enabled
10.7554/elife.22626,2017-11-9,Crossmark enabled
10.7554/elife.05224,2015-3-16,Crossmark enabled
10.7554/elife.32332,2018-3-21,Crossmark enabled
10.7554/elife.39643,2019-6-10,Crossmark enabled
10.7554/elife.18782,2016-12-13,Crossmark enabled
10.7554/elife.20437,2017-3-16,Crossmark enabled
10.7554/elife.24560,2017-5-15,Crossmark enabled
10.7554/elife.20795,2016-11-4,Crossmark enabled
10.7554/elife.07367,2015-4-28,Crossmark enabled
10.7554/elife.38846,2018-10-12,Crossmark enabled
10.7554/elife.00005,2012-10-30,Crossmark enabled
10.7554/elife.10565,2015-9-25,Crossmark enabled
10.7554/elife.46267,2019-6-27,Crossmark enabled
10.7554/elife.27873,2017-9-28,Crossmark enabled
10.7554/elife.07861,2015-7-14,Crossmark enabled
10.7554/elife.00102,2012-10-30,Crossmark enabled
10.7554/elife.13410,2016-7-26,Crossmark enabled
10.7554/elife.14472,2016-6-14,Crossmark enabled
10.7554/elife.00291,2013-2-19,Crossmark enabled
10.7554/elife.10747,2016-2-2,Crossmark enabled
10.7554/elife.46070,2019-7-8,Crossmark enabled
10.7554/elife.41968,2018-11-27,Crossmark enabled
10.7554/elife.38327,2018-8-17,Crossmark enabled
10.7554/elife.47441,2019-10-29,Crossmark enabled
10.7554/elife.18103,2016-10-25,Crossmark enabled
10.7554/elife.46206,2020-3-10,Crossmark enabled
10.7554/elife.05033,2015-2-26,Crossmark enabled
10.7554/elife.34772,2018-6-7,Crossmark enabled
10.7554/elife.19823,2016-8-25,Crossmark enabled
10.7554/elife.02008,2014-4-24,Crossmark enabled
10.7554/elife.08627,2015-8-24,Crossmark enabled
10.7554/elife.10721,2015-10-29,Crossmark enabled
10.7554/elife.49872,2019-10-28,Crossmark enabled
10.7554/elife.35690,2018-10-26,Crossmark enabled
10.7554/elife.52024,2020-1-6,Crossmark enabled
10.7554/elife.40698,2019-1-25,Crossmark enabled
10.7554/elife.03496,2014-7-22,Crossmark enabled
10.7554/elife.43387,2019-4-26,Crossmark enabled
10.7554/elife.39821,2018-12-5,Crossmark enabled
10.7554/elife.18425,2016-9-22,Crossmark enabled
10.7554/elife.01623,2014-2-11,Crossmark enabled
10.7554/elife.54506,2020-5-13,Crossmark enabled
10.7554/elife.27706,2018-12-3,Crossmark enabled
10.7554/elife.02478,2014-6-16,Crossmark enabled
10.7554/elife.38519,2018-11-9,Crossmark enabled
10.7554/elife.26057,2017-6-20,Crossmark enabled
10.7554/elife.06953,2015-4-22,Crossmark enabled
10.7554/elife.27696,2017-8-21,Crossmark enabled
10.7554/elife.36278,2018-10-30,Crossmark enabled
10.7554/elife.40986,2018-12-18,Crossmark enabled
10.7554/elife.30198,2017-10-9,Crossmark enabled
10.7554/elife.28948,2017-11-7,Crossmark enabled
10.7554/elife.34273,2018-6-19,Crossmark enabled
10.7554/elife.21920,2016-12-10,Crossmark enabled
10.7554/elife.40167,2018-12-18,Crossmark enabled
10.7554/elife.53755,2019-11-29,Crossmark enabled
10.7554/elife.18414,2016-8-9,Crossmark enabled
10.7554/elife.31019,2018-2-22,Crossmark enabled
10.7554/elife.14198,2016-6-21,Crossmark enabled
10.7554/elife.06351,2015-2-12,Crossmark enabled
10.7554/elife.06782,2015-3-3,Crossmark enabled
10.7554/elife.31816,2017-10-6,Crossmark enabled
10.7554/elife.07808,2015-5-5,Crossmark enabled
10.7554/elife.32016,2017-9-28,Crossmark enabled
10.7554/elife.11665,2015-10-21,Crossmark enabled
10.7554/elife.11509,2015-10-16,Crossmark enabled
10.7554/elife.03285,2014-6-10,Crossmark enabled
10.7554/elife.58592,2020-6-9,Crossmark enabled
10.7554/elife.00866,2013-5-28,Crossmark enabled
10.7554/elife.50761,2019-9-13,Crossmark enabled
10.7554/elife.42270,2018-12-18,Crossmark enabled
10.7554/elife.41023,2019-4-16,Crossmark enabled
10.7554/elife.54435,2020-3-4,Crossmark enabled
10.7554/elife.22013,2017-7-4,Crossmark enabled
10.7554/elife.34965,2018-3-23,Crossmark enabled
10.7554/elife.56640,2020-4-16,Crossmark enabled
10.7554/elife.39879,2018-8-9,Crossmark enabled
10.7554/elife.01515,2013-11-19,Crossmark enabled
10.7554/elife.01968,2013-12-31,Crossmark enabled
10.7554/elife.07178,2015-9-11,Crossmark enabled
10.7554/elife.06253,2015-3-30,Crossmark enabled
10.7554/elife.06434,2015-7-31,Crossmark enabled
10.7554/elife.12278,2016-4-22,Crossmark enabled
10.7554/elife.14012,2016-7-19,Crossmark enabled
10.7554/elife.14756,2016-11-18,Crossmark enabled
10.7554/elife.36740,2018-7-31,Crossmark enabled
10.7554/elife.34773,2018-5-22,Crossmark enabled
10.7554/elife.35453,2018-8-29,Crossmark enabled
10.7554/elife.37563,2018-9-10,Crossmark enabled
10.7554/elife.09590,2015-8-14,Crossmark enabled
10.7554/elife.36021,2018-7-25,Crossmark enabled
10.7554/elife.03273,2014-8-12,Crossmark enabled
10.7554/elife.48460,2020-1-28,Crossmark enabled
10.7554/elife.34783,2018-2-13,Crossmark enabled
10.7554/elife.41896,2019-6-17,Crossmark enabled
10.7554/elife.08638,2015-10-1,Crossmark enabled
10.7554/elife.45545,2019-6-13,Crossmark enabled
10.7554/elife.44057,2019-4-16,Crossmark enabled
10.7554/elife.42379,2018-12-18,Crossmark enabled
10.7554/elife.43243,2019-9-19,Crossmark enabled
10.7554/elife.43476,2019-11-12,Crossmark enabled
10.7554/elife.45210,2019-4-5,Crossmark enabled
10.7554/elife.42627,2019-3-19,Crossmark enabled
10.7554/elife.02511,2014-4-30,Crossmark enabled
10.7554/elife.04586,2015-1-26,Crossmark enabled
10.7554/elife.04664,2014-12-2,Crossmark enabled
10.7554/elife.04726,2015-2-9,Crossmark enabled
10.7554/elife.04105,2015-1-26,Crossmark enabled
10.7554/elife.01567,2014-2-11,Crossmark enabled
10.7554/elife.21589,2017-1-28,Crossmark enabled
10.7554/elife.21454,2016-11-28,Crossmark enabled
10.7554/elife.22283,2016-12-22,Crossmark enabled
10.7554/elife.52160,2020-1-8,Crossmark enabled
10.7554/elife.56613,2020-5-13,Crossmark enabled
10.7554/elife.51247,2020-2-5,Crossmark enabled
10.7554/elife.53016,2020-4-27,Crossmark enabled
10.7554/elife.32155,2018-2-9,Crossmark enabled
10.7554/elife.28619,2017-11-10,Crossmark enabled
10.7554/elife.49784,2019-12-19,Crossmark enabled
10.7554/elife.50523,2020-1-27,Crossmark enabled
10.7554/elife.23584,2017-5-24,Crossmark enabled
10.7554/elife.38611,2018-10-5,Crossmark enabled
10.7554/elife.38621,2018-10-16,Crossmark enabled
10.7554/elife.38181,2018-9-4,Crossmark enabled
10.7554/elife.50476,2020-2-17,Crossmark enabled
10.7554/elife.24896,2017-2-6,Crossmark enabled
10.7554/elife.17393,2016-5-13,Crossmark enabled
10.7554/elife.21070,2016-9-9,Crossmark enabled
10.7554/elife.52525,2020-4-21,Crossmark enabled
10.7554/elife.44552,2019-2-26,Crossmark enabled
10.7554/elife.41378,2018-12-6,Crossmark enabled
10.7554/elife.31132,2017-12-19,Crossmark enabled
10.7554/elife.21374,2017-5-2,Crossmark enabled
10.7554/elife.34593,2018-8-7,Crossmark enabled
10.7554/elife.54170,2020-2-21,Crossmark enabled
10.7554/elife.36310,2018-10-12,Crossmark enabled
10.7554/elife.33953,2018-5-15,Crossmark enabled
10.7554/elife.10319,2015-10-31,Crossmark enabled
10.7554/elife.14592,2016-6-10,Crossmark enabled
10.7554/elife.40889,2018-8-31,Crossmark enabled
10.7554/elife.32637,2018-2-6,Crossmark enabled
10.7554/elife.49769,2020-1-14,Crossmark enabled
10.7554/elife.10778,2015-11-30,Crossmark enabled
10.7554/elife.37868,2018-10-16,Crossmark enabled
10.7554/elife.19281,2016-9-20,Crossmark enabled
10.7554/elife.09384,2015-9-25,Crossmark enabled
10.7554/elife.22526,2017-3-27,Crossmark enabled
10.7554/elife.24232,2017-5-9,Crossmark enabled
10.7554/elife.38517,2018-9-19,Crossmark enabled
10.7554/elife.00327,2013-3-5,Crossmark enabled
10.7554/elife.20667,2017-2-7,Crossmark enabled
10.7554/elife.02758,2014-5-23,Crossmark enabled
10.7554/elife.28075,2017-7-28,Crossmark enabled
10.7554/elife.35449,2018-7-10,Crossmark enabled
10.7554/elife.04251,2015-1-6,Crossmark enabled
10.7554/elife.04581,2014-12-23,Crossmark enabled
10.7554/elife.06203,2015-5-28,Crossmark enabled
10.7554/elife.22549,2017-4-11,Crossmark enabled
10.7554/elife.51998,2020-1-6,Crossmark enabled
10.7554/elife.28080,2017-6-13,Crossmark enabled
10.7554/elife.44320,2019-7-29,Crossmark enabled
10.7554/elife.46259,2019-9-17,Crossmark enabled
10.7554/elife.23361,2017-3-21,Crossmark enabled
10.7554/elife.20818,2017-1-23,Crossmark enabled
10.7554/elife.40969,2018-10-12,Crossmark enabled
10.7554/elife.45572,2019-5-20,Crossmark enabled
10.7554/elife.25950,2017-11-1,Crossmark enabled
10.7554/elife.46464,2019-8-14,Crossmark enabled
10.7554/elife.17822,2016-11-14,Crossmark enabled
10.7554/elife.30294,2017-11-1,Crossmark enabled
10.7554/elife.08887,2015-12-17,Crossmark enabled
10.7554/elife.44423,2019-6-3,Crossmark enabled
10.7554/elife.13662,2016-7-19,Crossmark enabled
10.7554/elife.49720,2019-11-22,Crossmark enabled
10.7554/elife.50051,2019-10-30,Crossmark enabled
10.7554/elife.46314,2019-6-24,Crossmark enabled
10.7554/elife.21231,2017-4-7,Crossmark enabled
10.7554/elife.26287,2017-4-10,Crossmark enabled
10.7554/elife.44471,2019-2-19,Crossmark enabled
10.7554/elife.20713,2016-11-15,Crossmark enabled
10.7554/elife.50663,2019-11-1,Crossmark enabled
10.7554/elife.53479,2020-4-20,Crossmark enabled
10.7554/elife.27293,2017-12-14,Crossmark enabled
10.7554/elife.36409,2018-5-10,Crossmark enabled
10.7554/elife.36629,2018-5-29,Crossmark enabled
10.7554/elife.25844,2017-10-10,Crossmark enabled
10.7554/elife.21635,2016-9-24,Crossmark enabled
10.7554/elife.45839,2019-10-8,Crossmark enabled
10.7554/elife.05178,2015-2-10,Crossmark enabled
10.7554/elife.42315,2019-5-14,Crossmark enabled
10.7554/elife.19804,2016-11-29,Crossmark enabled
10.7554/elife.12727,2016-3-24,Crossmark enabled
10.7554/elife.16970,2016-9-13,Crossmark enabled
10.7554/elife.38358,2018-8-28,Crossmark enabled
10.7554/elife.02630,2014-6-24,Crossmark enabled
10.7554/elife.16463,2016-9-23,Crossmark enabled
10.7554/elife.39340,2018-9-25,Crossmark enabled
10.7554/elife.43587,2019-1-21,Crossmark enabled
10.7554/elife.36852,2018-5-4,Crossmark enabled
10.7554/elife.02557,2014-4-29,Crossmark enabled
10.7554/elife.05255,2015-5-5,Crossmark enabled
10.7554/elife.19113,2016-9-7,Crossmark enabled
10.7554/elife.29224,2017-12-14,Crossmark enabled
10.7554/elife.28899,2017-9-13,Crossmark enabled
10.7554/elife.51139,2019-12-11,Crossmark enabled
10.7554/elife.23907,2017-6-30,Crossmark enabled
10.7554/elife.30647,2017-9-19,Crossmark enabled
10.7554/elife.52091,2020-2-17,Crossmark enabled
10.7554/elife.31668,2018-2-2,Crossmark enabled
10.7554/elife.06793,2015-6-4,Crossmark enabled
10.7554/elife.05154,2015-3-3,Crossmark enabled
10.7554/elife.00269,2013-3-26,Crossmark enabled
10.7554/elife.10421,2016-2-19,Crossmark enabled
10.7554/elife.27786,2017-6-21,Crossmark enabled
10.7554/elife.25884,2017-10-16,Crossmark enabled
10.7554/elife.32904,2018-4-10,Crossmark enabled
10.7554/elife.53229,2020-4-28,Crossmark enabled
10.7554/elife.23609,2017-4-25,Crossmark enabled
10.7554/elife.31486,2018-2-9,Crossmark enabled
10.7554/elife.26726,2017-9-22,Crossmark enabled
10.7554/elife.15266,2016-6-21,Crossmark enabled
10.7554/elife.49828,2019-8-14,Crossmark enabled
10.7554/elife.21583,2016-10-25,Crossmark enabled
10.7554/elife.14076,2016-2-12,Crossmark enabled
10.7554/elife.05041,2014-11-11,Crossmark enabled
10.7554/elife.05218,2014-11-4,Crossmark enabled
10.7554/elife.23624,2017-1-4,Crossmark enabled
10.7554/elife.45974,2019-3-8,Crossmark enabled
10.7554/elife.16598,2016-5-20,Crossmark enabled
10.7554/elife.42676,2018-11-6,Crossmark enabled
10.7554/elife.25858,2017-3-20,Crossmark enabled
10.7554/elife.25412,2017-3-15,Crossmark enabled
10.7554/elife.02747,2014-4-8,Crossmark enabled
10.7554/elife.00605,2013-3-20,Crossmark enabled
10.7554/elife.00903,2013-6-11,Crossmark enabled
10.7554/elife.12100,2015-11-6,Crossmark enabled
10.7554/elife.01516,2013-10-15,Crossmark enabled
10.7554/elife.44179,2019-2-25,Crossmark enabled
10.7554/elife.15614,2016-9-13,Crossmark enabled
10.7554/elife.37799,2018-9-27,Crossmark enabled
10.7554/elife.30334,2018-1-29,Crossmark enabled
10.7554/elife.52058,2019-11-11,Crossmark enabled
10.7554/elife.10762,2016-3-15,Crossmark enabled
10.7554/elife.38465,2018-10-5,Crossmark enabled
10.7554/elife.39180,2019-1-3,Crossmark enabled
10.7554/elife.49190,2019-11-12,Crossmark enabled
10.7554/elife.13758,2016-4-14,Crossmark enabled
10.7554/elife.46033,2019-3-25,Crossmark enabled
10.7554/elife.43979,2019-3-6,Crossmark enabled
10.7554/elife.37288,2018-5-16,Crossmark enabled
10.7554/elife.00281,2012-10-30,Crossmark enabled
10.7554/elife.15872,2016-9-19,Crossmark enabled
10.7554/elife.40037,2018-10-25,Crossmark enabled
10.7554/elife.08493,2015-8-26,Crossmark enabled
10.7554/elife.07068,2015-9-15,Crossmark enabled
10.7554/elife.06554,2015-7-9,Crossmark enabled
10.7554/elife.06667,2015-6-15,Crossmark enabled
10.7554/elife.04801,2015-1-15,Crossmark enabled
10.7554/elife.06156,2015-2-4,Crossmark enabled
10.7554/elife.05660,2015-4-28,Crossmark enabled
10.7554/elife.12264,2016-3-23,Crossmark enabled
10.7554/elife.11627,2016-2-8,Crossmark enabled
10.7554/elife.37439,2018-7-13,Crossmark enabled
10.7554/elife.37571,2018-10-25,Crossmark enabled
10.7554/elife.38485,2019-2-18,Crossmark enabled
10.7554/elife.38446,2018-12-21,Crossmark enabled
10.7554/elife.39932,2018-9-17,Crossmark enabled
10.7554/elife.20357,2016-11-25,Crossmark enabled
10.7554/elife.49050,2019-12-18,Crossmark enabled
10.7554/elife.45399,2019-3-22,Crossmark enabled
10.7554/elife.46836,2019-8-6,Crossmark enabled
10.7554/elife.47699,2020-1-9,Crossmark enabled
10.7554/elife.32742,2017-12-19,Crossmark enabled
10.7554/elife.32692,2018-2-28,Crossmark enabled
10.7554/elife.17977,2016-10-25,Crossmark enabled
10.7554/elife.18345,2016-10-5,Crossmark enabled
10.7554/elife.18931,2017-5-6,Crossmark enabled
10.7554/elife.18919,2016-12-6,Crossmark enabled
10.7554/elife.28141,2017-8-24,Crossmark enabled
10.7554/elife.28474,2017-5-23,Crossmark enabled
10.7554/elife.31730,2018-3-6,Crossmark enabled
10.7554/elife.30560,2017-12-12,Crossmark enabled
10.7554/elife.16412,2016-7-14,Crossmark enabled
10.7554/elife.12994,2016-1-21,Crossmark enabled
10.7554/elife.51071,2020-2-14,Crossmark enabled
10.7554/elife.50974,2019-10-31,Crossmark enabled
10.7554/elife.52628,2019-12-23,Crossmark enabled
10.7554/elife.30483,2017-12-27,Crossmark enabled
10.7554/elife.23494,2017-3-28,Crossmark enabled
10.7554/elife.48145,2019-6-6,Crossmark enabled
10.7554/elife.10479,2015-9-9,Crossmark enabled
10.7554/elife.54042,2020-1-17,Crossmark enabled
10.7554/elife.23743,2017-4-24,Crossmark enabled
10.7554/elife.25232,2017-4-7,Crossmark enabled
10.7554/elife.52380,2020-3-31,Crossmark enabled
10.7554/elife.53462,2020-5-18,Crossmark enabled
10.7554/elife.53041,2020-4-14,Crossmark enabled
10.7554/elife.22889,2017-4-22,Crossmark enabled
10.7554/elife.41028,2019-1-28,Crossmark enabled
10.7554/elife.43533,2019-4-30,Crossmark enabled
10.7554/elife.03895,2014-11-13,Crossmark enabled
10.7554/elife.02844,2014-6-24,Crossmark enabled
10.7554/elife.07420,2015-7-31,Crossmark enabled
10.7554/elife.09183,2015-10-30,Crossmark enabled
10.7554/elife.09394,2016-1-26,Crossmark enabled
10.7554/elife.00220,2013-8-20,Crossmark enabled
10.7554/elife.01140,2013-7-23,Crossmark enabled
10.7554/elife.01206,2013-12-24,Crossmark enabled
10.7554/elife.39196,2018-10-22,Crossmark enabled
10.7554/elife.25637,2017-5-24,Crossmark enabled
10.7554/elife.17243,2016-9-29,Crossmark enabled
10.7554/elife.02257,2014-6-3,Crossmark enabled
10.7554/elife.43924,2019-6-22,Crossmark enabled
10.7554/elife.31101,2017-12-22,Crossmark enabled
10.7554/elife.54224,2020-3-6,Crossmark enabled
10.7554/elife.11613,2016-3-7,Crossmark enabled
10.7554/elife.39061,2018-12-21,Crossmark enabled
10.7554/elife.17983,2016-8-4,Crossmark enabled
10.7554/elife.05608,2015-2-25,Crossmark enabled
10.7554/elife.51593,2020-4-7,Crossmark enabled
10.7554/elife.04539,2015-3-25,Crossmark enabled
10.7554/elife.27049,2017-8-9,Crossmark enabled
10.7554/elife.13969,2016-6-27,Crossmark enabled
10.7554/elife.47980,2020-5-5,Crossmark enabled
10.7554/elife.14972,2016-10-20,Crossmark enabled
10.7554/elife.31126,2017-11-9,Crossmark enabled
10.7554/elife.01883,2014-5-6,Crossmark enabled
10.7554/elife.38730,2019-5-1,Crossmark enabled
10.7554/elife.21356,2016-12-29,Crossmark enabled
10.7554/elife.34409,2018-12-6,Crossmark enabled
10.7554/elife.44571,2020-4-7,Crossmark enabled
10.7554/elife.54556,2020-3-2,Crossmark enabled
10.7554/elife.44026,2019-5-14,Crossmark enabled
10.7554/elife.45093,2019-4-29,Crossmark enabled
10.7554/elife.28844,2017-12-5,Crossmark enabled
10.7554/elife.04207,2014-11-4,Crossmark enabled
10.7554/elife.07975,2015-7-9,Crossmark enabled
10.7554/elife.50559,2019-10-29,Crossmark enabled
10.7554/elife.13941,2016-4-21,Crossmark enabled
10.7554/elife.36769,2018-11-22,Crossmark enabled
10.7554/elife.43717,2019-5-10,Crossmark enabled
10.7554/elife.04120,2014-12-8,Crossmark enabled
10.7554/elife.46113,2019-7-3,Crossmark enabled
10.7554/elife.29834,2017-9-4,Crossmark enabled
10.7554/elife.46764,2019-9-11,Crossmark enabled
10.7554/elife.38867,2018-8-22,Crossmark enabled
10.7554/elife.50256,2019-11-15,Crossmark enabled
10.7554/elife.02777,2015-1-9,Crossmark enabled
10.7554/elife.55015,2020-4-16,Crossmark enabled
10.7554/elife.36608,2018-8-14,Crossmark enabled
10.7554/elife.42549,2019-3-6,Crossmark enabled
10.7554/elife.13403,2016-3-14,Crossmark enabled
10.7554/elife.50260,2020-1-14,Crossmark enabled
10.7554/elife.55639,2020-4-28,Crossmark enabled
10.7554/elife.25690,2017-7-27,Crossmark enabled
10.7554/elife.42179,2018-12-12,Crossmark enabled
10.7554/elife.44502,2019-8-2,Crossmark enabled
10.7554/elife.48429,2019-9-18,Crossmark enabled
10.7554/elife.44478,2019-5-17,Crossmark enabled
10.7554/elife.44491,2019-1-21,Crossmark enabled
10.7554/elife.07624,2015-12-9,Crossmark enabled
10.7554/elife.54469,2020-5-20,Crossmark enabled
10.7554/elife.16940,2016-8-5,Crossmark enabled
10.7554/elife.01149,2013-10-8,Crossmark enabled
10.7554/elife.01539,2014-1-7,Crossmark enabled
10.7554/elife.21543,2017-2-7,Crossmark enabled
10.7554/elife.09693,2015-12-1,Crossmark enabled
10.7554/elife.27601,2017-8-17,Crossmark enabled
10.7554/elife.37168,2018-8-7,Crossmark enabled
10.7554/elife.27590,2017-8-29,Crossmark enabled
10.7554/elife.11275,2016-3-24,Crossmark enabled
10.7554/elife.00882,2013-10-8,Crossmark enabled
10.7554/elife.49826,2019-12-10,Crossmark enabled
10.7554/elife.38319,2018-10-9,Crossmark enabled
10.7554/elife.01098,2013-10-29,Crossmark enabled
10.7554/elife.14985,2016-8-23,Crossmark enabled
10.7554/elife.01832,2014-3-18,Crossmark enabled
10.7554/elife.17240,2016-7-23,Crossmark enabled
10.7554/elife.07205,2015-5-8,Crossmark enabled
10.7554/elife.09268,2015-12-24,Crossmark enabled
10.7554/elife.08758,2015-9-7,Crossmark enabled
10.7554/elife.31649,2017-12-5,Crossmark enabled
10.7554/elife.17834,2017-3-21,Crossmark enabled
10.7554/elife.43826,2019-4-3,Crossmark enabled
10.7554/elife.49030,2019-7-19,Crossmark enabled
10.7554/elife.08407,2015-7-17,Crossmark enabled
10.7554/elife.51461,2020-1-17,Crossmark enabled
10.7554/elife.35264,2018-3-16,Crossmark enabled
10.7554/elife.36468,2018-7-31,Crossmark enabled
10.7554/elife.04811,2014-12-2,Crossmark enabled
10.7554/elife.22140,2017-1-18,Crossmark enabled
10.7554/elife.44590,2019-5-21,Crossmark enabled
10.7554/elife.39249,2018-9-19,Crossmark enabled
10.7554/elife.34843,2018-6-22,Crossmark enabled
10.7554/elife.52108,2020-3-13,Crossmark enabled
10.7554/elife.52009,2020-2-5,Crossmark enabled
10.7554/elife.03726,2014-10-13,Crossmark enabled
10.7554/elife.21053,2016-12-8,Crossmark enabled
10.7554/elife.27443,2017-8-17,Crossmark enabled
10.7554/elife.27679,2017-8-21,Crossmark enabled
10.7554/elife.11450,2016-3-4,Crossmark enabled
10.7554/elife.48702,2019-9-6,Crossmark enabled
10.7554/elife.48963,2020-4-9,Crossmark enabled
10.7554/elife.47596,2019-8-29,Crossmark enabled
10.7554/elife.00248,2012-12-31,Crossmark enabled
10.7554/elife.39681,2018-12-18,Crossmark enabled
10.7554/elife.26439,2017-8-9,Crossmark enabled
10.7554/elife.47544,2019-8-22,Crossmark enabled
10.7554/elife.46797,2019-11-12,Crossmark enabled
10.7554/elife.01939,2014-3-18,Crossmark enabled
10.7554/elife.17979,2016-9-22,Crossmark enabled
10.7554/elife.49206,2020-5-7,Crossmark enabled
10.7554/elife.44116,2019-1-21,Crossmark enabled
10.7554/elife.45343,2019-4-10,Crossmark enabled
10.7554/elife.07892,2015-10-3,Crossmark enabled
10.7554/elife.24910,2017-3-6,Crossmark enabled
10.7554/elife.26876,2017-9-18,Crossmark enabled
10.7554/elife.38550,2018-11-14,Crossmark enabled
10.7554/elife.46084,2019-6-11,Crossmark enabled
10.7554/elife.18370,2016-10-5,Crossmark enabled
10.7554/elife.32625,2018-1-23,Crossmark enabled
10.7554/elife.04953,2015-3-11,Crossmark enabled
10.7554/elife.52665,2019-12-20,Crossmark enabled
10.7554/elife.39720,2018-11-27,Crossmark enabled
10.7554/elife.08955,2015-10-21,Crossmark enabled
10.7554/elife.01741,2014-4-15,Crossmark enabled
10.7554/elife.18638,2016-11-10,Crossmark enabled
10.7554/elife.42660,2018-12-31,Crossmark enabled
10.7554/elife.42819,2019-4-11,Crossmark enabled
10.7554/elife.42143,2019-2-13,Crossmark enabled
10.7554/elife.12621,2015-12-17,Crossmark enabled
10.7554/elife.20899,2017-2-23,Crossmark enabled
10.7554/elife.45594,2019-8-19,Crossmark enabled
10.7554/elife.08009,2015-7-14,Crossmark enabled
10.7554/elife.42015,2019-4-26,Crossmark enabled
10.7554/elife.36865,2018-9-4,Crossmark enabled
10.7554/elife.20023,2017-1-18,Crossmark enabled
10.7554/elife.50155,2020-3-10,Crossmark enabled
10.7554/elife.55262,2020-5-12,Crossmark enabled
10.7554/elife.29307,2017-11-24,Crossmark enabled
10.7554/elife.02671,2014-9-8,Crossmark enabled
10.7554/elife.24476,2017-5-18,Crossmark enabled
10.7554/elife.28567,2017-6-20,Crossmark enabled
10.7554/elife.48311,2019-8-14,Crossmark enabled
10.7554/elife.00458,2013-4-16,Crossmark enabled
10.7554/elife.31724,2018-3-29,Crossmark enabled
10.7554/elife.00712,2013-7-9,Crossmark enabled
10.7554/elife.17375,2016-12-8,Crossmark enabled
10.7554/elife.16381,2016-4-14,Crossmark enabled
10.7554/elife.45766,2019-7-11,Crossmark enabled
10.7554/elife.23473,2017-5-20,Crossmark enabled
10.7554/elife.37184,2018-7-30,Crossmark enabled
10.7554/elife.05508,2015-2-2,Crossmark enabled
10.7554/elife.20070,2017-1-6,Crossmark enabled
10.7554/elife.37851,2018-11-13,Crossmark enabled
10.7554/elife.47835,2019-8-16,Crossmark enabled
10.7554/elife.08939,2015-10-29,Crossmark enabled
10.7554/elife.55336,2020-4-27,Crossmark enabled
10.7554/elife.44427,2019-2-25,Crossmark enabled
10.7554/elife.22974,2017-6-19,Crossmark enabled
10.7554/elife.20253,2016-11-17,Crossmark enabled
10.7554/elife.03433,2014-9-29,Crossmark enabled
10.7554/elife.47970,2019-11-11,Crossmark enabled
10.7554/elife.51772,2020-4-8,Crossmark enabled
10.7554/elife.22053,2017-2-28,Crossmark enabled
10.7554/elife.15075,2016-4-8,Crossmark enabled
10.7554/elife.53638,2020-2-26,Crossmark enabled
10.7554/elife.32493,2017-11-17,Crossmark enabled
10.7554/elife.18726,2016-10-11,Crossmark enabled
10.7554/elife.34081,2018-10-2,Crossmark enabled
10.7554/elife.44876,2019-4-23,Crossmark enabled
10.7554/elife.53060,2020-3-27,Crossmark enabled
10.7554/elife.20609,2016-9-28,Crossmark enabled
10.7554/elife.44890,2019-5-8,Crossmark enabled
10.7554/elife.19374,2016-10-26,Crossmark enabled
10.7554/elife.05770,2015-1-6,Crossmark enabled
10.7554/elife.21863,2016-11-3,Crossmark enabled
10.7554/elife.05060,2014-11-14,Crossmark enabled
10.7554/elife.29942,2017-8-10,Crossmark enabled
10.7554/elife.06453,2015-2-13,Crossmark enabled
10.7554/elife.01270,2013-8-20,Crossmark enabled
10.7554/elife.01387,2013-9-3,Crossmark enabled
10.7554/elife.25159,2017-3-9,Crossmark enabled
10.7554/elife.08366,2015-6-3,Crossmark enabled
10.7554/elife.00476,2013-1-22,Crossmark enabled
10.7554/elife.26397,2017-4-13,Crossmark enabled
10.7554/elife.02658,2014-3-25,Crossmark enabled
10.7554/elife.00646,2013-3-12,Crossmark enabled
10.7554/elife.11409,2015-10-9,Crossmark enabled
10.7554/elife.07405,2015-6-9,Crossmark enabled
10.7554/elife.31557,2018-6-18,Crossmark enabled
10.7554/elife.27819,2017-8-29,Crossmark enabled
10.7554/elife.18101,2016-9-30,Crossmark enabled
10.7554/elife.50645,2019-10-15,Crossmark enabled
10.7554/elife.44942,2019-9-3,Crossmark enabled
10.7554/elife.43962,2019-4-5,Crossmark enabled
10.7554/elife.46902,2019-7-3,Crossmark enabled
10.7554/elife.47611,2019-10-8,Crossmark enabled
10.7554/elife.47988,2019-7-29,Crossmark enabled
10.7554/elife.36273,2018-8-17,Crossmark enabled
10.7554/elife.41235,2019-1-8,Crossmark enabled
10.7554/elife.37078,2018-8-28,Crossmark enabled
10.7554/elife.32911,2018-5-3,Crossmark enabled
10.7554/elife.49485,2019-11-5,Crossmark enabled
10.7554/elife.56931,2020-5-7,Crossmark enabled
10.7554/elife.53898,2020-4-7,Crossmark enabled
10.7554/elife.09545,2015-10-29,Crossmark enabled
10.7554/elife.09646,2015-12-2,Crossmark enabled
10.7554/elife.07301,2015-8-19,Crossmark enabled
10.7554/elife.23471,2017-5-12,Crossmark enabled
10.7554/elife.21452,2017-3-21,Crossmark enabled
10.7554/elife.22775,2017-2-15,Crossmark enabled
10.7554/elife.24611,2017-3-13,Crossmark enabled
10.7554/elife.26973,2017-12-19,Crossmark enabled
10.7554/elife.27389,2017-5-26,Crossmark enabled
10.7554/elife.03416,2014-12-29,Crossmark enabled
10.7554/elife.02272,2014-5-16,Crossmark enabled
10.7554/elife.01228,2013-12-3,Crossmark enabled
10.7554/elife.01386,2014-1-7,Crossmark enabled
10.7554/elife.03613,2014-9-10,Crossmark enabled
10.7554/elife.09946,2015-10-27,Crossmark enabled
10.7554/elife.29959,2017-11-15,Crossmark enabled
10.7554/elife.30387,2018-2-27,Crossmark enabled
10.7554/elife.31097,2018-1-29,Crossmark enabled
10.7554/elife.29630,2017-10-9,Crossmark enabled
10.7554/elife.28921,2017-11-13,Crossmark enabled
10.7554/elife.06516,2015-5-15,Crossmark enabled
10.7554/elife.05491,2015-3-12,Crossmark enabled
10.7554/elife.04180,2014-12-10,Crossmark enabled
10.7554/elife.19314,2017-1-24,Crossmark enabled
10.7554/elife.18558,2017-4-4,Crossmark enabled
10.7554/elife.14226,2016-6-2,Crossmark enabled
10.7554/elife.10960,2016-2-19,Crossmark enabled
10.7554/elife.33967,2018-4-24,Crossmark enabled
10.7554/elife.20725,2017-4-25,Crossmark enabled
10.7554/elife.37750,2018-7-20,Crossmark enabled
10.7554/elife.10841,2015-12-3,Crossmark enabled
10.7554/elife.33323,2017-12-4,Crossmark enabled
10.7554/elife.32353,2017-12-18,Crossmark enabled
10.7554/elife.53071,2020-3-13,Crossmark enabled
10.7554/elife.34702,2018-5-1,Crossmark enabled
10.7554/elife.01233,2013-9-3,Crossmark enabled
10.7554/elife.01388,2013-9-24,Crossmark enabled
10.7554/elife.34396,2018-1-29,Crossmark enabled
10.7554/elife.38958,2018-7-26,Crossmark enabled
10.7554/elife.21394,2016-12-20,Crossmark enabled
10.7554/elife.21600,2016-11-17,Crossmark enabled
10.7554/elife.01160,2013-9-17,Crossmark enabled
10.7554/elife.05269,2015-1-22,Crossmark enabled
10.7554/elife.37703,2018-11-12,Crossmark enabled
10.7554/elife.52743,2020-2-18,Crossmark enabled
10.7554/elife.38389,2018-7-19,Crossmark enabled
10.7554/elife.21895,2017-3-6,Crossmark enabled
10.7554/elife.00642,2013-3-26,Crossmark enabled
10.7554/elife.35677,2018-5-11,Crossmark enabled
10.7554/elife.09178,2015-8-22,Crossmark enabled
10.7554/elife.55111,2020-4-15,Crossmark enabled
10.7554/elife.07433,2015-6-15,Crossmark enabled
10.7554/elife.49405,2019-11-25,Crossmark enabled
10.7554/elife.32077,2018-2-17,Crossmark enabled
10.7554/elife.34064,2018-5-11,Crossmark enabled
10.7554/elife.20616,2016-12-30,Crossmark enabled
10.7554/elife.06054,2015-3-10,Crossmark enabled
10.7554/elife.03583,2014-11-26,Crossmark enabled
10.7554/elife.15271,2016-5-13,Crossmark enabled
10.7554/elife.31476,2017-11-30,Crossmark enabled
10.7554/elife.53205,2020-1-30,Crossmark enabled
10.7554/elife.56054,2020-4-1,Crossmark enabled
10.7554/elife.25155,2017-5-11,Crossmark enabled
10.7554/elife.12089,2016-2-15,Crossmark enabled
10.7554/elife.11623,2015-10-24,Crossmark enabled
10.7554/elife.31826,2018-8-22,Crossmark enabled
10.7554/elife.15448,2016-7-4,Crossmark enabled
10.7554/elife.21301,2016-12-7,Crossmark enabled
10.7554/elife.38635,2018-11-7,Crossmark enabled
10.7554/elife.47261,2019-10-24,Crossmark enabled
10.7554/elife.06193,2015-2-3,Crossmark enabled
10.7554/elife.34985,2018-6-4,Crossmark enabled
10.7554/elife.36664,2018-9-14,Crossmark enabled
10.7554/elife.41602,2019-2-5,Crossmark enabled
10.7554/elife.02910,2014-6-25,Crossmark enabled
10.7554/elife.31628,2018-1-29,Crossmark enabled
10.7554/elife.23990,2017-4-22,Crossmark enabled
10.7554/elife.39633,2018-12-12,Crossmark enabled
10.7554/elife.37813,2018-12-11,Crossmark enabled
10.7554/elife.05116,2015-2-4,Crossmark enabled
10.7554/elife.26016,2018-3-12,Crossmark enabled
10.7554/elife.43747,2019-5-16,Crossmark enabled
10.7554/elife.44739,2019-10-11,Crossmark enabled
10.7554/elife.21459,2016-12-20,Crossmark enabled
10.7554/elife.02397,2014-5-21,Crossmark enabled
10.7554/elife.52546,2020-2-11,Crossmark enabled
10.7554/elife.15537,2016-5-25,Crossmark enabled
10.7554/elife.30244,2017-10-16,Crossmark enabled
10.7554/elife.43194,2019-5-17,Crossmark enabled
10.7554/elife.38907,2018-9-4,Crossmark enabled
10.7554/elife.03185,2014-12-8,Crossmark enabled
10.7554/elife.33977,2018-10-22,Crossmark enabled
10.7554/elife.07493,2015-6-17,Crossmark enabled
10.7554/elife.45293,2019-6-28,Crossmark enabled
10.7554/elife.26161,2018-3-21,Crossmark enabled
10.7554/elife.40593,2019-7-17,Crossmark enabled
10.7554/elife.40526,2019-3-4,Crossmark enabled
10.7554/elife.08527,2015-12-1,Crossmark enabled
10.7554/elife.34394,2018-3-15,Crossmark enabled
10.7554/elife.49542,2019-12-11,Crossmark enabled
10.7554/elife.04046,2014-10-14,Crossmark enabled
10.7554/elife.55002,2020-2-17,Crossmark enabled
10.7554/elife.11188,2015-11-14,Crossmark enabled
10.7554/elife.07118,2015-5-7,Crossmark enabled
10.7554/elife.49669,2020-2-25,Crossmark enabled
10.7554/elife.54023,2020-2-3,Crossmark enabled
10.7554/elife.19671,2017-1-17,Crossmark enabled
10.7554/elife.56501,2020-4-23,Crossmark enabled
10.7554/elife.15447,2016-7-19,Crossmark enabled
10.7554/elife.49662,2019-8-16,Crossmark enabled
10.7554/elife.24052,2017-1-19,Crossmark enabled
10.7554/elife.25051,2017-3-28,Crossmark enabled
10.7554/elife.26349,2017-12-4,Crossmark enabled
10.7554/elife.44642,2019-11-8,Crossmark enabled
10.7554/elife.51260,2020-6-2,Crossmark enabled
10.7554/elife.51243,2020-3-25,Crossmark enabled
10.7554/elife.45919,2019-7-1,Crossmark enabled
10.7554/elife.30333,2017-10-23,Crossmark enabled
10.7554/elife.35574,2018-3-22,Crossmark enabled
10.7554/elife.21620,2017-3-29,Crossmark enabled
10.7554/elife.10042,2016-1-18,Crossmark enabled
10.7554/elife.27014,2017-8-22,Crossmark enabled
10.7554/elife.24669,2017-3-27,Crossmark enabled
10.7554/elife.00960,2013-11-12,Crossmark enabled
10.7554/elife.00308,2013-1-22,Crossmark enabled
10.7554/elife.00736,2013-6-25,Crossmark enabled
10.7554/elife.47163,2019-8-12,Crossmark enabled
10.7554/elife.03091,2014-11-25,Crossmark enabled
10.7554/elife.43994,2019-3-27,Crossmark enabled
10.7554/elife.47102,2019-6-12,Crossmark enabled
10.7554/elife.30860,2017-11-16,Crossmark enabled
10.7554/elife.43627,2019-3-26,Crossmark enabled
10.7554/elife.36068,2018-7-31,Crossmark enabled
10.7554/elife.47145,2019-7-2,Crossmark enabled
10.7554/elife.11611,2015-11-2,Crossmark enabled
10.7554/elife.41140,2018-12-24,Crossmark enabled
10.7554/elife.18260,2016-10-25,Crossmark enabled
10.7554/elife.16420,2016-8-30,Crossmark enabled
10.7554/elife.41769,2019-5-24,Crossmark enabled
10.7554/elife.36392,2018-7-25,Crossmark enabled
10.7554/elife.03811,2014-8-5,Crossmark enabled
10.7554/elife.00577,2013-3-8,Crossmark enabled
10.7554/elife.08659,2015-6-5,Crossmark enabled
10.7554/elife.34586,2018-7-9,Crossmark enabled
10.7554/elife.46315,2019-7-1,Crossmark enabled
10.7554/elife.01944,2014-4-9,Crossmark enabled
10.7554/elife.35692,2018-7-24,Crossmark enabled
10.7554/elife.20145,2016-12-13,Crossmark enabled
10.7554/elife.34062,2018-6-1,Crossmark enabled
10.7554/elife.25302,2017-5-19,Crossmark enabled
10.7554/elife.30115,2017-12-12,Crossmark enabled
10.7554/elife.04875,2014-11-10,Crossmark enabled
10.7554/elife.11349,2015-12-3,Crossmark enabled
10.7554/elife.05606,2015-3-19,Crossmark enabled
10.7554/elife.10110,2015-9-3,Crossmark enabled
10.7554/elife.46380,2019-10-3,Crossmark enabled
10.7554/elife.28074,2017-10-18,Crossmark enabled
10.7554/elife.30413,2018-1-4,Crossmark enabled
10.7554/elife.49682,2019-9-9,Crossmark enabled
10.7554/elife.13133,2016-6-14,Crossmark enabled
10.7554/elife.22345,2017-3-21,Crossmark enabled
10.7554/elife.41973,2018-10-15,Crossmark enabled
10.7554/elife.53127,2020-5-20,Crossmark enabled
10.7554/elife.46630,2019-5-21,Crossmark enabled
10.7554/elife.29056,2017-7-3,Crossmark enabled
10.7554/elife.26243,2017-6-1,Crossmark enabled
10.7554/elife.13253,2016-2-15,Crossmark enabled
10.7554/elife.16748,2016-11-23,Crossmark enabled
10.7554/elife.18746,2016-10-3,Crossmark enabled
10.7554/elife.52276,2020-3-25,Crossmark enabled
10.7554/elife.53162,2020-2-18,Crossmark enabled
10.7554/elife.00791,2013-4-30,Crossmark enabled
10.7554/elife.09668,2015-11-17,Crossmark enabled
10.7554/elife.46629,2019-5-10,Crossmark enabled
10.7554/elife.25887,2017-6-20,Crossmark enabled
10.7554/elife.03638,2014-7-16,Crossmark enabled
10.7554/elife.31510,2018-2-14,Crossmark enabled
10.7554/elife.04353,2014-11-10,Crossmark enabled
10.7554/elife.57023,2020-5-18,Crossmark enabled
10.7554/elife.40520,2019-1-2,Crossmark enabled
10.7554/elife.44904,2019-5-22,Crossmark enabled
10.7554/elife.11155,2016-1-8,Crossmark enabled
10.7554/elife.51620,2020-3-26,Crossmark enabled
10.7554/elife.09100,2016-1-14,Crossmark enabled
10.7554/elife.08905,2015-8-14,Crossmark enabled
10.7554/elife.51162,2019-11-4,Crossmark enabled
10.7554/elife.12318,2016-3-7,Crossmark enabled
10.7554/elife.02171,2014-2-11,Crossmark enabled
10.7554/elife.00352,2012-12-18,Crossmark enabled
10.7554/elife.09315,2015-7-9,Crossmark enabled
10.7554/elife.00676,2013-4-16,Crossmark enabled
10.7554/elife.13093,2015-12-23,Crossmark enabled
10.7554/elife.09790,2015-7-29,Crossmark enabled
10.7554/elife.40271,2018-8-24,Crossmark enabled
10.7554/elife.22215,2016-11-15,Crossmark enabled
10.7554/elife.04869,2014-10-29,Crossmark enabled
10.7554/elife.42976,2018-11-28,Crossmark enabled
10.7554/elife.51206,2019-9-25,Crossmark enabled
10.7554/elife.42507,2018-11-14,Crossmark enabled
10.7554/elife.01587,2013-11-12,Crossmark enabled
10.7554/elife.56234,2020-4-23,Crossmark enabled
10.7554/elife.51289,2019-10-1,Crossmark enabled
10.7554/elife.02349,2014-6-17,Crossmark enabled
10.7554/elife.06376,2015-5-14,Crossmark enabled
10.7554/elife.53498,2020-5-19,Crossmark enabled
10.7554/elife.38014,2018-7-25,Crossmark enabled
10.7554/elife.26362,2017-5-2,Crossmark enabled
10.7554/elife.39209,2018-11-20,Crossmark enabled
10.7554/elife.00459,2013-4-16,Crossmark enabled
10.7554/elife.51032,2020-2-20,Crossmark enabled
10.7554/elife.36333,2018-7-27,Crossmark enabled
10.7554/elife.43808,2019-3-12,Crossmark enabled
10.7554/elife.46348,2019-4-29,Crossmark enabled
10.7554/elife.01775,2014-1-28,Crossmark enabled
10.7554/elife.39231,2019-2-4,Crossmark enabled
10.7554/elife.04506,2014-12-15,Crossmark enabled
10.7554/elife.52224,2020-3-24,Crossmark enabled
10.7554/elife.12115,2016-3-15,Crossmark enabled
10.7554/elife.09336,2015-8-14,Crossmark enabled
10.7554/elife.47581,2019-10-15,Crossmark enabled
10.7554/elife.07322,2015-3-31,Crossmark enabled
10.7554/elife.16616,2016-8-4,Crossmark enabled
10.7554/elife.07539,2015-11-27,Crossmark enabled
10.7554/elife.22069,2017-3-28,Crossmark enabled
10.7554/elife.03626,2014-9-8,Crossmark enabled
10.7554/elife.39270,2018-10-9,Crossmark enabled
10.7554/elife.54296,2020-1-24,Crossmark enabled
10.7554/elife.08715,2015-6-16,Crossmark enabled
10.7554/elife.58169,2020-5-26,Crossmark enabled
10.7554/elife.33511,2018-1-16,Crossmark enabled
10.7554/elife.33807,2018-3-14,Crossmark enabled
10.7554/elife.28412,2017-8-8,Crossmark enabled
10.7554/elife.28477,2018-4-17,Crossmark enabled
10.7554/elife.26377,2017-5-18,Crossmark enabled
10.7554/elife.26622,2017-7-3,Crossmark enabled
10.7554/elife.29988,2018-4-16,Crossmark enabled
10.7554/elife.26787,2017-6-22,Crossmark enabled
10.7554/elife.27187,2017-5-15,Crossmark enabled
10.7554/elife.25686,2017-4-15,Crossmark enabled
10.7554/elife.35447,2018-9-7,Crossmark enabled
10.7554/elife.34519,2018-6-19,Crossmark enabled
10.7554/elife.34423,2018-5-11,Crossmark enabled
10.7554/elife.36572,2018-7-30,Crossmark enabled
10.7554/elife.34864,2018-2-9,Crossmark enabled
10.7554/elife.35112,2018-6-7,Crossmark enabled
10.7554/elife.16167,2016-5-26,Crossmark enabled
10.7554/elife.39163,2018-11-26,Crossmark enabled
10.7554/elife.41555,2019-3-25,Crossmark enabled
10.7554/elife.20560,2016-10-22,Crossmark enabled
10.7554/elife.20349,2016-12-8,Crossmark enabled
10.7554/elife.21137,2017-2-6,Crossmark enabled
10.7554/elife.21989,2017-1-6,Crossmark enabled
10.7554/elife.42992,2019-4-4,Crossmark enabled
10.7554/elife.16096,2016-8-11,Crossmark enabled
10.7554/elife.32032,2017-12-14,Crossmark enabled
10.7554/elife.31425,2018-1-11,Crossmark enabled
10.7554/elife.51131,2020-1-20,Crossmark enabled
10.7554/elife.47277,2019-5-31,Crossmark enabled
10.7554/elife.47549,2019-8-14,Crossmark enabled
10.7554/elife.51156,2020-2-19,Crossmark enabled
10.7554/elife.50776,2019-11-12,Crossmark enabled
10.7554/elife.50319,2019-11-13,Crossmark enabled
10.7554/elife.19686,2016-12-15,Crossmark enabled
10.7554/elife.51295,2020-3-25,Crossmark enabled
10.7554/elife.52507,2020-2-11,Crossmark enabled
10.7554/elife.54995,2020-6-8,Crossmark enabled
10.7554/elife.25165,2017-9-6,Crossmark enabled
10.7554/elife.23525,2017-5-19,Crossmark enabled
10.7554/elife.25726,2017-9-16,Crossmark enabled
10.7554/elife.01169,2013-12-17,Crossmark enabled
10.7554/elife.01296,2013-10-1,Crossmark enabled
10.7554/elife.02805,2014-5-29,Crossmark enabled
10.7554/elife.05334,2014-12-31,Crossmark enabled
10.7554/elife.06359,2015-6-3,Crossmark enabled
10.7554/elife.08146,2015-11-2,Crossmark enabled
10.7554/elife.09580,2015-12-23,Crossmark enabled
10.7554/elife.12366,2016-3-15,Crossmark enabled
10.7554/elife.14158,2016-5-31,Crossmark enabled
10.7554/elife.13879,2016-4-21,Crossmark enabled
10.7554/elife.11414,2016-3-21,Crossmark enabled
10.7554/elife.11999,2016-2-17,Crossmark enabled
10.7554/elife.11475,2016-9-29,Crossmark enabled
10.7554/elife.15159,2016-5-25,Crossmark enabled
10.7554/elife.15564,2016-4-26,Crossmark enabled
10.7554/elife.43625,2019-9-10,Crossmark enabled
10.7554/elife.10606,2015-12-29,Crossmark enabled
10.7554/elife.04232,2015-3-11,Crossmark enabled
10.7554/elife.37429,2018-9-3,Crossmark enabled
10.7554/elife.32358,2018-4-3,Crossmark enabled
10.7554/elife.14709,2016-6-15,Crossmark enabled
10.7554/elife.18904,2017-1-31,Crossmark enabled
10.7554/elife.29540,2017-11-24,Crossmark enabled
10.7554/elife.29702,2017-10-24,Crossmark enabled
10.7554/elife.07616,2015-7-28,Crossmark enabled
10.7554/elife.06426,2015-6-8,Crossmark enabled
10.7554/elife.51546,2020-2-18,Crossmark enabled
10.7554/elife.15910,2016-10-12,Crossmark enabled
10.7554/elife.22866,2016-12-19,Crossmark enabled
10.7554/elife.07558,2015-5-19,Crossmark enabled
10.7554/elife.36928,2018-12-7,Crossmark enabled
10.7554/elife.01074,2013-9-17,Crossmark enabled
10.7554/elife.47640,2019-10-24,Crossmark enabled
10.7554/elife.27854,2017-10-31,Crossmark enabled
10.7554/elife.19921,2016-12-14,Crossmark enabled
10.7554/elife.00862,2013-11-5,Crossmark enabled
10.7554/elife.00411,2013-6-4,Crossmark enabled
10.7554/elife.44752,2019-7-10,Crossmark enabled
10.7554/elife.39356,2019-1-15,Crossmark enabled
10.7554/elife.06547,2015-5-26,Crossmark enabled
10.7554/elife.38169,2018-10-22,Crossmark enabled
10.7554/elife.37262,2018-9-20,Crossmark enabled
10.7554/elife.12637,2016-2-12,Crossmark enabled
10.7554/elife.44392,2019-8-22,Crossmark enabled
10.7554/elife.42093,2019-1-16,Crossmark enabled
10.7554/elife.47804,2019-9-17,Crossmark enabled
10.7554/elife.33854,2018-6-14,Crossmark enabled
10.7554/elife.19290,2017-1-25,Crossmark enabled
10.7554/elife.10382,2016-2-11,Crossmark enabled
10.7554/elife.34334,2018-2-26,Crossmark enabled
10.7554/elife.30278,2017-10-24,Crossmark enabled
10.7554/elife.46300,2019-6-13,Crossmark enabled
10.7554/elife.51063,2019-12-23,Crossmark enabled
10.7554/elife.44898,2019-5-7,Crossmark enabled
10.7554/elife.07545,2015-9-22,Crossmark enabled
10.7554/elife.23647,2017-9-8,Crossmark enabled
10.7554/elife.38529,2018-8-23,Crossmark enabled
10.7554/elife.29938,2017-9-26,Crossmark enabled
10.7554/elife.23474,2017-3-18,Crossmark enabled
10.7554/elife.13065,2016-5-20,Crossmark enabled
10.7554/elife.09743,2015-11-9,Crossmark enabled
10.7554/elife.36745,2018-8-7,Crossmark enabled
10.7554/elife.46134,2019-8-27,Crossmark enabled
10.7554/elife.13926,2016-3-26,Crossmark enabled
10.7554/elife.52337,2020-4-27,Crossmark enabled
10.7554/elife.20041,2016-11-25,Crossmark enabled
10.7554/elife.18683,2016-9-26,Crossmark enabled
10.7554/elife.42374,2019-4-8,Crossmark enabled
10.7554/elife.52443,2020-4-21,Crossmark enabled
10.7554/elife.21283,2017-1-7,Crossmark enabled
10.7554/elife.07918,2015-7-21,Crossmark enabled
10.7554/elife.17023,2016-7-11,Crossmark enabled
10.7554/elife.26990,2017-9-26,Crossmark enabled
10.7554/elife.39887,2018-10-15,Crossmark enabled
10.7554/elife.05635,2015-3-25,Crossmark enabled
10.7554/elife.11306,2015-12-23,Crossmark enabled
10.7554/elife.32293,2018-4-9,Crossmark enabled
10.7554/elife.34711,2018-5-24,Crossmark enabled
10.7554/elife.38438,2018-8-2,Crossmark enabled
10.7554/elife.02260,2014-5-27,Crossmark enabled
10.7554/elife.51636,2020-1-29,Crossmark enabled
10.7554/elife.48191,2019-9-4,Crossmark enabled
10.7554/elife.04889,2015-1-13,Crossmark enabled
10.7554/elife.23239,2017-3-2,Crossmark enabled
10.7554/elife.04234,2014-9-2,Crossmark enabled
10.7554/elife.23421,2017-7-21,Crossmark enabled
10.7554/elife.48508,2019-10-15,Crossmark enabled
10.7554/elife.52272,2020-3-9,Crossmark enabled
10.7554/elife.41093,2019-3-11,Crossmark enabled
10.7554/elife.51219,2020-1-23,Crossmark enabled
10.7554/elife.42166,2018-11-9,Crossmark enabled
10.7554/elife.08347,2015-6-30,Crossmark enabled
10.7554/elife.36426,2018-10-16,Crossmark enabled
10.7554/elife.18215,2016-8-15,Crossmark enabled
10.7554/elife.01267,2014-8-12,Crossmark enabled
10.7554/elife.26476,2017-11-13,Crossmark enabled
10.7554/elife.26945,2017-10-9,Crossmark enabled
10.7554/elife.04132,2014-11-11,Crossmark enabled
10.7554/elife.36768,2018-6-4,Crossmark enabled
10.7554/elife.01222,2013-10-29,Crossmark enabled
10.7554/elife.20353,2017-1-16,Crossmark enabled
10.7554/elife.44344,2019-4-23,Crossmark enabled
10.7554/elife.50138,2020-5-21,Crossmark enabled
10.7554/elife.09345,2015-9-21,Crossmark enabled
10.7554/elife.51111,2020-2-7,Crossmark enabled
10.7554/elife.15932,2016-8-8,Crossmark enabled
10.7554/elife.33286,2018-6-4,Crossmark enabled
10.7554/elife.34364,2018-10-8,Crossmark enabled
10.7554/elife.02217,2014-4-8,Crossmark enabled
10.7554/elife.08363,2015-10-12,Crossmark enabled
10.7554/elife.42392,2019-2-4,Crossmark enabled
10.7554/elife.34375,2018-2-20,Crossmark enabled
10.7554/elife.29546,2018-4-16,Crossmark enabled
10.7554/elife.33934,2018-5-1,Crossmark enabled
10.7554/elife.30005,2017-9-15,Crossmark enabled
10.7554/elife.46059,2019-6-10,Crossmark enabled
10.7554/elife.46174,2019-4-24,Crossmark enabled
10.7554/elife.49700,2020-3-5,Crossmark enabled
10.7554/elife.37102,2019-5-3,Crossmark enabled
10.7554/elife.38432,2018-11-6,Crossmark enabled
10.7554/elife.38675,2018-10-17,Crossmark enabled
10.7554/elife.38843,2019-3-22,Crossmark enabled
10.7554/elife.51212,2019-11-14,Crossmark enabled
10.7554/elife.51339,2020-5-14,Crossmark enabled
10.7554/elife.51737,2020-2-13,Crossmark enabled
10.7554/elife.54761,2020-3-13,Crossmark enabled
10.7554/elife.37295,2018-9-11,Crossmark enabled
10.7554/elife.42512,2019-4-30,Crossmark enabled
10.7554/elife.32586,2018-1-23,Crossmark enabled
10.7554/elife.31065,2017-12-28,Crossmark enabled
10.7554/elife.31324,2017-11-22,Crossmark enabled
10.7554/elife.29510,2017-11-1,Crossmark enabled
10.7554/elife.29593,2017-12-18,Crossmark enabled
10.7554/elife.33092,2018-5-29,Crossmark enabled
10.7554/elife.37776,2018-11-16,Crossmark enabled
10.7554/elife.35518,2018-6-14,Crossmark enabled
10.7554/elife.45306,2019-9-30,Crossmark enabled
10.7554/elife.45829,2019-6-17,Crossmark enabled
10.7554/elife.46703,2019-8-6,Crossmark enabled
10.7554/elife.46773,2019-9-16,Crossmark enabled
10.7554/elife.00640,2013-6-11,Crossmark enabled
10.7554/elife.00380,2013-7-9,Crossmark enabled
10.7554/elife.02687,2014-6-23,Crossmark enabled
10.7554/elife.02755,2014-11-18,Crossmark enabled
10.7554/elife.02917,2014-8-19,Crossmark enabled
10.7554/elife.02938,2014-6-10,Crossmark enabled
10.7554/elife.04363,2015-2-25,Crossmark enabled
10.7554/elife.07661,2015-7-8,Crossmark enabled
10.7554/elife.06474,2015-5-7,Crossmark enabled
10.7554/elife.19510,2016-10-21,Crossmark enabled
10.7554/elife.20873,2017-3-20,Crossmark enabled
10.7554/elife.18894,2017-1-25,Crossmark enabled
10.7554/elife.20470,2017-3-14,Crossmark enabled
10.7554/elife.18205,2016-11-29,Crossmark enabled
10.7554/elife.21526,2017-6-27,Crossmark enabled
10.7554/elife.17634,2016-8-23,Crossmark enabled
10.7554/elife.16087,2016-8-1,Crossmark enabled
10.7554/elife.15082,2016-7-13,Crossmark enabled
10.7554/elife.14694,2016-8-8,Crossmark enabled
10.7554/elife.07398,2015-11-6,Crossmark enabled
10.7554/elife.25421,2017-6-16,Crossmark enabled
10.7554/elife.22451,2017-3-27,Crossmark enabled
10.7554/elife.00905,2013-9-24,Crossmark enabled
10.7554/elife.10874,2015-9-29,Crossmark enabled
10.7554/elife.11479,2016-1-27,Crossmark enabled
10.7554/elife.10106,2015-12-29,Crossmark enabled
10.7554/elife.21170,2016-11-24,Crossmark enabled
10.7554/elife.48293,2019-11-18,Crossmark enabled
10.7554/elife.56451,2020-5-27,Crossmark enabled
10.7554/elife.01751,2014-3-11,Crossmark enabled
10.7554/elife.29089,2017-10-23,Crossmark enabled
10.7554/elife.11147,2015-12-15,Crossmark enabled
10.7554/elife.02001,2014-4-29,Crossmark enabled
10.7554/elife.01514,2013-10-15,Crossmark enabled
10.7554/elife.21236,2016-10-11,Crossmark enabled
10.7554/elife.35111,2018-3-1,Crossmark enabled
10.7554/elife.22256,2016-11-29,Crossmark enabled
10.7554/elife.36064,2018-3-21,Crossmark enabled
10.7554/elife.48340,2019-6-14,Crossmark enabled
10.7554/elife.02583,2014-3-25,Crossmark enabled
10.7554/elife.26519,2017-10-6,Crossmark enabled
10.7554/elife.35886,2018-7-17,Crossmark enabled
10.7554/elife.52676,2020-3-23,Crossmark enabled
10.7554/elife.28589,2017-7-18,Crossmark enabled
10.7554/elife.32137,2017-11-29,Crossmark enabled
10.7554/elife.05447,2015-3-31,Crossmark enabled
10.7554/elife.07832,2015-9-24,Crossmark enabled
10.7554/elife.37476,2018-6-22,Crossmark enabled
10.7554/elife.08898,2015-8-7,Crossmark enabled
10.7554/elife.36312,2018-6-26,Crossmark enabled
10.7554/elife.14003,2016-3-14,Crossmark enabled
10.7554/elife.48772,2019-11-11,Crossmark enabled
10.7554/elife.00594,2013-5-21,Crossmark enabled
10.7554/elife.38588,2018-10-25,Crossmark enabled
10.7554/elife.12397,2016-2-1,Crossmark enabled
10.7554/elife.04872,2015-3-16,Crossmark enabled
10.7554/elife.28975,2017-11-2,Crossmark enabled
10.7554/elife.30734,2017-9-8,Crossmark enabled
10.7554/elife.43339,2018-12-4,Crossmark enabled
10.7554/elife.38209,2018-6-20,Crossmark enabled
10.7554/elife.10233,2015-8-25,Crossmark enabled
10.7554/elife.49932,2019-7-8,Crossmark enabled
10.7554/elife.07604,2015-4-17,Crossmark enabled
10.7554/elife.11375,2015-10-16,Crossmark enabled
10.7554/elife.00450,2013-1-8,Crossmark enabled
10.7554/elife.38959,2018-7-19,Crossmark enabled
10.7554/elife.09353,2015-7-22,Crossmark enabled
10.7554/elife.16393,2016-5-9,Crossmark enabled
10.7554/elife.57032,2020-3-27,Crossmark enabled
10.7554/elife.02725,2014-8-1,Crossmark enabled
10.7554/elife.34961,2018-7-10,Crossmark enabled
10.7554/elife.36998,2018-5-10,Crossmark enabled
10.7554/elife.00691,2013-7-9,Crossmark enabled
10.7554/elife.18481,2017-6-22,Crossmark enabled
10.7554/elife.34655,2018-5-1,Crossmark enabled
10.7554/elife.44527,2019-3-25,Crossmark enabled
10.7554/elife.22268,2017-1-4,Crossmark enabled
10.7554/elife.25861,2017-8-31,Crossmark enabled
10.7554/elife.37272,2018-8-20,Crossmark enabled
10.7554/elife.07736,2015-4-22,Crossmark enabled
10.7554/elife.41241,2018-11-28,Crossmark enabled
10.7554/elife.49266,2019-9-17,Crossmark enabled
10.7554/elife.42650,2019-2-8,Crossmark enabled
10.7554/elife.34550,2018-4-19,Crossmark enabled
10.7554/elife.14315,2016-5-31,Crossmark enabled
10.7554/elife.47713,2019-9-19,Crossmark enabled
10.7554/elife.43101,2019-1-15,Crossmark enabled
10.7554/elife.32057,2018-2-21,Crossmark enabled
10.7554/elife.13254,2016-4-29,Crossmark enabled
10.7554/elife.25932,2017-5-12,Crossmark enabled
10.7554/elife.41228,2018-11-28,Crossmark enabled
10.7554/elife.18566,2016-12-23,Crossmark enabled
10.7554/elife.32237,2018-1-30,Crossmark enabled
10.7554/elife.02152,2014-6-16,Crossmark enabled
10.7554/elife.03282,2014-12-5,Crossmark enabled
10.7554/elife.16578,2016-8-2,Crossmark enabled
10.7554/elife.06959,2015-5-22,Crossmark enabled
10.7554/elife.08245,2015-9-3,Crossmark enabled
10.7554/elife.10670,2016-2-14,Crossmark enabled
10.7554/elife.08497,2015-12-9,Crossmark enabled
10.7554/elife.17214,2016-11-22,Crossmark enabled
10.7554/elife.47602,2019-10-22,Crossmark enabled
10.7554/elife.29145,2017-8-23,Crossmark enabled
10.7554/elife.19568,2016-12-14,Crossmark enabled
10.7554/elife.37138,2018-9-18,Crossmark enabled
10.7554/elife.41641,2019-5-15,Crossmark enabled
10.7554/elife.29241,2017-9-7,Crossmark enabled
10.7554/elife.50524,2019-10-8,Crossmark enabled
10.7554/elife.29053,2018-4-10,Crossmark enabled
10.7554/elife.52535,2020-3-30,Crossmark enabled
10.7554/elife.17219,2016-9-26,Crossmark enabled
10.7554/elife.41038,2018-12-6,Crossmark enabled
10.7554/elife.44186,2019-4-26,Crossmark enabled
10.7554/elife.03587,2014-11-25,Crossmark enabled
10.7554/elife.33617,2018-9-19,Crossmark enabled
10.7554/elife.03189,2015-2-26,Crossmark enabled
10.7554/elife.32536,2018-9-7,Crossmark enabled
10.7554/elife.44736,2019-6-21,Crossmark enabled
10.7554/elife.04052,2015-3-6,Crossmark enabled
10.7554/elife.38564,2018-7-26,Crossmark enabled
10.7554/elife.44215,2019-8-6,Crossmark enabled
10.7554/elife.49819,2019-12-23,Crossmark enabled
10.7554/elife.09343,2015-7-21,Crossmark enabled
10.7554/elife.47612,2019-9-13,Crossmark enabled
10.7554/elife.52291,2020-1-6,Crossmark enabled
10.7554/elife.35987,2018-6-19,Crossmark enabled
10.7554/elife.49002,2019-9-16,Crossmark enabled
10.7554/elife.26602,2017-9-12,Crossmark enabled
10.7554/elife.46793,2019-7-9,Crossmark enabled
10.7554/elife.11880,2016-7-20,Crossmark enabled
10.7554/elife.47177,2019-7-24,Crossmark enabled
10.7554/elife.49744,2019-11-6,Crossmark enabled
10.7554/elife.15043,2016-4-12,Crossmark enabled
10.7554/elife.42368,2018-10-22,Crossmark enabled
10.7554/elife.01119,2013-12-24,Crossmark enabled
10.7554/elife.17462,2016-10-15,Crossmark enabled
10.7554/elife.00425,2013-5-28,Crossmark enabled
10.7554/elife.40855,2019-8-13,Crossmark enabled
10.7554/elife.26437,2017-6-9,Crossmark enabled
10.7554/elife.50541,2019-12-2,Crossmark enabled
10.7554/elife.43318,2019-4-25,Crossmark enabled
10.7554/elife.28468,2017-8-30,Crossmark enabled
10.7554/elife.47946,2020-3-13,Crossmark enabled
10.7554/elife.51144,2020-2-24,Crossmark enabled
10.7554/elife.01102,2013-10-1,Crossmark enabled
10.7554/elife.12247,2015-12-18,Crossmark enabled
10.7554/elife.02996,2014-8-26,Crossmark enabled
10.7554/elife.02772,2014-6-30,Crossmark enabled
10.7554/elife.44954,2019-4-29,Crossmark enabled
10.7554/elife.41239,2019-10-1,Crossmark enabled
10.7554/elife.00260,2013-3-26,Crossmark enabled
10.7554/elife.37001,2018-7-17,Crossmark enabled
10.7554/elife.28083,2017-10-2,Crossmark enabled
10.7554/elife.35468,2018-12-13,Crossmark enabled
10.7554/elife.46615,2019-7-31,Crossmark enabled
10.7554/elife.43828,2019-6-18,Crossmark enabled
10.7554/elife.17756,2016-6-28,Crossmark enabled
10.7554/elife.45508,2019-5-30,Crossmark enabled
10.7554/elife.49062,2019-10-1,Crossmark enabled
10.7554/elife.45881,2019-5-15,Crossmark enabled
10.7554/elife.39905,2019-5-14,Crossmark enabled
10.7554/elife.46086,2019-5-28,Crossmark enabled
10.7554/elife.05534,2015-2-19,Crossmark enabled
10.7554/elife.24570,2017-4-10,Crossmark enabled
10.7554/elife.43036,2018-12-24,Crossmark enabled
10.7554/elife.43944,2019-4-4,Crossmark enabled
10.7554/elife.02951,2014-8-19,Crossmark enabled
10.7554/elife.28086,2017-12-15,Crossmark enabled
10.7554/elife.43561,2019-2-11,Crossmark enabled
10.7554/elife.43079,2019-5-21,Crossmark enabled
10.7554/elife.35073,2018-5-24,Crossmark enabled
10.7554/elife.30959,2017-11-9,Crossmark enabled
10.7554/elife.54846,2020-5-5,Crossmark enabled
10.7554/elife.49974,2020-2-7,Crossmark enabled
10.7554/elife.19322,2016-9-2,Crossmark enabled
10.7554/elife.45777,2019-7-4,Crossmark enabled
10.7554/elife.19153,2017-2-13,Crossmark enabled
10.7554/elife.26509,2017-9-8,Crossmark enabled
10.7554/elife.35224,2018-7-17,Crossmark enabled
10.7554/elife.02112,2014-5-8,Crossmark enabled
10.7554/elife.23232,2017-4-11,Crossmark enabled
10.7554/elife.20320,2016-12-14,Crossmark enabled
10.7554/elife.27434,2017-11-15,Crossmark enabled
10.7554/elife.21855,2017-1-13,Crossmark enabled
10.7554/elife.05401,2014-12-23,Crossmark enabled
10.7554/elife.43146,2019-1-28,Crossmark enabled
10.7554/elife.14908,2016-3-30,Crossmark enabled
10.7554/elife.36340,2018-7-25,Crossmark enabled
10.7554/elife.27879,2017-10-4,Crossmark enabled
10.7554/elife.47732,2019-6-24,Crossmark enabled
10.7554/elife.07464,2015-6-2,Crossmark enabled
10.7554/elife.02236,2014-8-21,Crossmark enabled
10.7554/elife.38194,2018-10-12,Crossmark enabled
10.7554/elife.12977,2016-5-23,Crossmark enabled
10.7554/elife.05434,2015-5-19,Crossmark enabled
10.7554/elife.49000,2019-11-22,Crossmark enabled
10.7554/elife.12821,2016-3-8,Crossmark enabled
10.7554/elife.52677,2020-3-5,Crossmark enabled
10.7554/elife.43652,2019-3-5,Crossmark enabled
10.7554/elife.06412,2015-2-27,Crossmark enabled
10.7554/elife.31268,2017-10-13,Crossmark enabled
10.7554/elife.49658,2020-1-14,Crossmark enabled
10.7554/elife.22341,2017-2-22,Crossmark enabled
10.7554/elife.00036,2013-9-3,Crossmark enabled
10.7554/elife.13450,2016-4-28,Crossmark enabled
10.7554/elife.02043,2014-4-29,Crossmark enabled
10.7554/elife.24487,2017-4-5,Crossmark enabled
10.7554/elife.06416,2015-4-28,Crossmark enabled
10.7554/elife.37434,2019-3-26,Crossmark enabled
10.7554/elife.19593,2016-11-29,Crossmark enabled
10.7554/elife.30015,2018-1-8,Crossmark enabled
10.7554/elife.32794,2018-2-27,Crossmark enabled
10.7554/elife.07847,2015-7-13,Crossmark enabled
10.7554/elife.51599,2020-2-26,Crossmark enabled
10.7554/elife.00070,2012-12-13,Crossmark enabled
10.7554/elife.43320,2018-12-21,Crossmark enabled
10.7554/elife.54687,2020-5-4,Crossmark enabled
10.7554/elife.00117,2012-12-18,Crossmark enabled
10.7554/elife.40009,2018-12-13,Crossmark enabled
10.7554/elife.17548,2016-8-23,Crossmark enabled
10.7554/elife.26517,2017-11-22,Crossmark enabled
10.7554/elife.26337,2017-5-10,Crossmark enabled
10.7554/elife.15161,2016-7-27,Crossmark enabled
10.7554/elife.45413,2019-12-3,Crossmark enabled
10.7554/elife.03197,2014-11-27,Crossmark enabled
10.7554/elife.08536,2015-9-22,Crossmark enabled
10.7554/elife.21886,2017-1-5,Crossmark enabled
10.7554/elife.42690,2019-2-4,Crossmark enabled
10.7554/elife.39023,2018-12-4,Crossmark enabled
10.7554/elife.16777,2016-6-28,Crossmark enabled
10.7554/elife.32242,2018-1-18,Crossmark enabled
10.7554/elife.52939,2020-4-2,Crossmark enabled
10.7554/elife.46525,2019-4-4,Crossmark enabled
10.7554/elife.38578,2018-6-29,Crossmark enabled
10.7554/elife.02088,2014-1-21,Crossmark enabled
10.7554/elife.33792,2018-1-8,Crossmark enabled
10.7554/elife.01494,2013-10-8,Crossmark enabled
10.7554/elife.01680,2013-12-3,Crossmark enabled
10.7554/elife.54467,2020-1-7,Crossmark enabled
10.7554/elife.41912,2018-10-16,Crossmark enabled
10.7554/elife.45580,2019-3-5,Crossmark enabled
10.7554/elife.36786,2018-4-16,Crossmark enabled
10.7554/elife.20707,2017-1-24,Crossmark enabled
10.7554/elife.40655,2019-1-4,Crossmark enabled
10.7554/elife.47566,2019-8-28,Crossmark enabled
10.7554/elife.20982,2017-1-26,Crossmark enabled
10.7554/elife.25462,2017-8-1,Crossmark enabled
10.7554/elife.04729,2015-2-25,Crossmark enabled
10.7554/elife.11308,2015-12-17,Crossmark enabled
10.7554/elife.48916,2019-12-24,Crossmark enabled
10.7554/elife.13696,2016-5-23,Crossmark enabled
10.7554/elife.49065,2019-10-18,Crossmark enabled
10.7554/elife.38198,2018-8-15,Crossmark enabled
10.7554/elife.44328,2019-4-29,Crossmark enabled
10.7554/elife.51663,2019-12-16,Crossmark enabled
10.7554/elife.04489,2015-1-27,Crossmark enabled
10.7554/elife.45146,2019-5-17,Crossmark enabled
10.7554/elife.57519,2020-4-16,Crossmark enabled
10.7554/elife.23367,2017-1-7,Crossmark enabled
10.7554/elife.00632,2013-6-14,Crossmark enabled
10.7554/elife.49894,2019-12-24,Crossmark enabled
10.7554/elife.51166,2020-1-14,Crossmark enabled
10.7554/elife.10859,2015-11-26,Crossmark enabled
10.7554/elife.26343,2017-8-9,Crossmark enabled
10.7554/elife.15316,2016-6-15,Crossmark enabled
10.7554/elife.00481,2013-4-30,Crossmark enabled
10.7554/elife.32976,2018-3-6,Crossmark enabled
10.7554/elife.36349,2018-5-9,Crossmark enabled
10.7554/elife.24192,2017-12-4,Crossmark enabled
10.7554/elife.06995,2015-3-12,Crossmark enabled
10.7554/elife.31106,2017-9-11,Crossmark enabled
10.7554/elife.06837,2015-3-9,Crossmark enabled
10.7554/elife.08723,2015-9-24,Crossmark enabled
10.7554/elife.07460,2015-7-29,Crossmark enabled
10.7554/elife.08505,2015-9-8,Crossmark enabled
10.7554/elife.09862,2016-3-16,Crossmark enabled
10.7554/elife.01530,2014-3-11,Crossmark enabled
10.7554/elife.01557,2013-12-3,Crossmark enabled
10.7554/elife.01812,2014-3-4,Crossmark enabled
10.7554/elife.03077,2014-10-27,Crossmark enabled
10.7554/elife.02667,2014-5-27,Crossmark enabled
10.7554/elife.00967,2013-8-13,Crossmark enabled
10.7554/elife.01457,2014-1-14,Crossmark enabled
10.7554/elife.00336,2013-3-19,Crossmark enabled
10.7554/elife.04693,2015-2-18,Crossmark enabled
10.7554/elife.11416,2015-12-24,Crossmark enabled
10.7554/elife.52985,2020-4-29,Crossmark enabled
10.7554/elife.52981,2020-3-11,Crossmark enabled
10.7554/elife.53387,2020-3-30,Crossmark enabled
10.7554/elife.50267,2020-1-15,Crossmark enabled
10.7554/elife.26268,2017-6-22,Crossmark enabled
10.7554/elife.44324,2019-5-13,Crossmark enabled
10.7554/elife.44698,2019-6-24,Crossmark enabled
10.7554/elife.43024,2019-4-30,Crossmark enabled
10.7554/elife.43366,2019-1-14,Crossmark enabled
10.7554/elife.40982,2018-10-22,Crossmark enabled
10.7554/elife.42276,2019-7-23,Crossmark enabled
10.7554/elife.42879,2019-5-21,Crossmark enabled
10.7554/elife.41208,2018-12-20,Crossmark enabled
10.7554/elife.41091,2019-4-17,Crossmark enabled
10.7554/elife.41637,2019-1-29,Crossmark enabled
10.7554/elife.17557,2016-9-13,Crossmark enabled
10.7554/elife.34890,2018-7-11,Crossmark enabled
10.7554/elife.33503,2018-7-9,Crossmark enabled
10.7554/elife.36144,2018-6-18,Crossmark enabled
10.7554/elife.33274,2017-12-6,Crossmark enabled
10.7554/elife.23382,2017-6-6,Crossmark enabled
10.7554/elife.22219,2017-5-30,Crossmark enabled
10.7554/elife.22039,2017-1-25,Crossmark enabled
10.7554/elife.25069,2017-8-21,Crossmark enabled
10.7554/elife.16879,2016-8-23,Crossmark enabled
10.7554/elife.27159,2017-8-10,Crossmark enabled
10.7554/elife.21843,2017-1-6,Crossmark enabled
10.7554/elife.48909,2019-10-22,Crossmark enabled
10.7554/elife.48940,2019-11-5,Crossmark enabled
10.7554/elife.44934,2019-9-11,Crossmark enabled
10.7554/elife.48119,2019-9-9,Crossmark enabled
10.7554/elife.47402,2019-7-10,Crossmark enabled
10.7554/elife.46028,2019-6-10,Crossmark enabled
10.7554/elife.46566,2019-7-22,Crossmark enabled
10.7554/elife.47147,2019-10-17,Crossmark enabled
10.7554/elife.16335,2016-5-13,Crossmark enabled
10.7554/elife.17197,2016-12-23,Crossmark enabled
10.7554/elife.17823,2016-9-24,Crossmark enabled
10.7554/elife.39658,2018-11-28,Crossmark enabled
10.7554/elife.39694,2019-1-2,Crossmark enabled
10.7554/elife.38369,2018-9-11,Crossmark enabled
10.7554/elife.38631,2018-12-10,Crossmark enabled
10.7554/elife.40444,2018-10-19,Crossmark enabled
10.7554/elife.43942,2019-5-1,Crossmark enabled
10.7554/elife.27000,2017-12-23,Crossmark enabled
10.7554/elife.11394,2016-1-19,Crossmark enabled
10.7554/elife.49315,2019-11-1,Crossmark enabled
10.7554/elife.21167,2016-11-18,Crossmark enabled
10.7554/elife.33392,2018-5-29,Crossmark enabled
10.7554/elife.36245,2018-6-26,Crossmark enabled
10.7554/elife.51990,2019-11-5,Crossmark enabled
10.7554/elife.04114,2014-12-17,Crossmark enabled
10.7554/elife.44353,2019-5-28,Crossmark enabled
10.7554/elife.51029,2019-12-16,Crossmark enabled
10.7554/elife.05216,2015-2-24,Crossmark enabled
10.7554/elife.35176,2018-5-29,Crossmark enabled
10.7554/elife.21076,2017-1-24,Crossmark enabled
10.7554/elife.12748,2016-1-23,Crossmark enabled
10.7554/elife.04263,2015-1-3,Crossmark enabled
10.7554/elife.19090,2016-11-28,Crossmark enabled
10.7554/elife.13974,2016-3-15,Crossmark enabled
10.7554/elife.22235,2017-3-6,Crossmark enabled
10.7554/elife.37513,2018-12-21,Crossmark enabled
10.7554/elife.03728,2014-9-10,Crossmark enabled
10.7554/elife.28231,2017-10-23,Crossmark enabled
10.7554/elife.44487,2019-3-1,Crossmark enabled
10.7554/elife.52228,2020-1-28,Crossmark enabled
10.7554/elife.05003,2015-4-2,Crossmark enabled
10.7554/elife.00573,2013-2-19,Crossmark enabled
10.7554/elife.40818,2019-4-24,Crossmark enabled
10.7554/elife.14211,2016-4-15,Crossmark enabled
10.7554/elife.26179,2017-6-13,Crossmark enabled
10.7554/elife.00704,2013-6-4,Crossmark enabled
10.7554/elife.46775,2020-1-2,Crossmark enabled
10.7554/elife.33562,2018-3-8,Crossmark enabled
10.7554/elife.18515,2016-11-16,Crossmark enabled
10.7554/elife.30637,2017-12-19,Crossmark enabled
10.7554/elife.40092,2019-2-12,Crossmark enabled
10.7554/elife.32660,2018-4-18,Crossmark enabled
10.7554/elife.43514,2019-2-20,Crossmark enabled
10.7554/elife.35621,2018-6-25,Crossmark enabled
10.7554/elife.05151,2014-12-23,Crossmark enabled
10.7554/elife.02451,2014-4-30,Crossmark enabled
10.7554/elife.31414,2018-4-13,Crossmark enabled
10.7554/elife.54568,2020-4-27,Crossmark enabled
10.7554/elife.50778,2019-11-11,Crossmark enabled
10.7554/elife.06828,2015-4-2,Crossmark enabled
10.7554/elife.29154,2017-10-2,Crossmark enabled
10.7554/elife.48628,2019-9-24,Crossmark enabled
10.7554/elife.37841,2018-11-27,Crossmark enabled
10.7554/elife.14618,2016-6-2,Crossmark enabled
10.7554/elife.27595,2017-10-30,Crossmark enabled
10.7554/elife.28932,2017-10-31,Crossmark enabled
10.7554/elife.20991,2017-1-30,Crossmark enabled
10.7554/elife.32871,2018-2-8,Crossmark enabled
10.7554/elife.45084,2019-6-10,Crossmark enabled
10.7554/elife.00003,2012-11-13,Crossmark enabled
10.7554/elife.05124,2015-7-18,Crossmark enabled
10.7554/elife.22466,2017-2-23,Crossmark enabled
10.7554/elife.00461,2013-2-19,Crossmark enabled
10.7554/elife.36774,2018-8-15,Crossmark enabled
10.7554/elife.36317,2018-8-23,Crossmark enabled
10.7554/elife.52012,2020-4-16,Crossmark enabled
10.7554/elife.34955,2018-3-27,Crossmark enabled
10.7554/elife.34836,2018-5-2,Crossmark enabled
10.7554/elife.47733,2019-11-26,Crossmark enabled
10.7554/elife.01681,2014-7-15,Crossmark enabled
10.7554/elife.04766,2014-12-15,Crossmark enabled
10.7554/elife.22472,2017-2-3,Crossmark enabled
10.7554/elife.00873,2013-5-21,Crossmark enabled
10.7554/elife.09944,2015-7-23,Crossmark enabled
10.7554/elife.13977,2016-2-3,Crossmark enabled
10.7554/elife.05169,2015-1-9,Crossmark enabled
10.7554/elife.23447,2016-12-23,Crossmark enabled
10.7554/elife.48999,2019-7-15,Crossmark enabled
10.7554/elife.49211,2019-7-26,Crossmark enabled
10.7554/elife.07009,2015-7-8,Crossmark enabled
10.7554/elife.32015,2017-9-28,Crossmark enabled
10.7554/elife.02386,2014-3-4,Crossmark enabled
10.7554/elife.26260,2017-3-28,Crossmark enabled
10.7554/elife.21230,2016-9-29,Crossmark enabled
10.7554/elife.12481,2016-1-25,Crossmark enabled
10.7554/elife.21072,2016-9-23,Crossmark enabled
10.7554/elife.12708,2015-11-11,Crossmark enabled
10.7554/elife.49458,2019-11-14,Crossmark enabled
10.7554/elife.06545,2015-4-27,Crossmark enabled
10.7554/elife.36656,2018-6-14,Crossmark enabled
10.7554/elife.41913,2019-1-15,Crossmark enabled
10.7554/elife.28862,2017-7-25,Crossmark enabled
10.7554/elife.20977,2016-11-25,Crossmark enabled
10.7554/elife.42068,2019-3-22,Crossmark enabled
10.7554/elife.40448,2019-3-14,Crossmark enabled
10.7554/elife.44153,2019-11-8,Crossmark enabled
10.7554/elife.11572,2016-2-29,Crossmark enabled
10.7554/elife.03307,2014-11-7,Crossmark enabled
10.7554/elife.17828,2016-8-19,Crossmark enabled
10.7554/elife.22540,2017-1-17,Crossmark enabled
10.7554/elife.26875,2017-6-27,Crossmark enabled
10.7554/elife.20383,2017-2-14,Crossmark enabled
10.7554/elife.08811,2015-7-24,Crossmark enabled
10.7554/elife.18825,2017-2-21,Crossmark enabled
10.7554/elife.42762,2019-11-8,Crossmark enabled
10.7554/elife.47996,2019-9-17,Crossmark enabled
10.7554/elife.16747,2016-8-31,Crossmark enabled
10.7554/elife.50034,2019-11-6,Crossmark enabled
10.7554/elife.22906,2017-2-22,Crossmark enabled
10.7554/elife.48907,2019-12-9,Crossmark enabled
10.7554/elife.11031,2016-7-25,Crossmark enabled
10.7554/elife.50354,2019-11-20,Crossmark enabled
10.7554/elife.42669,2019-2-12,Crossmark enabled
10.7554/elife.47929,2019-8-8,Crossmark enabled
10.7554/elife.20172,2017-1-18,Crossmark enabled
10.7554/elife.48968,2019-8-9,Crossmark enabled
10.7554/elife.39944,2018-12-11,Crossmark enabled
10.7554/elife.06356,2015-4-21,Crossmark enabled
10.7554/elife.06535,2015-6-17,Crossmark enabled
10.7554/elife.09395,2015-11-17,Crossmark enabled
10.7554/elife.26355,2017-4-27,Crossmark enabled
10.7554/elife.01345,2013-11-19,Crossmark enabled
10.7554/elife.21290,2016-11-10,Crossmark enabled
10.7554/elife.03656,2014-8-27,Crossmark enabled
10.7554/elife.07454,2015-7-20,Crossmark enabled
10.7554/elife.48774,2020-1-3,Crossmark enabled
10.7554/elife.09181,2015-10-6,Crossmark enabled
10.7554/elife.24369,2017-4-11,Crossmark enabled
10.7554/elife.37892,2018-9-7,Crossmark enabled
10.7554/elife.44235,2019-4-16,Crossmark enabled
10.7554/elife.16965,2016-7-8,Crossmark enabled
10.7554/elife.26232,2017-5-31,Crossmark enabled
10.7554/elife.35786,2018-8-10,Crossmark enabled
10.7554/elife.34226,2018-5-31,Crossmark enabled
10.7554/elife.24573,2017-5-3,Crossmark enabled
10.7554/elife.46054,2019-5-22,Crossmark enabled
10.7554/elife.26177,2017-5-16,Crossmark enabled
10.7554/elife.29913,2018-1-23,Crossmark enabled
10.7554/elife.28197,2017-12-4,Crossmark enabled
10.7554/elife.11553,2015-11-26,Crossmark enabled
10.7554/elife.15276,2016-6-10,Crossmark enabled
10.7554/elife.53514,2020-3-31,Crossmark enabled
10.7554/elife.30203,2017-10-25,Crossmark enabled
10.7554/elife.39324,2019-3-18,Crossmark enabled
10.7554/elife.03005,2014-6-14,Crossmark enabled
10.7554/elife.10501,2015-10-12,Crossmark enabled
10.7554/elife.39882,2019-4-29,Crossmark enabled
10.7554/elife.18227,2016-9-20,Crossmark enabled
10.7554/elife.46131,2019-5-28,Crossmark enabled
10.7554/elife.43421,2018-12-18,Crossmark enabled
10.7554/elife.55216,2020-2-25,Crossmark enabled
10.7554/elife.45672,2019-4-29,Crossmark enabled
10.7554/elife.21354,2017-1-13,Crossmark enabled
10.7554/elife.34616,2018-10-30,Crossmark enabled
10.7554/elife.44039,2019-4-26,Crossmark enabled
10.7554/elife.13125,2016-4-12,Crossmark enabled
10.7554/elife.24139,2017-6-27,Crossmark enabled
10.7554/elife.04785,2015-1-5,Crossmark enabled
10.7554/elife.52014,2020-3-3,Crossmark enabled
10.7554/elife.37846,2018-8-31,Crossmark enabled
10.7554/elife.55429,2020-3-3,Crossmark enabled
10.7554/elife.08688,2015-9-30,Crossmark enabled
10.7554/elife.12993,2016-4-29,Crossmark enabled
10.7554/elife.28081,2017-8-25,Crossmark enabled
10.7554/elife.30657,2018-2-6,Crossmark enabled
10.7554/elife.31507,2018-3-13,Crossmark enabled
10.7554/elife.38853,2018-9-24,Crossmark enabled
10.7554/elife.55799,2020-5-19,Crossmark enabled
10.7554/elife.53986,2020-4-21,Crossmark enabled
10.7554/elife.17667,2016-10-10,Crossmark enabled
10.7554/elife.36764,2018-4-9,Crossmark enabled
10.7554/elife.42153,2019-1-8,Crossmark enabled
10.7554/elife.01257,2014-5-9,Crossmark enabled
10.7554/elife.24712,2017-5-5,Crossmark enabled
10.7554/elife.27438,2017-6-29,Crossmark enabled
10.7554/elife.03558,2014-10-14,Crossmark enabled
10.7554/elife.48511,2020-1-28,Crossmark enabled
10.7554/elife.05958,2015-5-20,Crossmark enabled
10.7554/elife.45403,2019-5-13,Crossmark enabled
10.7554/elife.10051,2016-2-19,Crossmark enabled
10.7554/elife.08942,2015-7-31,Crossmark enabled
10.7554/elife.08586,2015-9-15,Crossmark enabled
10.7554/elife.33012,2018-1-30,Crossmark enabled
10.7554/elife.35578,2018-6-11,Crossmark enabled
10.7554/elife.06744,2015-7-11,Crossmark enabled
10.7554/elife.45954,2019-6-7,Crossmark enabled
10.7554/elife.12129,2016-2-8,Crossmark enabled
10.7554/elife.05597,2015-2-2,Crossmark enabled
10.7554/elife.04988,2015-4-14,Crossmark enabled
10.7554/elife.12401,2015-12-23,Crossmark enabled
10.7554/elife.45450,2019-7-2,Crossmark enabled
10.7554/elife.34798,2018-3-19,Crossmark enabled
10.7554/elife.50025,2019-10-29,Crossmark enabled
10.7554/elife.54969,2020-2-11,Crossmark enabled
10.7554/elife.18447,2016-9-20,Crossmark enabled
10.7554/elife.45645,2019-7-9,Crossmark enabled
10.7554/elife.19332,2016-9-26,Crossmark enabled
10.7554/elife.12850,2016-4-13,Crossmark enabled
10.7554/elife.08362,2015-9-3,Crossmark enabled
10.7554/elife.50566,2019-11-13,Crossmark enabled
10.7554/elife.47866,2019-11-19,Crossmark enabled
10.7554/elife.34410,2018-3-29,Crossmark enabled
10.7554/elife.36919,2018-7-10,Crossmark enabled
10.7554/elife.45559,2019-6-7,Crossmark enabled
10.7554/elife.01136,2013-7-23,Crossmark enabled
10.7554/elife.22962,2017-3-20,Crossmark enabled
10.7554/elife.53531,2020-5-18,Crossmark enabled
10.7554/elife.25773,2017-7-25,Crossmark enabled
10.7554/elife.35731,2018-5-1,Crossmark enabled
10.7554/elife.47605,2019-8-8,Crossmark enabled
10.7554/elife.24838,2017-5-22,Crossmark enabled
10.7554/elife.26839,2017-9-25,Crossmark enabled
10.7554/elife.04047,2014-12-17,Crossmark enabled
10.7554/elife.38805,2019-8-13,Crossmark enabled
10.7554/elife.10696,2016-2-15,Crossmark enabled
10.7554/elife.38097,2018-9-11,Crossmark enabled
10.7554/elife.07596,2016-4-14,Crossmark enabled
10.7554/elife.41215,2018-11-20,Crossmark enabled
10.7554/elife.17056,2016-8-3,Crossmark enabled
10.7554/elife.17688,2016-10-27,Crossmark enabled
10.7554/elife.52990,2020-1-6,Crossmark enabled
10.7554/elife.51771,2020-2-5,Crossmark enabled
10.7554/elife.54017,2020-5-18,Crossmark enabled
10.7554/elife.50770,2020-1-20,Crossmark enabled
10.7554/elife.51830,2020-4-21,Crossmark enabled
10.7554/elife.06068,2015-4-7,Crossmark enabled
10.7554/elife.04686,2014-11-21,Crossmark enabled
10.7554/elife.12950,2016-5-5,Crossmark enabled
10.7554/elife.06808,2015-3-25,Crossmark enabled
10.7554/elife.21937,2017-3-7,Crossmark enabled
10.7554/elife.00068,2012-11-13,Crossmark enabled
10.7554/elife.41305,2018-11-15,Crossmark enabled
10.7554/elife.00542,2013-7-16,Crossmark enabled
10.7554/elife.48084,2019-6-10,Crossmark enabled
10.7554/elife.00953,2013-7-23,Crossmark enabled
10.7554/elife.02439,2014-5-27,Crossmark enabled
10.7554/elife.39575,2018-9-27,Crossmark enabled
10.7554/elife.17256,2016-8-22,Crossmark enabled
10.7554/elife.32581,2018-3-27,Crossmark enabled
10.7554/elife.30883,2017-9-12,Crossmark enabled
10.7554/elife.32499,2018-6-22,Crossmark enabled
10.7554/elife.21440,2017-9-11,Crossmark enabled
10.7554/elife.48979,2019-7-17,Crossmark enabled
10.7554/elife.50532,2020-3-9,Crossmark enabled
10.7554/elife.52187,2020-4-7,Crossmark enabled
10.7554/elife.49696,2019-9-10,Crossmark enabled
10.7554/elife.49948,2019-12-17,Crossmark enabled
10.7554/elife.50231,2019-9-5,Crossmark enabled
10.7554/elife.52153,2019-12-10,Crossmark enabled
10.7554/elife.47346,2019-10-1,Crossmark enabled
10.7554/elife.45116,2019-6-7,Crossmark enabled
10.7554/elife.40234,2019-3-5,Crossmark enabled
10.7554/elife.42955,2018-12-14,Crossmark enabled
10.7554/elife.45851,2019-5-2,Crossmark enabled
10.7554/elife.11008,2016-3-14,Crossmark enabled
10.7554/elife.27955,2017-8-19,Crossmark enabled
10.7554/elife.27827,2017-12-14,Crossmark enabled
10.7554/elife.23955,2017-3-15,Crossmark enabled
10.7554/elife.26111,2017-5-20,Crossmark enabled
10.7554/elife.26338,2017-6-9,Crossmark enabled
10.7554/elife.35828,2018-5-29,Crossmark enabled
10.7554/elife.35949,2018-9-17,Crossmark enabled
10.7554/elife.34729,2018-6-21,Crossmark enabled
10.7554/elife.37143,2018-9-10,Crossmark enabled
10.7554/elife.06262,2015-5-12,Crossmark enabled
10.7554/elife.06283,2015-6-12,Crossmark enabled
10.7554/elife.10451,2015-11-27,Crossmark enabled
10.7554/elife.12704,2016-3-8,Crossmark enabled
10.7554/elife.12052,2016-3-1,Crossmark enabled
10.7554/elife.15797,2016-10-31,Crossmark enabled
10.7554/elife.16931,2016-6-16,Crossmark enabled
10.7554/elife.06250,2015-3-18,Crossmark enabled
10.7554/elife.36547,2018-7-19,Crossmark enabled
10.7554/elife.20059,2016-10-25,Crossmark enabled
10.7554/elife.39111,2018-12-25,Crossmark enabled
10.7554/elife.31013,2017-11-7,Crossmark enabled
10.7554/elife.42386,2019-2-8,Crossmark enabled
10.7554/elife.37762,2018-8-28,Crossmark enabled
10.7554/elife.35657,2018-5-1,Crossmark enabled
10.7554/elife.52701,2020-4-21,Crossmark enabled
10.7554/elife.27793,2017-8-11,Crossmark enabled
10.7554/elife.18659,2016-9-23,Crossmark enabled
10.7554/elife.11346,2015-12-29,Crossmark enabled
10.7554/elife.43864,2019-3-26,Crossmark enabled
10.7554/elife.40224,2018-12-6,Crossmark enabled
10.7554/elife.10130,2016-1-28,Crossmark enabled
10.7554/elife.21470,2016-12-24,Crossmark enabled
10.7554/elife.07403,2015-4-22,Crossmark enabled
10.7554/elife.34789,2018-6-18,Crossmark enabled
10.7554/elife.17666,2016-8-31,Crossmark enabled
10.7554/elife.21036,2017-2-14,Crossmark enabled
10.7554/elife.36246,2018-8-17,Crossmark enabled
10.7554/elife.38279,2018-10-12,Crossmark enabled
10.7554/elife.30056,2017-10-23,Crossmark enabled
10.7554/elife.50535,2020-1-7,Crossmark enabled
10.7554/elife.32473,2017-10-30,Crossmark enabled
10.7554/elife.00386,2012-12-18,Crossmark enabled
10.7554/elife.11326,2015-10-7,Crossmark enabled
10.7554/elife.08679,2015-6-23,Crossmark enabled
10.7554/elife.20314,2016-9-6,Crossmark enabled
10.7554/elife.21263,2016-10-11,Crossmark enabled
10.7554/elife.13788,2016-2-2,Crossmark enabled
10.7554/elife.00958,2013-6-25,Crossmark enabled
10.7554/elife.54767,2020-2-24,Crossmark enabled
10.7554/elife.50815,2019-9-17,Crossmark enabled
10.7554/elife.27692,2017-8-15,Crossmark enabled
10.7554/elife.49223,2019-10-22,Crossmark enabled
10.7554/elife.01603,2014-2-11,Crossmark enabled
10.7554/elife.47372,2019-7-18,Crossmark enabled
10.7554/elife.50143,2019-12-3,Crossmark enabled
10.7554/elife.32018,2018-1-18,Crossmark enabled
10.7554/elife.44574,2019-6-3,Crossmark enabled
10.7554/elife.07141,2016-1-12,Crossmark enabled
10.7554/elife.23702,2017-4-11,Crossmark enabled
10.7554/elife.24425,2017-6-8,Crossmark enabled
10.7554/elife.13035,2015-12-30,Crossmark enabled
10.7554/elife.01834,2014-2-18,Crossmark enabled
10.7554/elife.49900,2020-3-18,Crossmark enabled
10.7554/elife.12669,2016-9-27,Crossmark enabled
10.7554/elife.38963,2018-10-3,Crossmark enabled
10.7554/elife.34901,2018-2-21,Crossmark enabled
10.7554/elife.15438,2016-3-31,Crossmark enabled
10.7554/elife.18707,2016-7-15,Crossmark enabled
10.7554/elife.47523,2019-5-14,Crossmark enabled
10.7554/elife.33219,2017-12-4,Crossmark enabled
10.7554/elife.04126,2014-10-13,Crossmark enabled
10.7554/elife.03293,2014-10-30,Crossmark enabled
10.7554/elife.04186,2015-3-17,Crossmark enabled
10.7554/elife.13150,2016-2-24,Crossmark enabled
10.7554/elife.14166,2016-5-31,Crossmark enabled
10.7554/elife.10766,2015-12-9,Crossmark enabled
10.7554/elife.07186,2015-5-7,Crossmark enabled
10.7554/elife.08501,2015-11-17,Crossmark enabled
10.7554/elife.09460,2015-12-10,Crossmark enabled
10.7554/elife.24063,2017-7-11,Crossmark enabled
10.7554/elife.25008,2017-8-24,Crossmark enabled
10.7554/elife.22467,2016-12-21,Crossmark enabled
10.7554/elife.20799,2016-12-12,Crossmark enabled
10.7554/elife.20718,2016-12-3,Crossmark enabled
10.7554/elife.19881,2016-11-23,Crossmark enabled
10.7554/elife.21510,2017-1-16,Crossmark enabled
10.7554/elife.21199,2017-1-18,Crossmark enabled
10.7554/elife.33006,2018-3-13,Crossmark enabled
10.7554/elife.33051,2018-8-1,Crossmark enabled
10.7554/elife.33220,2018-2-9,Crossmark enabled
10.7554/elife.31451,2018-7-20,Crossmark enabled
10.7554/elife.50004,2020-1-8,Crossmark enabled
10.7554/elife.50986,2020-2-13,Crossmark enabled
10.7554/elife.50629,2020-2-20,Crossmark enabled
10.7554/elife.55443,2020-4-28,Crossmark enabled
10.7554/elife.28505,2017-10-6,Crossmark enabled
10.7554/elife.26424,2017-9-5,Crossmark enabled
10.7554/elife.48498,2019-12-9,Crossmark enabled
10.7554/elife.47542,2020-1-14,Crossmark enabled
10.7554/elife.47027,2019-10-21,Crossmark enabled
10.7554/elife.15129,2016-6-8,Crossmark enabled
10.7554/elife.15200,2016-8-15,Crossmark enabled
10.7554/elife.35957,2018-10-26,Crossmark enabled
10.7554/elife.41877,2018-12-28,Crossmark enabled
10.7554/elife.42633,2019-2-22,Crossmark enabled
10.7554/elife.44199,2019-6-25,Crossmark enabled
10.7554/elife.42262,2019-3-15,Crossmark enabled
10.7554/elife.26039,2018-6-8,Crossmark enabled
10.7554/elife.25543,2017-5-24,Crossmark enabled
10.7554/elife.26231,2017-9-5,Crossmark enabled
10.7554/elife.37798,2018-6-25,Crossmark enabled
10.7554/elife.40292,2019-1-28,Crossmark enabled
10.7554/elife.40538,2019-3-5,Crossmark enabled
10.7554/elife.38298,2019-2-27,Crossmark enabled
10.7554/elife.38865,2018-11-13,Crossmark enabled
10.7554/elife.40760,2019-2-13,Crossmark enabled
10.7554/elife.00745,2013-6-11,Crossmark enabled
10.7554/elife.00801,2013-7-9,Crossmark enabled
10.7554/elife.06847,2015-5-5,Crossmark enabled
10.7554/elife.05981,2015-4-24,Crossmark enabled
10.7554/elife.05648,2015-4-23,Crossmark enabled
10.7554/elife.02839,2014-7-8,Crossmark enabled
10.7554/elife.20705,2017-7-19,Crossmark enabled
10.7554/elife.01004,2013-9-24,Crossmark enabled
10.7554/elife.47333,2020-4-16,Crossmark enabled
10.7554/elife.09008,2015-6-22,Crossmark enabled
10.7554/elife.48750,2019-9-30,Crossmark enabled
10.7554/elife.33417,2018-3-29,Crossmark enabled
10.7554/elife.36435,2018-8-2,Crossmark enabled
10.7554/elife.07187,2015-6-19,Crossmark enabled
10.7554/elife.33318,2018-3-26,Crossmark enabled
10.7554/elife.06034,2015-4-14,Crossmark enabled
10.7554/elife.39381,2018-10-30,Crossmark enabled
10.7554/elife.39016,2018-9-12,Crossmark enabled
10.7554/elife.31515,2018-2-5,Crossmark enabled
10.7554/elife.43410,2019-3-29,Crossmark enabled
10.7554/elife.44597,2019-3-29,Crossmark enabled
10.7554/elife.31134,2018-3-14,Crossmark enabled
10.7554/elife.10719,2015-11-17,Crossmark enabled
10.7554/elife.33420,2018-2-7,Crossmark enabled
10.7554/elife.02848,2014-6-16,Crossmark enabled
10.7554/elife.36131,2018-6-15,Crossmark enabled
10.7554/elife.20832,2017-3-6,Crossmark enabled
10.7554/elife.22037,2017-1-31,Crossmark enabled
10.7554/elife.53530,2020-3-3,Crossmark enabled
10.7554/elife.10912,2016-4-20,Crossmark enabled
10.7554/elife.46808,2019-6-28,Crossmark enabled
10.7554/elife.50065,2020-1-3,Crossmark enabled
10.7554/elife.43654,2019-1-25,Crossmark enabled
10.7554/elife.33099,2018-5-29,Crossmark enabled
10.7554/elife.46551,2019-5-30,Crossmark enabled
10.7554/elife.52505,2020-4-14,Crossmark enabled
10.7554/elife.17755,2016-10-4,Crossmark enabled
10.7554/elife.01990,2014-6-23,Crossmark enabled
10.7554/elife.29677,2017-11-21,Crossmark enabled
10.7554/elife.38473,2019-5-2,Crossmark enabled
10.7554/elife.00994,2013-10-8,Crossmark enabled
10.7554/elife.52798,2020-3-23,Crossmark enabled
10.7554/elife.06914,2015-6-17,Crossmark enabled
10.7554/elife.04158,2015-1-8,Crossmark enabled
10.7554/elife.41927,2019-2-18,Crossmark enabled
10.7554/elife.19571,2016-11-25,Crossmark enabled
10.7554/elife.04790,2015-3-5,Crossmark enabled
10.7554/elife.40924,2019-1-8,Crossmark enabled
10.7554/elife.28804,2017-9-9,Crossmark enabled
10.7554/elife.14193,2016-8-15,Crossmark enabled
10.7554/elife.39494,2018-11-21,Crossmark enabled
10.7554/elife.05279,2015-4-15,Crossmark enabled
10.7554/elife.33676,2018-9-7,Crossmark enabled
10.7554/elife.06489,2015-6-8,Crossmark enabled
10.7554/elife.46518,2019-3-13,Crossmark enabled
10.7554/elife.10955,2015-12-10,Crossmark enabled
10.7554/elife.29626,2017-11-10,Crossmark enabled
10.7554/elife.19788,2016-10-22,Crossmark enabled
10.7554/elife.00603,2013-6-18,Crossmark enabled
10.7554/elife.01236,2013-10-29,Crossmark enabled
10.7554/elife.12577,2016-3-4,Crossmark enabled
10.7554/elife.16813,2016-9-13,Crossmark enabled
10.7554/elife.02950,2014-9-25,Crossmark enabled
10.7554/elife.46417,2019-7-25,Crossmark enabled
10.7554/elife.28166,2017-9-26,Crossmark enabled
10.7554/elife.04220,2014-12-9,Crossmark enabled
10.7554/elife.09102,2015-12-10,Crossmark enabled
10.7554/elife.53688,2020-5-12,Crossmark enabled
10.7554/elife.23625,2018-1-17,Crossmark enabled
10.7554/elife.17072,2016-10-11,Crossmark enabled
10.7554/elife.50895,2020-4-22,Crossmark enabled
10.7554/elife.55038,2020-5-4,Crossmark enabled
10.7554/elife.51918,2020-2-3,Crossmark enabled
10.7554/elife.52775,2020-1-7,Crossmark enabled
10.7554/elife.53103,2020-4-23,Crossmark enabled
10.7554/elife.03357,2014-7-17,Crossmark enabled
10.7554/elife.49987,2020-1-14,Crossmark enabled
10.7554/elife.55913,2020-6-5,Crossmark enabled
10.7554/elife.44548,2019-5-10,Crossmark enabled
10.7554/elife.56211,2020-6-8,Crossmark enabled
10.7554/elife.38904,2019-1-14,Crossmark enabled
10.7554/elife.39273,2018-11-30,Crossmark enabled
10.7554/elife.05899,2015-2-17,Crossmark enabled
10.7554/elife.41463,2019-1-15,Crossmark enabled
10.7554/elife.03487,2014-12-22,Crossmark enabled
10.7554/elife.46599,2019-9-5,Crossmark enabled
10.7554/elife.11750,2015-12-15,Crossmark enabled
10.7554/elife.37227,2019-2-5,Crossmark enabled
10.7554/elife.46089,2019-9-10,Crossmark enabled
10.7554/elife.46402,2019-10-8,Crossmark enabled
10.7554/elife.04775,2015-1-26,Crossmark enabled
10.7554/elife.01287,2013-12-24,Crossmark enabled
10.7554/elife.51224,2020-4-28,Crossmark enabled
10.7554/elife.21184,2017-1-24,Crossmark enabled
10.7554/elife.49110,2019-8-9,Crossmark enabled
10.7554/elife.29929,2017-11-6,Crossmark enabled
10.7554/elife.53518,2020-4-7,Crossmark enabled
10.7554/elife.37880,2019-1-10,Crossmark enabled
10.7554/elife.22152,2017-3-6,Crossmark enabled
10.7554/elife.01958,2014-6-4,Crossmark enabled
10.7554/elife.21536,2017-2-15,Crossmark enabled
10.7554/elife.01104,2013-10-15,Crossmark enabled
10.7554/elife.48363,2019-10-15,Crossmark enabled
10.7554/elife.43467,2019-2-8,Crossmark enabled
10.7554/elife.53670,2020-3-9,Crossmark enabled
10.7554/elife.50697,2019-11-21,Crossmark enabled
10.7554/elife.25605,2017-6-20,Crossmark enabled
10.7554/elife.43990,2019-9-17,Crossmark enabled
10.7554/elife.27454,2018-2-9,Crossmark enabled
10.7554/elife.51061,2019-12-3,Crossmark enabled
10.7554/elife.53165,2020-5-5,Crossmark enabled
10.7554/elife.23383,2017-1-19,Crossmark enabled
10.7554/elife.33125,2018-1-4,Crossmark enabled
10.7554/elife.41046,2019-4-9,Crossmark enabled
10.7554/elife.23798,2017-3-23,Crossmark enabled
10.7554/elife.22431,2017-2-23,Crossmark enabled
10.7554/elife.41520,2018-12-18,Crossmark enabled
10.7554/elife.27868,2017-9-29,Crossmark enabled
10.7554/elife.38770,2018-8-2,Crossmark enabled
10.7554/elife.55471,2020-3-20,Crossmark enabled
10.7554/elife.41017,2019-2-14,Crossmark enabled
10.7554/elife.51696,2020-2-24,Crossmark enabled
10.7554/elife.23136,2017-3-6,Crossmark enabled
10.7554/elife.37927,2018-9-18,Crossmark enabled
10.7554/elife.53200,2020-4-24,Crossmark enabled
10.7554/elife.06197,2015-11-6,Crossmark enabled
10.7554/elife.38069,2018-11-26,Crossmark enabled
10.7554/elife.00800,2013-7-2,Crossmark enabled
10.7554/elife.08469,2015-6-23,Crossmark enabled
10.7554/elife.53406,2020-1-27,Crossmark enabled
10.7554/elife.27024,2018-4-12,Crossmark enabled
10.7554/elife.21491,2016-11-17,Crossmark enabled
10.7554/elife.43785,2019-5-15,Crossmark enabled
10.7554/elife.08160,2015-8-31,Crossmark enabled
10.7554/elife.26402,2017-4-13,Crossmark enabled
10.7554/elife.46924,2019-10-15,Crossmark enabled
10.7554/elife.26464,2017-6-6,Crossmark enabled
10.7554/elife.52803,2020-4-28,Crossmark enabled
10.7554/elife.37629,2018-7-12,Crossmark enabled
10.7554/elife.03671,2014-7-20,Crossmark enabled
10.7554/elife.10230,2015-11-14,Crossmark enabled
10.7554/elife.08825,2015-8-31,Crossmark enabled
10.7554/elife.47951,2019-7-1,Crossmark enabled
10.7554/elife.12735,2016-2-16,Crossmark enabled
10.7554/elife.31373,2017-12-12,Crossmark enabled
10.7554/elife.55320,2020-5-18,Crossmark enabled
10.7554/elife.04660,2014-12-19,Crossmark enabled
10.7554/elife.47994,2019-10-1,Crossmark enabled
10.7554/elife.50016,2019-8-1,Crossmark enabled
10.7554/elife.48469,2019-9-13,Crossmark enabled
10.7554/elife.51492,2020-1-14,Crossmark enabled
10.7554/elife.06585,2015-8-21,Crossmark enabled
10.7554/elife.32497,2017-12-5,Crossmark enabled
10.7554/elife.10837,2015-12-23,Crossmark enabled
10.7554/elife.33650,2017-12-5,Crossmark enabled
10.7554/elife.38895,2018-7-31,Crossmark enabled
10.7554/elife.35852,2018-5-8,Crossmark enabled
10.7554/elife.14576,2016-3-1,Crossmark enabled
10.7554/elife.36489,2018-4-23,Crossmark enabled
10.7554/elife.46651,2019-4-10,Crossmark enabled
10.7554/elife.43512,2018-11-30,Crossmark enabled
10.7554/elife.46561,2019-5-3,Crossmark enabled
10.7554/elife.02087,2014-2-4,Crossmark enabled
10.7554/elife.02715,2014-4-8,Crossmark enabled
10.7554/elife.50626,2019-9-3,Crossmark enabled
10.7554/elife.57515,2020-5-19,Crossmark enabled
10.7554/elife.29586,2017-7-14,Crossmark enabled
10.7554/elife.14790,2016-3-7,Crossmark enabled
10.7554/elife.10504,2015-9-1,Crossmark enabled
10.7554/elife.03981,2014-12-10,Crossmark enabled
10.7554/elife.12188,2016-9-21,Crossmark enabled
10.7554/elife.17044,2017-1-19,Crossmark enabled
10.7554/elife.11092,2015-10-6,Crossmark enabled
10.7554/elife.03297,2014-9-23,Crossmark enabled
10.7554/elife.04517,2015-1-27,Crossmark enabled
10.7554/elife.02907,2014-7-22,Crossmark enabled
10.7554/elife.09066,2015-12-19,Crossmark enabled
10.7554/elife.09811,2015-9-29,Crossmark enabled
10.7554/elife.23699,2017-6-7,Crossmark enabled
10.7554/elife.25094,2017-3-28,Crossmark enabled
10.7554/elife.45973,2019-4-11,Crossmark enabled
10.7554/elife.45983,2019-5-3,Crossmark enabled
10.7554/elife.44766,2019-4-26,Crossmark enabled
10.7554/elife.44071,2019-6-11,Crossmark enabled
10.7554/elife.47534,2019-9-25,Crossmark enabled
10.7554/elife.45199,2019-8-2,Crossmark enabled
10.7554/elife.43045,2019-1-15,Crossmark enabled
10.7554/elife.39649,2018-11-7,Crossmark enabled
10.7554/elife.42383,2018-12-19,Crossmark enabled
10.7554/elife.22194,2017-4-11,Crossmark enabled
10.7554/elife.21634,2017-1-19,Crossmark enabled
10.7554/elife.51984,2020-1-15,Crossmark enabled
10.7554/elife.48434,2019-11-1,Crossmark enabled
10.7554/elife.52307,2020-2-5,Crossmark enabled
10.7554/elife.50601,2020-1-9,Crossmark enabled
10.7554/elife.49570,2019-11-21,Crossmark enabled
10.7554/elife.31922,2018-5-1,Crossmark enabled
10.7554/elife.38911,2018-11-5,Crossmark enabled
10.7554/elife.34055,2018-5-29,Crossmark enabled
10.7554/elife.34353,2018-4-13,Crossmark enabled
10.7554/elife.33746,2018-5-2,Crossmark enabled
10.7554/elife.34862,2018-5-22,Crossmark enabled
10.7554/elife.32222,2018-5-8,Crossmark enabled
10.7554/elife.57822,2020-5-26,Crossmark enabled
10.7554/elife.56626,2020-5-22,Crossmark enabled
10.7554/elife.13063,2016-4-19,Crossmark enabled
10.7554/elife.26801,2017-7-10,Crossmark enabled
10.7554/elife.26478,2017-7-25,Crossmark enabled
10.7554/elife.16644,2016-8-9,Crossmark enabled
10.7554/elife.10820,2016-1-21,Crossmark enabled
10.7554/elife.28297,2017-7-25,Crossmark enabled
10.7554/elife.35954,2018-4-9,Crossmark enabled
10.7554/elife.20269,2016-12-6,Crossmark enabled
10.7554/elife.14409,2016-3-7,Crossmark enabled
10.7554/elife.43281,2019-4-4,Crossmark enabled
10.7554/elife.35898,2018-8-1,Crossmark enabled
10.7554/elife.00932,2013-10-22,Crossmark enabled
10.7554/elife.18017,2016-8-30,Crossmark enabled
10.7554/elife.02501,2014-6-2,Crossmark enabled
10.7554/elife.25366,2017-5-2,Crossmark enabled
10.7554/elife.48373,2019-11-20,Crossmark enabled
10.7554/elife.11154,2016-4-27,Crossmark enabled
10.7554/elife.39981,2018-12-3,Crossmark enabled
10.7554/elife.42012,2019-5-17,Crossmark enabled
10.7554/elife.22696,2017-2-6,Crossmark enabled
10.7554/elife.07389,2015-7-30,Crossmark enabled
10.7554/elife.18882,2016-11-23,Crossmark enabled
10.7554/elife.26850,2017-8-21,Crossmark enabled
10.7554/elife.26023,2017-7-6,Crossmark enabled
10.7554/elife.29112,2017-9-29,Crossmark enabled
10.7554/elife.15750,2016-4-13,Crossmark enabled
10.7554/elife.32838,2018-2-8,Crossmark enabled
10.7554/elife.12002,2015-12-18,Crossmark enabled
10.7554/elife.00631,2013-5-14,Crossmark enabled
10.7554/elife.54831,2020-4-23,Crossmark enabled
10.7554/elife.19274,2016-11-1,Crossmark enabled
10.7554/elife.48958,2019-9-24,Crossmark enabled
10.7554/elife.40580,2019-5-23,Crossmark enabled
10.7554/elife.04000,2015-2-3,Crossmark enabled
10.7554/elife.08206,2015-12-9,Crossmark enabled
10.7554/elife.02730,2014-5-27,Crossmark enabled
10.7554/elife.20975,2017-2-14,Crossmark enabled
10.7554/elife.10027,2015-9-15,Crossmark enabled
10.7554/elife.03700,2015-4-13,Crossmark enabled
10.7554/elife.19058,2016-9-19,Crossmark enabled
10.7554/elife.04883,2015-3-10,Crossmark enabled
10.7554/elife.25413,2017-6-6,Crossmark enabled
10.7554/elife.33569,2018-3-16,Crossmark enabled
10.7554/elife.39787,2019-10-23,Crossmark enabled
10.7554/elife.44474,2019-9-16,Crossmark enabled
10.7554/elife.51972,2020-3-13,Crossmark enabled
10.7554/elife.23235,2017-5-16,Crossmark enabled
10.7554/elife.08504,2015-9-8,Crossmark enabled
10.7554/elife.03614,2015-2-16,Crossmark enabled
10.7554/elife.12362,2015-12-28,Crossmark enabled
10.7554/elife.35587,2018-6-5,Crossmark enabled
10.7554/elife.41439,2019-1-22,Crossmark enabled
10.7554/elife.46827,2019-9-20,Crossmark enabled
10.7554/elife.37291,2018-9-26,Crossmark enabled
10.7554/elife.08483,2015-11-4,Crossmark enabled
10.7554/elife.26215,2017-10-23,Crossmark enabled
10.7554/elife.55487,2020-5-26,Crossmark enabled
10.7554/elife.25716,2017-6-7,Crossmark enabled
10.7554/elife.07571,2015-10-28,Crossmark enabled
10.7554/elife.36428,2018-9-11,Crossmark enabled
10.7554/elife.51423,2019-12-11,Crossmark enabled
10.7554/elife.27119,2017-11-8,Crossmark enabled
10.7554/elife.08413,2015-11-10,Crossmark enabled
10.7554/elife.13500,2016-5-12,Crossmark enabled
10.7554/elife.34613,2018-5-29,Crossmark enabled
10.7554/elife.40919,2019-2-22,Crossmark enabled
10.7554/elife.31522,2018-1-11,Crossmark enabled
10.7554/elife.10786,2016-2-11,Crossmark enabled
10.7554/elife.39393,2018-12-17,Crossmark enabled
10.7554/elife.44452,2019-7-9,Crossmark enabled
10.7554/elife.47326,2019-8-20,Crossmark enabled
10.7554/elife.46850,2019-9-12,Crossmark enabled
10.7554/elife.34414,2018-7-26,Crossmark enabled
10.7554/elife.23043,2017-4-25,Crossmark enabled
10.7554/elife.15550,2016-7-20,Crossmark enabled
10.7554/elife.02559,2014-7-8,Crossmark enabled
10.7554/elife.05413,2015-3-6,Crossmark enabled
10.7554/elife.42129,2019-1-2,Crossmark enabled
10.7554/elife.54379,2020-3-24,Crossmark enabled
10.7554/elife.56629,2020-5-19,Crossmark enabled
10.7554/elife.19295,2016-11-18,Crossmark enabled
10.7554/elife.00288,2013-4-16,Crossmark enabled
10.7554/elife.34110,2018-6-29,Crossmark enabled
10.7554/elife.43487,2019-1-16,Crossmark enabled
10.7554/elife.41351,2019-1-29,Crossmark enabled
10.7554/elife.43235,2019-7-11,Crossmark enabled
10.7554/elife.17092,2016-9-27,Crossmark enabled
10.7554/elife.24623,2017-5-16,Crossmark enabled
10.7554/elife.10473,2016-5-17,Crossmark enabled
10.7554/elife.22280,2016-11-19,Crossmark enabled
10.7554/elife.41556,2019-2-15,Crossmark enabled
10.7554/elife.05115,2014-12-9,Crossmark enabled
10.7554/elife.52696,2020-2-26,Crossmark enabled
10.7554/elife.46356,2019-8-21,Crossmark enabled
10.7554/elife.35336,2018-3-7,Crossmark enabled
10.7554/elife.04876,2015-2-10,Crossmark enabled
10.7554/elife.13598,2016-3-18,Crossmark enabled
10.7554/elife.50960,2020-1-16,Crossmark enabled
10.7554/elife.10222,2015-12-10,Crossmark enabled
10.7554/elife.05105,2014-12-29,Crossmark enabled
10.7554/elife.10074,2015-9-7,Crossmark enabled
10.7554/elife.25687,2017-3-31,Crossmark enabled
10.7554/elife.39725,2019-3-21,Crossmark enabled
10.7554/elife.00592,2013-4-30,Crossmark enabled
10.7554/elife.12814,2016-1-8,Crossmark enabled
10.7554/elife.50678,2020-4-14,Crossmark enabled
10.7554/elife.12081,2016-5-3,Crossmark enabled
10.7554/elife.29319,2017-10-30,Crossmark enabled
10.7554/elife.30257,2018-1-5,Crossmark enabled
10.7554/elife.00537,2013-5-21,Crossmark enabled
10.7554/elife.00422,2013-5-14,Crossmark enabled
10.7554/elife.55771,2020-4-30,Crossmark enabled
10.7554/elife.06085,2015-7-9,Crossmark enabled
10.7554/elife.50163,2019-12-23,Crossmark enabled
10.7554/elife.34272,2018-6-26,Crossmark enabled
10.7554/elife.47492,2019-9-10,Crossmark enabled
10.7554/elife.24656,2018-1-3,Crossmark enabled
10.7554/elife.08419,2015-11-19,Crossmark enabled
10.7554/elife.46574,2019-9-25,Crossmark enabled
10.7554/elife.29655,2017-8-18,Crossmark enabled
10.7554/elife.47084,2019-8-27,Crossmark enabled
10.7554/elife.15545,2016-4-21,Crossmark enabled
10.7554/elife.48118,2019-11-25,Crossmark enabled
10.7554/elife.38017,2018-7-16,Crossmark enabled
10.7554/elife.45257,2019-7-8,Crossmark enabled
10.7554/elife.51712,2020-4-7,Crossmark enabled
10.7554/elife.23539,2017-7-7,Crossmark enabled
10.7554/elife.07122,2015-7-10,Crossmark enabled
10.7554/elife.00772,2013-8-27,Crossmark enabled
10.7554/elife.08760,2015-10-13,Crossmark enabled
10.7554/elife.54229,2020-4-21,Crossmark enabled
10.7554/elife.18073,2016-8-9,Crossmark enabled
10.7554/elife.10607,2016-5-25,Crossmark enabled
10.7554/elife.23496,2017-5-22,Crossmark enabled
10.7554/elife.30649,2018-1-23,Crossmark enabled
10.7554/elife.23481,2017-4-27,Crossmark enabled
10.7554/elife.35832,2018-7-25,Crossmark enabled
10.7554/elife.12469,2016-5-17,Crossmark enabled
10.7554/elife.11473,2016-1-26,Crossmark enabled
10.7554/elife.52716,2020-4-21,Crossmark enabled
10.7554/elife.45815,2019-5-8,Crossmark enabled
10.7554/elife.15312,2016-5-20,Crossmark enabled
10.7554/elife.03703,2014-8-19,Crossmark enabled
10.7554/elife.00886,2013-8-27,Crossmark enabled
10.7554/elife.46814,2019-7-11,Crossmark enabled
10.7554/elife.34171,2018-7-3,Crossmark enabled
10.7554/elife.43482,2019-2-6,Crossmark enabled
10.7554/elife.22631,2017-3-13,Crossmark enabled
10.7554/elife.03599,2015-7-20,Crossmark enabled
10.7554/elife.32330,2017-11-1,Crossmark enabled
10.7554/elife.35246,2018-2-27,Crossmark enabled
10.7554/elife.47381,2019-4-5,Crossmark enabled
10.7554/elife.16761,2016-9-13,Crossmark enabled
10.7554/elife.42341,2019-1-24,Crossmark enabled
10.7554/elife.03915,2014-11-7,Crossmark enabled
10.7554/elife.28040,2017-9-13,Crossmark enabled
10.7554/elife.31599,2018-11-12,Crossmark enabled
10.7554/elife.27346,2017-9-29,Crossmark enabled
10.7554/elife.01779,2013-12-3,Crossmark enabled
10.7554/elife.20686,2016-9-20,Crossmark enabled
10.7554/elife.14643,2016-5-7,Crossmark enabled
10.7554/elife.28069,2017-7-17,Crossmark enabled
10.7554/elife.26956,2017-8-8,Crossmark enabled
10.7554/elife.26524,2017-5-8,Crossmark enabled
10.7554/elife.28275,2017-9-11,Crossmark enabled
10.7554/elife.29905,2017-12-12,Crossmark enabled
10.7554/elife.25392,2017-3-18,Crossmark enabled
10.7554/elife.36095,2018-7-9,Crossmark enabled
10.7554/elife.13232,2015-12-28,Crossmark enabled
10.7554/elife.12151,2016-4-15,Crossmark enabled
10.7554/elife.11273,2016-2-10,Crossmark enabled
10.7554/elife.21964,2016-11-16,Crossmark enabled
10.7554/elife.50325,2020-2-27,Crossmark enabled
10.7554/elife.51456,2020-1-14,Crossmark enabled
10.7554/elife.47870,2019-9-5,Crossmark enabled
10.7554/elife.47509,2019-11-26,Crossmark enabled
10.7554/elife.20732,2016-11-30,Crossmark enabled
10.7554/elife.21383,2016-10-13,Crossmark enabled
10.7554/elife.45252,2019-4-24,Crossmark enabled
10.7554/elife.03083,2014-8-19,Crossmark enabled
10.7554/elife.02131,2014-4-8,Crossmark enabled
10.7554/elife.01579,2014-3-4,Crossmark enabled
10.7554/elife.00321,2013-2-5,Crossmark enabled
10.7554/elife.05979,2015-4-24,Crossmark enabled
10.7554/elife.04599,2015-2-23,Crossmark enabled
10.7554/elife.05560,2015-3-5,Crossmark enabled
10.7554/elife.08711,2016-3-17,Crossmark enabled
10.7554/elife.08697,2015-9-26,Crossmark enabled
10.7554/elife.15133,2016-8-19,Crossmark enabled
10.7554/elife.15202,2016-5-24,Crossmark enabled
10.7554/elife.30839,2018-1-31,Crossmark enabled
10.7554/elife.33891,2018-6-6,Crossmark enabled
10.7554/elife.30963,2018-1-29,Crossmark enabled
10.7554/elife.57089,2020-5-15,Crossmark enabled
10.7554/elife.52702,2020-4-21,Crossmark enabled
10.7554/elife.25517,2017-8-15,Crossmark enabled
10.7554/elife.22883,2017-2-13,Crossmark enabled
10.7554/elife.40387,2019-1-22,Crossmark enabled
10.7554/elife.42542,2019-9-3,Crossmark enabled
10.7554/elife.40618,2018-12-20,Crossmark enabled
10.7554/elife.11692,2015-12-8,Crossmark enabled
10.7554/elife.34555,2018-1-29,Crossmark enabled
10.7554/elife.03896,2014-11-17,Crossmark enabled
10.7554/elife.03575,2014-7-8,Crossmark enabled
10.7554/elife.12386,2015-12-15,Crossmark enabled
10.7554/elife.39664,2018-8-6,Crossmark enabled
10.7554/elife.07431,2015-4-16,Crossmark enabled
10.7554/elife.57668,2020-5-28,Crossmark enabled
10.7554/elife.35663,2018-3-1,Crossmark enabled
10.7554/elife.14955,2016-3-15,Crossmark enabled
10.7554/elife.30183,2017-7-11,Crossmark enabled
10.7554/elife.16846,2016-5-18,Crossmark enabled
10.7554/elife.16964,2016-5-13,Crossmark enabled
10.7554/elife.37732,2018-5-29,Crossmark enabled
10.7554/elife.56833,2020-4-27,Crossmark enabled
10.7554/elife.27894,2017-5-23,Crossmark enabled
10.7554/elife.37357,2018-7-25,Crossmark enabled
10.7554/elife.38689,2018-8-7,Crossmark enabled
10.7554/elife.46816,2019-10-14,Crossmark enabled
10.7554/elife.50608,2020-3-6,Crossmark enabled
10.7554/elife.02130,2014-4-24,Crossmark enabled
10.7554/elife.31149,2018-1-11,Crossmark enabled
10.7554/elife.14874,2016-5-9,Crossmark enabled
10.7554/elife.07811,2015-12-1,Crossmark enabled
10.7554/elife.40101,2019-1-9,Crossmark enabled
10.7554/elife.41337,2019-1-15,Crossmark enabled
10.7554/elife.27190,2017-8-10,Crossmark enabled
10.7554/elife.45311,2019-4-29,Crossmark enabled
10.7554/elife.07455,2015-8-12,Crossmark enabled
10.7554/elife.49734,2020-2-7,Crossmark enabled
10.7554/elife.00626,2013-5-21,Crossmark enabled
10.7554/elife.27860,2017-10-30,Crossmark enabled
10.7554/elife.12556,2016-1-29,Crossmark enabled
10.7554/elife.00429,2013-5-21,Crossmark enabled
10.7554/elife.30107,2017-10-26,Crossmark enabled
10.7554/elife.37419,2018-5-9,Crossmark enabled
10.7554/elife.04634,2015-3-10,Crossmark enabled
10.7554/elife.53008,2020-2-14,Crossmark enabled
10.7554/elife.26435,2017-9-21,Crossmark enabled
10.7554/elife.22861,2017-6-15,Crossmark enabled
10.7554/elife.02669,2014-5-7,Crossmark enabled
10.7554/elife.03522,2015-2-18,Crossmark enabled
10.7554/elife.06358,2015-4-16,Crossmark enabled
10.7554/elife.16127,2016-6-22,Crossmark enabled
10.7554/elife.40093,2019-2-19,Crossmark enabled
10.7554/elife.29539,2018-3-8,Crossmark enabled
10.7554/elife.43019,2018-12-18,Crossmark enabled
10.7554/elife.32341,2018-2-26,Crossmark enabled
10.7554/elife.50925,2019-11-5,Crossmark enabled
10.7554/elife.18889,2016-11-15,Crossmark enabled
10.7554/elife.42057,2018-12-24,Crossmark enabled
10.7554/elife.51406,2020-3-4,Crossmark enabled
10.7554/elife.01861,2014-4-15,Crossmark enabled
10.7554/elife.50226,2019-9-25,Crossmark enabled
10.7554/elife.52289,2020-2-14,Crossmark enabled
10.7554/elife.11159,2015-11-19,Crossmark enabled
10.7554/elife.41299,2019-3-13,Crossmark enabled
10.7554/elife.26591,2017-7-18,Crossmark enabled
10.7554/elife.48601,2019-10-29,Crossmark enabled
10.7554/elife.25728,2017-5-17,Crossmark enabled
10.7554/elife.47001,2019-6-27,Crossmark enabled
10.7554/elife.33370,2018-4-26,Crossmark enabled
10.7554/elife.35337,2018-3-27,Crossmark enabled
10.7554/elife.49291,2019-10-18,Crossmark enabled
10.7554/elife.34701,2018-3-20,Crossmark enabled
10.7554/elife.01831,2014-4-22,Crossmark enabled
10.7554/elife.09861,2015-11-14,Crossmark enabled
10.7554/elife.20488,2017-3-15,Crossmark enabled
10.7554/elife.41319,2018-11-27,Crossmark enabled
10.7554/elife.47212,2019-8-8,Crossmark enabled
10.7554/elife.49995,2019-9-6,Crossmark enabled
10.7554/elife.14034,2016-4-12,Crossmark enabled
10.7554/elife.51447,2019-12-12,Crossmark enabled
10.7554/elife.08817,2015-11-20,Crossmark enabled
10.7554/elife.09262,2015-7-24,Crossmark enabled
10.7554/elife.28030,2017-7-14,Crossmark enabled
10.7554/elife.45105,2019-4-9,Crossmark enabled
10.7554/elife.45181,2019-5-29,Crossmark enabled
10.7554/elife.52613,2020-4-2,Crossmark enabled
10.7554/elife.48284,2019-9-23,Crossmark enabled
10.7554/elife.16246,2016-8-23,Crossmark enabled
10.7554/elife.48065,2019-10-9,Crossmark enabled
10.7554/elife.00533,2013-9-10,Crossmark enabled
10.7554/elife.16624,2016-10-3,Crossmark enabled
10.7554/elife.40162,2019-2-26,Crossmark enabled
10.7554/elife.01967,2014-4-16,Crossmark enabled
10.7554/elife.07074,2015-3-25,Crossmark enabled
10.7554/elife.37243,2018-9-10,Crossmark enabled
10.7554/elife.10180,2015-10-6,Crossmark enabled
10.7554/elife.23352,2017-1-6,Crossmark enabled
10.7554/elife.07253,2015-5-22,Crossmark enabled
10.7554/elife.32930,2018-3-20,Crossmark enabled
10.7554/elife.51188,2020-2-17,Crossmark enabled
10.7554/elife.16921,2016-10-4,Crossmark enabled
10.7554/elife.44530,2019-5-14,Crossmark enabled
10.7554/elife.06878,2015-5-13,Crossmark enabled
10.7554/elife.21887,2017-2-15,Crossmark enabled
10.7554/elife.27810,2017-7-7,Crossmark enabled
10.7554/elife.22175,2017-4-26,Crossmark enabled
10.7554/elife.14814,2016-6-8,Crossmark enabled
10.7554/elife.22187,2017-2-15,Crossmark enabled
10.7554/elife.23533,2017-3-16,Crossmark enabled
10.7554/elife.04395,2014-9-8,Crossmark enabled
10.7554/elife.43352,2019-5-31,Crossmark enabled
10.7554/elife.02040,2014-3-18,Crossmark enabled
10.7554/elife.50175,2019-9-12,Crossmark enabled
10.7554/elife.37202,2018-9-7,Crossmark enabled
10.7554/elife.19605,2016-7-29,Crossmark enabled
10.7554/elife.52541,2020-2-21,Crossmark enabled
10.7554/elife.05871,2015-4-1,Crossmark enabled
10.7554/elife.50371,2020-3-18,Crossmark enabled
10.7554/elife.46668,2019-9-11,Crossmark enabled
10.7554/elife.01581,2014-2-11,Crossmark enabled
10.7554/elife.37960,2018-10-11,Crossmark enabled
10.7554/elife.38297,2018-6-15,Crossmark enabled
10.7554/elife.00011,2012-11-13,Crossmark enabled
10.7554/elife.39380,2019-4-9,Crossmark enabled
10.7554/elife.39140,2018-10-2,Crossmark enabled
10.7554/elife.03254,2014-8-12,Crossmark enabled
10.7554/elife.45426,2019-6-19,Crossmark enabled
10.7554/elife.52278,2020-1-8,Crossmark enabled
10.7554/elife.54302,2020-3-24,Crossmark enabled
10.7554/elife.25281,2017-10-4,Crossmark enabled
10.7554/elife.21074,2017-1-30,Crossmark enabled
10.7554/elife.12068,2016-2-20,Crossmark enabled
10.7554/elife.03399,2014-8-22,Crossmark enabled
10.7554/elife.31259,2017-9-27,Crossmark enabled
10.7554/elife.03115,2014-9-16,Crossmark enabled
10.7554/elife.25964,2017-5-24,Crossmark enabled
10.7554/elife.30373,2018-3-7,Crossmark enabled
10.7554/elife.50793,2019-12-24,Crossmark enabled
10.7554/elife.53432,2020-3-30,Crossmark enabled
10.7554/elife.04577,2014-12-23,Crossmark enabled
10.7554/elife.39088,2018-8-23,Crossmark enabled
10.7554/elife.22593,2017-6-8,Crossmark enabled
10.7554/elife.06980,2015-5-29,Crossmark enabled
10.7554/elife.13925,2016-3-23,Crossmark enabled
10.7554/elife.51067,2019-12-27,Crossmark enabled
10.7554/elife.45542,2019-5-8,Crossmark enabled
10.7554/elife.35673,2018-3-15,Crossmark enabled
10.7554/elife.16394,2016-11-2,Crossmark enabled
10.7554/elife.40179,2018-11-19,Crossmark enabled
10.7554/elife.45333,2019-8-6,Crossmark enabled
10.7554/elife.23449,2017-3-27,Crossmark enabled
10.7554/elife.28534,2017-11-15,Crossmark enabled
10.7554/elife.11815,2016-1-23,Crossmark enabled
10.7554/elife.51254,2020-1-27,Crossmark enabled
10.7554/elife.06633,2015-3-6,Crossmark enabled
10.7554/elife.39435,2018-12-18,Crossmark enabled
10.7554/elife.06011,2015-10-29,Crossmark enabled
10.7554/elife.42940,2019-1-9,Crossmark enabled
10.7554/elife.26938,2017-7-11,Crossmark enabled
10.7554/elife.37701,2018-10-30,Crossmark enabled
10.7554/elife.37131,2018-6-19,Crossmark enabled
10.7554/elife.03523,2014-9-16,Crossmark enabled
10.7554/elife.04603,2014-9-30,Crossmark enabled
10.7554/elife.01403,2013-9-28,Crossmark enabled
10.7554/elife.16156,2016-4-28,Crossmark enabled
10.7554/elife.16209,2016-4-29,Crossmark enabled
10.7554/elife.11399,2015-10-6,Crossmark enabled
10.7554/elife.26401,2017-4-12,Crossmark enabled
10.7554/elife.03374,2014-6-17,Crossmark enabled
10.7554/elife.52805,2019-11-14,Crossmark enabled
10.7554/elife.15963,2016-4-21,Crossmark enabled
10.7554/elife.03068,2014-5-20,Crossmark enabled
10.7554/elife.27563,2017-5-17,Crossmark enabled
10.7554/elife.16758,2016-5-17,Crossmark enabled
10.7554/elife.46757,2019-4-25,Crossmark enabled
10.7554/elife.47376,2019-8-2,Crossmark enabled
10.7554/elife.49226,2019-10-1,Crossmark enabled
10.7554/elife.54100,2020-4-7,Crossmark enabled
10.7554/elife.55152,2020-5-11,Crossmark enabled
10.7554/elife.50531,2020-3-9,Crossmark enabled
10.7554/elife.54012,2020-3-17,Crossmark enabled
10.7554/elife.30388,2018-3-19,Crossmark enabled
10.7554/elife.44837,2019-8-27,Crossmark enabled
10.7554/elife.45501,2019-4-16,Crossmark enabled
10.7554/elife.41563,2019-2-21,Crossmark enabled
10.7554/elife.43158,2019-2-13,Crossmark enabled
10.7554/elife.32041,2018-1-2,Crossmark enabled
10.7554/elife.38619,2019-4-12,Crossmark enabled
10.7554/elife.40063,2019-1-3,Crossmark enabled
10.7554/elife.32808,2018-2-6,Crossmark enabled
10.7554/elife.32847,2018-6-5,Crossmark enabled
10.7554/elife.32965,2018-4-6,Crossmark enabled
10.7554/elife.33107,2018-3-22,Crossmark enabled
10.7554/elife.33150,2018-2-26,Crossmark enabled
10.7554/elife.38393,2018-11-27,Crossmark enabled
10.7554/elife.04418,2014-10-30,Crossmark enabled
10.7554/elife.11102,2015-12-24,Crossmark enabled
10.7554/elife.05767,2015-6-19,Crossmark enabled
10.7554/elife.23777,2017-2-7,Crossmark enabled
10.7554/elife.24661,2017-3-28,Crossmark enabled
10.7554/elife.21143,2016-10-26,Crossmark enabled
10.7554/elife.27311,2017-5-20,Crossmark enabled
10.7554/elife.25012,2017-9-21,Crossmark enabled
10.7554/elife.16650,2017-6-26,Crossmark enabled
10.7554/elife.19267,2016-9-14,Crossmark enabled
10.7554/elife.16807,2016-8-15,Crossmark enabled
10.7554/elife.15886,2016-10-28,Crossmark enabled
10.7554/elife.00218,2013-3-5,Crossmark enabled
10.7554/elife.01412,2014-1-28,Crossmark enabled
10.7554/elife.07320,2015-7-10,Crossmark enabled
10.7554/elife.02949,2014-8-13,Crossmark enabled
10.7554/elife.04494,2015-1-20,Crossmark enabled
10.7554/elife.02286,2014-5-23,Crossmark enabled
10.7554/elife.02504,2014-12-9,Crossmark enabled
10.7554/elife.08201,2015-9-3,Crossmark enabled
10.7554/elife.08445,2016-5-6,Crossmark enabled
10.7554/elife.29384,2017-11-17,Crossmark enabled
10.7554/elife.00855,2013-5-16,Crossmark enabled
10.7554/elife.33116,2018-1-22,Crossmark enabled
10.7554/elife.41661,2018-12-6,Crossmark enabled
10.7554/elife.27467,2017-5-19,Crossmark enabled
10.7554/elife.05808,2015-3-31,Crossmark enabled
10.7554/elife.06249,2015-6-5,Crossmark enabled
10.7554/elife.26664,2017-6-23,Crossmark enabled
10.7554/elife.05322,2015-12-30,Crossmark enabled
10.7554/elife.13420,2016-2-15,Crossmark enabled
10.7554/elife.18990,2017-4-24,Crossmark enabled
10.7554/elife.48224,2019-8-27,Crossmark enabled
10.7554/elife.33285,2018-3-21,Crossmark enabled
10.7554/elife.17290,2016-6-28,Crossmark enabled
10.7554/elife.30766,2017-11-1,Crossmark enabled
10.7554/elife.26014,2017-9-8,Crossmark enabled
10.7554/elife.26713,2017-10-23,Crossmark enabled
10.7554/elife.20420,2017-2-21,Crossmark enabled
10.7554/elife.38070,2019-1-31,Crossmark enabled
10.7554/elife.51889,2020-4-29,Crossmark enabled
10.7554/elife.38113,2018-8-30,Crossmark enabled
10.7554/elife.37673,2018-7-19,Crossmark enabled
10.7554/elife.19505,2017-1-31,Crossmark enabled
10.7554/elife.54565,2020-4-29,Crossmark enabled
10.7554/elife.39383,2018-7-25,Crossmark enabled
10.7554/elife.28751,2017-10-5,Crossmark enabled
10.7554/elife.19896,2016-12-20,Crossmark enabled
10.7554/elife.53237,2020-2-21,Crossmark enabled
10.7554/elife.09638,2015-10-1,Crossmark enabled
10.7554/elife.05463,2015-2-4,Crossmark enabled
10.7554/elife.08105,2015-10-20,Crossmark enabled
10.7554/elife.33845,2018-1-19,Crossmark enabled
10.7554/elife.32744,2018-7-9,Crossmark enabled
10.7554/elife.45571,2019-5-29,Crossmark enabled
10.7554/elife.26947,2018-3-29,Crossmark enabled
10.7554/elife.46080,2019-7-3,Crossmark enabled
10.7554/elife.03104,2014-7-24,Crossmark enabled
10.7554/elife.17096,2016-8-2,Crossmark enabled
10.7554/elife.00278,2013-4-2,Crossmark enabled
10.7554/elife.01042,2013-7-9,Crossmark enabled
10.7554/elife.01694,2014-4-15,Crossmark enabled
10.7554/elife.38080,2018-10-12,Crossmark enabled
10.7554/elife.29815,2018-1-3,Crossmark enabled
10.7554/elife.35588,2018-2-20,Crossmark enabled
10.7554/elife.21883,2017-1-23,Crossmark enabled
10.7554/elife.53357,2020-4-8,Crossmark enabled
10.7554/elife.49998,2020-1-8,Crossmark enabled
10.7554/elife.51862,2020-1-14,Crossmark enabled
10.7554/elife.56656,2020-4-30,Crossmark enabled
10.7554/elife.00884,2013-9-3,Crossmark enabled
10.7554/elife.42670,2019-2-8,Crossmark enabled
10.7554/elife.47434,2019-7-31,Crossmark enabled
10.7554/elife.04390,2014-10-14,Crossmark enabled
10.7554/elife.49977,2019-12-4,Crossmark enabled
10.7554/elife.18857,2016-9-24,Crossmark enabled
10.7554/elife.20309,2016-12-10,Crossmark enabled
10.7554/elife.55217,2020-4-30,Crossmark enabled
10.7554/elife.52714,2020-4-24,Crossmark enabled
10.7554/elife.01828,2014-3-11,Crossmark enabled
10.7554/elife.30523,2017-11-6,Crossmark enabled
10.7554/elife.29430,2017-10-24,Crossmark enabled
10.7554/elife.36931,2018-7-13,Crossmark enabled
10.7554/elife.46926,2019-9-24,Crossmark enabled
10.7554/elife.47013,2019-10-22,Crossmark enabled
10.7554/elife.20148,2016-11-23,Crossmark enabled
10.7554/elife.06500,2015-5-15,Crossmark enabled
10.7554/elife.16988,2016-7-26,Crossmark enabled
10.7554/elife.44929,2019-3-13,Crossmark enabled
10.7554/elife.05745,2015-4-21,Crossmark enabled
10.7554/elife.00708,2013-7-16,Crossmark enabled
10.7554/elife.03348,2014-9-1,Crossmark enabled
10.7554/elife.42607,2019-2-8,Crossmark enabled
10.7554/elife.10087,2015-12-5,Crossmark enabled
10.7554/elife.47221,2019-5-2,Crossmark enabled
10.7554/elife.39244,2018-7-27,Crossmark enabled
10.7554/elife.27746,2017-12-19,Crossmark enabled
10.7554/elife.03383,2014-8-8,Crossmark enabled
10.7554/elife.01369,2014-1-14,Crossmark enabled
10.7554/elife.40529,2019-3-19,Crossmark enabled
10.7554/elife.02792,2014-6-17,Crossmark enabled
10.7554/elife.00844,2013-10-1,Crossmark enabled
10.7554/elife.01982,2014-3-25,Crossmark enabled
10.7554/elife.38314,2018-11-9,Crossmark enabled
10.7554/elife.40977,2018-12-18,Crossmark enabled
10.7554/elife.02866,2014-5-27,Crossmark enabled
10.7554/elife.10518,2015-11-2,Crossmark enabled
10.7554/elife.39655,2018-10-16,Crossmark enabled
10.7554/elife.17002,2016-9-9,Crossmark enabled
10.7554/elife.03464,2014-12-2,Crossmark enabled
10.7554/elife.25237,2017-6-26,Crossmark enabled
10.7554/elife.44830,2019-7-11,Crossmark enabled
10.7554/elife.18299,2017-1-9,Crossmark enabled
10.7554/elife.39569,2018-12-21,Crossmark enabled
10.7554/elife.05849,2015-3-30,Crossmark enabled
10.7554/elife.04637,2015-3-25,Crossmark enabled
10.7554/elife.51230,2019-10-25,Crossmark enabled
10.7554/elife.24603,2017-5-13,Crossmark enabled
10.7554/elife.21455,2017-1-3,Crossmark enabled
10.7554/elife.51101,2019-12-12,Crossmark enabled
10.7554/elife.00675,2013-6-11,Crossmark enabled
10.7554/elife.01340,2013-10-29,Crossmark enabled
10.7554/elife.52668,2020-2-24,Crossmark enabled
10.7554/elife.21763,2017-3-31,Crossmark enabled
10.7554/elife.26403,2017-6-29,Crossmark enabled
10.7554/elife.10067,2015-11-23,Crossmark enabled
10.7554/elife.00723,2013-9-3,Crossmark enabled
10.7554/elife.37093,2018-8-28,Crossmark enabled
10.7554/elife.34268,2018-6-15,Crossmark enabled
10.7554/elife.12192,2016-2-1,Crossmark enabled
10.7554/elife.13429,2016-6-2,Crossmark enabled
10.7554/elife.44358,2019-7-23,Crossmark enabled
10.7554/elife.29656,2018-2-6,Crossmark enabled
10.7554/elife.47188,2019-8-14,Crossmark enabled
10.7554/elife.11721,2015-12-16,Crossmark enabled
10.7554/elife.45977,2019-7-25,Crossmark enabled
10.7554/elife.03574,2014-9-18,Crossmark enabled
10.7554/elife.14521,2016-5-5,Crossmark enabled
10.7554/elife.19732,2016-9-28,Crossmark enabled
10.7554/elife.48491,2019-12-17,Crossmark enabled
10.7554/elife.02536,2014-5-7,Crossmark enabled
10.7554/elife.38677,2018-11-6,Crossmark enabled
10.7554/elife.50208,2019-9-4,Crossmark enabled
10.7554/elife.01239,2014-1-21,Crossmark enabled
10.7554/elife.17929,2016-10-19,Crossmark enabled
10.7554/elife.16620,2016-8-16,Crossmark enabled
10.7554/elife.37503,2018-7-26,Crossmark enabled
10.7554/elife.37024,2018-10-25,Crossmark enabled
10.7554/elife.45133,2019-4-24,Crossmark enabled
10.7554/elife.11994,2016-9-19,Crossmark enabled
10.7554/elife.34823,2018-2-26,Crossmark enabled
10.7554/elife.27826,2017-8-15,Crossmark enabled
10.7554/elife.29718,2017-10-30,Crossmark enabled
10.7554/elife.49044,2019-9-30,Crossmark enabled
10.7554/elife.33399,2018-3-27,Crossmark enabled
10.7554/elife.06057,2015-6-3,Crossmark enabled
10.7554/elife.01574,2013-12-31,Crossmark enabled
10.7554/elife.24241,2017-4-17,Crossmark enabled
10.7554/elife.12813,2016-1-29,Crossmark enabled
10.7554/elife.03706,2014-11-11,Crossmark enabled
10.7554/elife.11621,2016-2-23,Crossmark enabled
10.7554/elife.47454,2019-7-10,Crossmark enabled
10.7554/elife.55634,2020-4-28,Crossmark enabled
10.7554/elife.33752,2018-9-4,Crossmark enabled
10.7554/elife.13367,2016-1-20,Crossmark enabled
10.7554/elife.31130,2018-1-29,Crossmark enabled
10.7554/elife.26036,2017-7-20,Crossmark enabled
10.7554/elife.22693,2017-3-15,Crossmark enabled
10.7554/elife.12059,2016-3-18,Crossmark enabled
10.7554/elife.51888,2019-11-8,Crossmark enabled
10.7554/elife.24125,2017-2-23,Crossmark enabled
10.7554/elife.18853,2016-11-16,Crossmark enabled
10.7554/elife.48914,2019-10-14,Crossmark enabled
10.7554/elife.48615,2019-11-19,Crossmark enabled
10.7554/elife.31299,2018-1-30,Crossmark enabled
10.7554/elife.29820,2017-9-9,Crossmark enabled
10.7554/elife.11794,2016-3-4,Crossmark enabled
10.7554/elife.47678,2019-9-3,Crossmark enabled
10.7554/elife.40750,2018-11-2,Crossmark enabled
10.7554/elife.00498,2013-5-28,Crossmark enabled
10.7554/elife.46510,2019-8-6,Crossmark enabled
10.7554/elife.39596,2019-10-1,Crossmark enabled
10.7554/elife.04147,2014-12-16,Crossmark enabled
10.7554/elife.38892,2018-10-3,Crossmark enabled
10.7554/elife.52654,2019-10-31,Crossmark enabled
10.7554/elife.33680,2018-3-16,Crossmark enabled
10.7554/elife.03819,2015-1-8,Crossmark enabled
10.7554/elife.20362,2016-12-24,Crossmark enabled
10.7554/elife.14371,2016-5-25,Crossmark enabled
10.7554/elife.32418,2018-1-11,Crossmark enabled
10.7554/elife.00654,2013-8-6,Crossmark enabled
10.7554/elife.53609,2020-4-30,Crossmark enabled
10.7554/elife.44702,2019-5-7,Crossmark enabled
10.7554/elife.48220,2019-8-15,Crossmark enabled
10.7554/elife.01695,2014-3-11,Crossmark enabled
10.7554/elife.43154,2019-1-28,Crossmark enabled
10.7554/elife.29845,2018-1-29,Crossmark enabled
10.7554/elife.30327,2017-11-15,Crossmark enabled
10.7554/elife.36316,2018-8-16,Crossmark enabled
10.7554/elife.16539,2016-8-30,Crossmark enabled
10.7554/elife.16851,2016-6-21,Crossmark enabled
10.7554/elife.15593,2016-8-24,Crossmark enabled
10.7554/elife.15645,2016-5-19,Crossmark enabled
10.7554/elife.03553,2014-9-19,Crossmark enabled
10.7554/elife.02419,2014-4-24,Crossmark enabled
10.7554/elife.02445,2014-4-30,Crossmark enabled
10.7554/elife.10509,2016-1-19,Crossmark enabled
10.7554/elife.34025,2018-7-4,Crossmark enabled
10.7554/elife.06792,2015-5-23,Crossmark enabled
10.7554/elife.44287,2019-10-16,Crossmark enabled
10.7554/elife.44360,2019-4-9,Crossmark enabled
10.7554/elife.45562,2019-8-15,Crossmark enabled
10.7554/elife.21404,2016-10-20,Crossmark enabled
10.7554/elife.32703,2017-11-17,Crossmark enabled
10.7554/elife.03128,2014-5-27,Crossmark enabled
10.7554/elife.03176,2014-6-3,Crossmark enabled
10.7554/elife.04168,2014-9-2,Crossmark enabled
10.7554/elife.12686,2016-1-19,Crossmark enabled
10.7554/elife.05720,2014-12-30,Crossmark enabled
10.7554/elife.02387,2014-3-4,Crossmark enabled
10.7554/elife.52123,2019-11-1,Crossmark enabled
10.7554/elife.55220,2020-2-25,Crossmark enabled
10.7554/elife.01294,2013-8-13,Crossmark enabled
10.7554/elife.51291,2019-9-27,Crossmark enabled
10.7554/elife.08086,2015-5-13,Crossmark enabled
10.7554/elife.09560,2015-9-10,Crossmark enabled
10.7554/elife.48117,2019-9-3,Crossmark enabled
10.7554/elife.36833,2018-7-17,Crossmark enabled
10.7554/elife.50375,2019-9-30,Crossmark enabled
10.7554/elife.01671,2014-3-18,Crossmark enabled
10.7554/elife.03032,2014-8-8,Crossmark enabled
10.7554/elife.25923,2017-9-13,Crossmark enabled
10.7554/elife.25787,2017-8-29,Crossmark enabled
10.7554/elife.25158,2017-4-13,Crossmark enabled
10.7554/elife.18270,2016-8-4,Crossmark enabled
10.7554/elife.24340,2017-8-30,Crossmark enabled
10.7554/elife.24051,2017-3-31,Crossmark enabled
10.7554/elife.22331,2017-1-21,Crossmark enabled
10.7554/elife.48648,2019-9-23,Crossmark enabled
10.7554/elife.47576,2019-10-28,Crossmark enabled
10.7554/elife.53038,2020-2-10,Crossmark enabled
10.7554/elife.46418,2019-7-8,Crossmark enabled
10.7554/elife.52503,2019-12-23,Crossmark enabled
10.7554/elife.50527,2019-8-6,Crossmark enabled
10.7554/elife.38949,2019-1-29,Crossmark enabled
10.7554/elife.42511,2018-12-28,Crossmark enabled
10.7554/elife.39742,2018-9-18,Crossmark enabled
10.7554/elife.09158,2015-9-29,Crossmark enabled
10.7554/elife.42138,2019-1-25,Crossmark enabled
10.7554/elife.02750,2014-7-29,Crossmark enabled
10.7554/elife.00353,2012-12-13,Crossmark enabled
10.7554/elife.07961,2015-5-12,Crossmark enabled
10.7554/elife.02369,2014-3-4,Crossmark enabled
10.7554/elife.10134,2016-7-4,Crossmark enabled
10.7554/elife.44219,2019-7-16,Crossmark enabled
10.7554/elife.15719,2016-8-15,Crossmark enabled
10.7554/elife.27414,2017-6-17,Crossmark enabled
10.7554/elife.56075,2020-4-27,Crossmark enabled
10.7554/elife.45636,2019-7-19,Crossmark enabled
10.7554/elife.35314,2018-8-14,Crossmark enabled
10.7554/elife.32417,2017-12-14,Crossmark enabled
10.7554/elife.39695,2019-2-4,Crossmark enabled
10.7554/elife.32587,2018-5-29,Crossmark enabled
10.7554/elife.02362,2014-4-29,Crossmark enabled
10.7554/elife.46339,2019-5-15,Crossmark enabled
10.7554/elife.12203,2016-1-14,Crossmark enabled
10.7554/elife.11583,2016-1-7,Crossmark enabled
10.7554/elife.33920,2018-4-3,Crossmark enabled
10.7554/elife.40126,2018-11-28,Crossmark enabled
10.7554/elife.41129,2019-1-31,Crossmark enabled
10.7554/elife.44187,2019-5-7,Crossmark enabled
10.7554/elife.18096,2016-10-4,Crossmark enabled
10.7554/elife.46740,2019-5-16,Crossmark enabled
10.7554/elife.29538,2017-9-5,Crossmark enabled
10.7554/elife.54877,2020-4-7,Crossmark enabled
10.7554/elife.32323,2018-4-5,Crossmark enabled
10.7554/elife.26722,2017-7-6,Crossmark enabled
10.7554/elife.32472,2018-4-11,Crossmark enabled
10.7554/elife.43114,2019-2-11,Crossmark enabled
10.7554/elife.40189,2018-12-18,Crossmark enabled
10.7554/elife.55368,2020-4-21,Crossmark enabled
10.7554/elife.02024,2014-5-19,Crossmark enabled
10.7554/elife.53003,2020-1-8,Crossmark enabled
10.7554/elife.25461,2017-5-24,Crossmark enabled
10.7554/elife.11897,2015-12-29,Crossmark enabled
10.7554/elife.02370,2014-4-1,Crossmark enabled
10.7554/elife.48964,2020-3-31,Crossmark enabled
10.7554/elife.38821,2018-10-15,Crossmark enabled
10.7554/elife.27798,2017-11-28,Crossmark enabled
10.7554/elife.39065,2019-1-31,Crossmark enabled
10.7554/elife.34963,2018-8-7,Crossmark enabled
10.7554/elife.30051,2017-12-6,Crossmark enabled
10.7554/elife.37945,2018-11-27,Crossmark enabled
10.7554/elife.46012,2019-8-20,Crossmark enabled
10.7554/elife.34989,2018-3-28,Crossmark enabled
10.7554/elife.42037,2019-1-11,Crossmark enabled
10.7554/elife.01096,2013-12-3,Crossmark enabled
10.7554/elife.38874,2018-10-4,Crossmark enabled
10.7554/elife.48318,2019-8-9,Crossmark enabled
10.7554/elife.25474,2017-7-19,Crossmark enabled
10.7554/elife.52164,2019-11-22,Crossmark enabled
10.7554/elife.22032,2016-12-29,Crossmark enabled
10.7554/elife.10274,2015-12-29,Crossmark enabled
10.7554/elife.28715,2018-4-17,Crossmark enabled
10.7554/elife.51501,2019-12-10,Crossmark enabled
10.7554/elife.38281,2018-10-9,Crossmark enabled
10.7554/elife.07777,2015-8-28,Crossmark enabled
10.7554/elife.24542,2017-3-18,Crossmark enabled
10.7554/elife.48561,2019-9-25,Crossmark enabled
10.7554/elife.19071,2016-9-15,Crossmark enabled
10.7554/elife.32948,2018-7-18,Crossmark enabled
10.7554/elife.33068,2018-5-15,Crossmark enabled
10.7554/elife.06179,2015-3-16,Crossmark enabled
10.7554/elife.11315,2015-11-19,Crossmark enabled
10.7554/elife.20083,2017-2-21,Crossmark enabled
10.7554/elife.39123,2019-1-29,Crossmark enabled
10.7554/elife.21422,2016-12-12,Crossmark enabled
10.7554/elife.22835,2017-3-6,Crossmark enabled
10.7554/elife.42295,2019-4-2,Crossmark enabled
10.7554/elife.32399,2018-3-6,Crossmark enabled
10.7554/elife.40486,2018-10-24,Crossmark enabled
10.7554/elife.00333,2013-2-19,Crossmark enabled
10.7554/elife.19352,2016-11-22,Crossmark enabled
10.7554/elife.13141,2016-4-14,Crossmark enabled
10.7554/elife.40202,2018-11-6,Crossmark enabled
10.7554/elife.25299,2017-8-1,Crossmark enabled
10.7554/elife.00523,2013-6-4,Crossmark enabled
10.7554/elife.01201,2014-1-21,Crossmark enabled
10.7554/elife.01662,2013-11-19,Crossmark enabled
10.7554/elife.16011,2016-6-23,Crossmark enabled
10.7554/elife.18295,2016-10-26,Crossmark enabled
10.7554/elife.06074,2015-2-20,Crossmark enabled
10.7554/elife.54128,2020-3-13,Crossmark enabled
10.7554/elife.34959,2018-4-30,Crossmark enabled
10.7554/elife.50130,2019-9-9,Crossmark enabled
10.7554/elife.15718,2016-7-5,Crossmark enabled
10.7554/elife.09410,2015-12-14,Crossmark enabled
10.7554/elife.03581,2014-10-23,Crossmark enabled
10.7554/elife.07836,2015-8-24,Crossmark enabled
10.7554/elife.34902,2018-5-14,Crossmark enabled
10.7554/elife.54285,2020-3-23,Crossmark enabled
10.7554/elife.54277,2020-3-17,Crossmark enabled
10.7554/elife.26033,2017-6-20,Crossmark enabled
10.7554/elife.53900,2020-4-20,Crossmark enabled
10.7554/elife.06369,2015-3-13,Crossmark enabled
10.7554/elife.11189,2016-1-22,Crossmark enabled
10.7554/elife.22153,2016-12-9,Crossmark enabled
10.7554/elife.07295,2015-6-15,Crossmark enabled
10.7554/elife.01867,2014-3-25,Crossmark enabled
10.7554/elife.14449,2016-4-20,Crossmark enabled
10.7554/elife.27455,2017-12-12,Crossmark enabled
10.7554/elife.30292,2017-11-9,Crossmark enabled
10.7554/elife.28306,2017-10-26,Crossmark enabled
10.7554/elife.13740,2016-6-17,Crossmark enabled
10.7554/elife.40260,2019-4-8,Crossmark enabled
10.7554/elife.28683,2017-10-12,Crossmark enabled
10.7554/elife.17879,2016-9-22,Crossmark enabled
10.7554/elife.50345,2020-2-11,Crossmark enabled
10.7554/elife.00367,2013-4-2,Crossmark enabled
10.7554/elife.38430,2018-8-1,Crossmark enabled
10.7554/elife.21083,2017-2-22,Crossmark enabled
10.7554/elife.34420,2018-3-28,Crossmark enabled
10.7554/elife.47490,2019-9-3,Crossmark enabled
10.7554/elife.28383,2017-10-26,Crossmark enabled
10.7554/elife.40715,2019-4-15,Crossmark enabled
10.7554/elife.42693,2019-2-12,Crossmark enabled
10.7554/elife.39169,2018-11-16,Crossmark enabled
10.7554/elife.50766,2019-11-14,Crossmark enabled
10.7554/elife.09143,2015-7-14,Crossmark enabled
10.7554/elife.38187,2019-1-4,Crossmark enabled
10.7554/elife.43842,2019-6-12,Crossmark enabled
10.7554/elife.14620,2016-4-14,Crossmark enabled
10.7554/elife.01479,2014-1-21,Crossmark enabled
10.7554/elife.24905,2017-3-29,Crossmark enabled
10.7554/elife.48792,2019-9-30,Crossmark enabled
10.7554/elife.49953,2019-10-30,Crossmark enabled
10.7554/elife.06496,2015-4-29,Crossmark enabled
10.7554/elife.16090,2016-8-22,Crossmark enabled
10.7554/elife.01339,2013-12-20,Crossmark enabled
10.7554/elife.09248,2015-9-3,Crossmark enabled
10.7554/elife.35676,2018-7-2,Crossmark enabled
10.7554/elife.50135,2020-1-14,Crossmark enabled
10.7554/elife.51317,2020-3-30,Crossmark enabled
10.7554/elife.45952,2019-7-19,Crossmark enabled
10.7554/elife.09225,2015-6-16,Crossmark enabled
10.7554/elife.28295,2017-11-27,Crossmark enabled
10.7554/elife.51691,2020-1-9,Crossmark enabled
10.7554/elife.45045,2019-7-10,Crossmark enabled
10.7554/elife.33273,2018-2-8,Crossmark enabled
10.7554/elife.09375,2015-12-4,Crossmark enabled
10.7554/elife.16161,2016-8-9,Crossmark enabled
10.7554/elife.37993,2018-7-18,Crossmark enabled
10.7554/elife.32337,2017-12-11,Crossmark enabled
10.7554/elife.40841,2018-11-27,Crossmark enabled
10.7554/elife.43657,2019-3-5,Crossmark enabled
10.7554/elife.28020,2017-10-17,Crossmark enabled
10.7554/elife.13546,2016-5-31,Crossmark enabled
10.7554/elife.51529,2020-1-14,Crossmark enabled
10.7554/elife.44649,2019-5-23,Crossmark enabled
10.7554/elife.48308,2019-10-15,Crossmark enabled
10.7554/elife.08848,2016-1-27,Crossmark enabled
10.7554/elife.30094,2018-1-8,Crossmark enabled
10.7554/elife.41697,2019-1-22,Crossmark enabled
10.7554/elife.28433,2017-6-19,Crossmark enabled
10.7554/elife.25408,2017-3-15,Crossmark enabled
10.7554/elife.37234,2018-5-17,Crossmark enabled
10.7554/elife.05544,2015-2-25,Crossmark enabled
10.7554/elife.22914,2017-2-21,Crossmark enabled
10.7554/elife.37125,2018-9-11,Crossmark enabled
10.7554/elife.37267,2018-8-10,Crossmark enabled
10.7554/elife.37412,2018-12-18,Crossmark enabled
10.7554/elife.36460,2018-9-10,Crossmark enabled
10.7554/elife.03913,2015-3-30,Crossmark enabled
10.7554/elife.19669,2016-11-18,Crossmark enabled
10.7554/elife.17171,2016-9-22,Crossmark enabled
10.7554/elife.14979,2016-7-20,Crossmark enabled
10.7554/elife.12916,2015-12-29,Crossmark enabled
10.7554/elife.13841,2016-3-23,Crossmark enabled
10.7554/elife.25754,2017-4-8,Crossmark enabled
10.7554/elife.12256,2015-12-18,Crossmark enabled
10.7554/elife.10809,2015-11-18,Crossmark enabled
10.7554/elife.17812,2016-7-20,Crossmark enabled
10.7554/elife.30809,2017-12-18,Crossmark enabled
10.7554/elife.30938,2018-6-18,Crossmark enabled
10.7554/elife.33292,2018-1-8,Crossmark enabled
10.7554/elife.31812,2017-11-8,Crossmark enabled
10.7554/elife.38200,2018-10-30,Crossmark enabled
10.7554/elife.40802,2018-12-17,Crossmark enabled
10.7554/elife.41103,2019-2-21,Crossmark enabled
10.7554/elife.42766,2019-9-9,Crossmark enabled
10.7554/elife.43302,2019-12-17,Crossmark enabled
10.7554/elife.43732,2019-6-11,Crossmark enabled
10.7554/elife.46003,2019-5-3,Crossmark enabled
10.7554/elife.25382,2017-7-10,Crossmark enabled
10.7554/elife.24578,2017-7-27,Crossmark enabled
10.7554/elife.49774,2020-1-28,Crossmark enabled
10.7554/elife.50056,2019-10-17,Crossmark enabled
10.7554/elife.46258,2019-6-25,Crossmark enabled
10.7554/elife.46754,2019-8-27,Crossmark enabled
10.7554/elife.51093,2020-6-9,Crossmark enabled
10.7554/elife.53456,2020-1-21,Crossmark enabled
10.7554/elife.51605,2020-1-6,Crossmark enabled
10.7554/elife.14052,2016-3-22,Crossmark enabled
10.7554/elife.27157,2018-6-19,Crossmark enabled
10.7554/elife.27333,2017-8-16,Crossmark enabled
10.7554/elife.28768,2018-1-15,Crossmark enabled
10.7554/elife.29908,2017-10-23,Crossmark enabled
10.7554/elife.29914,2017-10-24,Crossmark enabled
10.7554/elife.00378,2013-3-19,Crossmark enabled
10.7554/elife.07236,2015-5-23,Crossmark enabled
10.7554/elife.07728,2015-7-21,Crossmark enabled
10.7554/elife.08698,2015-10-23,Crossmark enabled
10.7554/elife.08177,2015-11-6,Crossmark enabled
10.7554/elife.44674,2019-9-18,Crossmark enabled
10.7554/elife.05861,2015-3-25,Crossmark enabled
10.7554/elife.36726,2018-8-14,Crossmark enabled
10.7554/elife.24271,2017-9-19,Crossmark enabled
10.7554/elife.12213,2016-6-9,Crossmark enabled
10.7554/elife.50647,2019-8-30,Crossmark enabled
10.7554/elife.38516,2018-7-10,Crossmark enabled
10.7554/elife.48268,2019-6-12,Crossmark enabled
10.7554/elife.00641,2013-3-19,Crossmark enabled
10.7554/elife.02589,2014-3-25,Crossmark enabled
10.7554/elife.02618,2014-4-1,Crossmark enabled
10.7554/elife.00729,2013-4-16,Crossmark enabled
10.7554/elife.38748,2018-7-9,Crossmark enabled
10.7554/elife.54244,2020-1-24,Crossmark enabled
10.7554/elife.01127,2013-8-8,Crossmark enabled
10.7554/elife.41524,2018-12-7,Crossmark enabled
10.7554/elife.36992,2018-4-9,Crossmark enabled
10.7554/elife.34258,2018-1-22,Crossmark enabled
10.7554/elife.25411,2017-3-15,Crossmark enabled
10.7554/elife.06883,2015-3-10,Crossmark enabled
10.7554/elife.36366,2018-4-4,Crossmark enabled
10.7554/elife.15034,2016-7-19,Crossmark enabled
10.7554/elife.13544,2016-4-12,Crossmark enabled
10.7554/elife.06181,2015-4-22,Crossmark enabled
10.7554/elife.26022,2017-8-17,Crossmark enabled
10.7554/elife.50103,2020-2-12,Crossmark enabled
10.7554/elife.41168,2019-3-14,Crossmark enabled
10.7554/elife.47550,2019-8-6,Crossmark enabled
10.7554/elife.10441,2015-10-31,Crossmark enabled
10.7554/elife.47384,2019-4-5,Crossmark enabled
10.7554/elife.01139,2013-10-1,Crossmark enabled
10.7554/elife.53917,2020-3-6,Crossmark enabled
10.7554/elife.39705,2019-9-18,Crossmark enabled
10.7554/elife.15275,2016-12-19,Crossmark enabled
10.7554/elife.03722,2014-11-14,Crossmark enabled
10.7554/elife.53268,2020-3-17,Crossmark enabled
10.7554/elife.19944,2017-2-6,Crossmark enabled
10.7554/elife.35190,2018-3-16,Crossmark enabled
10.7554/elife.13044,2016-4-15,Crossmark enabled
10.7554/elife.31924,2017-11-20,Crossmark enabled
10.7554/elife.50732,2020-2-28,Crossmark enabled
10.7554/elife.26084,2017-5-8,Crossmark enabled
10.7554/elife.44006,2019-5-23,Crossmark enabled
10.7554/elife.21476,2017-4-25,Crossmark enabled
10.7554/elife.47365,2019-11-12,Crossmark enabled
10.7554/elife.22089,2017-2-7,Crossmark enabled
10.7554/elife.28021,2017-6-28,Crossmark enabled
10.7554/elife.25093,2017-6-29,Crossmark enabled
10.7554/elife.17441,2016-9-20,Crossmark enabled
10.7554/elife.00354,2013-3-19,Crossmark enabled
10.7554/elife.09561,2015-9-10,Crossmark enabled
10.7554/elife.00048,2012-10-15,Crossmark enabled
10.7554/elife.18167,2016-8-18,Crossmark enabled
10.7554/elife.45107,2019-5-15,Crossmark enabled
10.7554/elife.23908,2017-7-10,Crossmark enabled
10.7554/elife.21052,2017-1-10,Crossmark enabled
10.7554/elife.03311,2014-8-13,Crossmark enabled
10.7554/elife.21735,2017-3-28,Crossmark enabled
10.7554/elife.26640,2017-8-9,Crossmark enabled
10.7554/elife.36234,2018-9-11,Crossmark enabled
10.7554/elife.47156,2019-8-9,Crossmark enabled
10.7554/elife.22513,2017-1-10,Crossmark enabled
10.7554/elife.51595,2020-1-20,Crossmark enabled
10.7554/elife.03390,2015-3-27,Crossmark enabled
10.7554/elife.33423,2018-6-19,Crossmark enabled
10.7554/elife.25801,2018-3-13,Crossmark enabled
10.7554/elife.22311,2017-2-22,Crossmark enabled
10.7554/elife.27960,2017-8-15,Crossmark enabled
10.7554/elife.06970,2015-9-1,Crossmark enabled
10.7554/elife.54462,2020-4-21,Crossmark enabled
10.7554/elife.08422,2015-10-20,Crossmark enabled
10.7554/elife.18146,2016-10-19,Crossmark enabled
10.7554/elife.44860,2019-6-17,Crossmark enabled
10.7554/elife.41720,2019-3-18,Crossmark enabled
10.7554/elife.26526,2017-11-9,Crossmark enabled
10.7554/elife.01888,2014-5-6,Crossmark enabled
10.7554/elife.23206,2017-5-2,Crossmark enabled
10.7554/elife.38976,2018-8-14,Crossmark enabled
10.7554/elife.42786,2019-2-25,Crossmark enabled
10.7554/elife.46007,2019-9-3,Crossmark enabled
10.7554/elife.10163,2015-12-8,Crossmark enabled
10.7554/elife.44455,2019-6-25,Crossmark enabled
10.7554/elife.30000,2017-9-15,Crossmark enabled
10.7554/elife.43059,2019-5-3,Crossmark enabled
10.7554/elife.49145,2019-12-27,Crossmark enabled
10.7554/elife.38752,2018-7-17,Crossmark enabled
10.7554/elife.37677,2018-10-22,Crossmark enabled
10.7554/elife.21900,2017-1-4,Crossmark enabled
10.7554/elife.49138,2019-11-7,Crossmark enabled
10.7554/elife.34700,2018-6-22,Crossmark enabled
10.7554/elife.00178,2013-1-22,Crossmark enabled
10.7554/elife.42253,2018-12-31,Crossmark enabled
10.7554/elife.42619,2019-3-4,Crossmark enabled
10.7554/elife.50160,2019-10-31,Crossmark enabled
10.7554/elife.48425,2019-10-31,Crossmark enabled
10.7554/elife.30120,2017-11-22,Crossmark enabled
10.7554/elife.28569,2018-2-26,Crossmark enabled
10.7554/elife.42746,2019-3-6,Crossmark enabled
10.7554/elife.51261,2020-3-3,Crossmark enabled
10.7554/elife.37487,2018-9-4,Crossmark enabled
10.7554/elife.36341,2018-5-9,Crossmark enabled
10.7554/elife.06671,2015-9-7,Crossmark enabled
10.7554/elife.24958,2017-6-27,Crossmark enabled
10.7554/elife.10832,2015-11-9,Crossmark enabled
10.7554/elife.03198,2014-7-3,Crossmark enabled
10.7554/elife.36666,2018-5-10,Crossmark enabled
10.7554/elife.36221,2018-7-4,Crossmark enabled
10.7554/elife.21738,2017-1-3,Crossmark enabled
10.7554/elife.11466,2015-12-17,Crossmark enabled
10.7554/elife.29222,2017-9-5,Crossmark enabled
10.7554/elife.00669,2013-6-25,Crossmark enabled
10.7554/elife.17210,2016-8-16,Crossmark enabled
10.7554/elife.50901,2020-1-15,Crossmark enabled
10.7554/elife.38190,2018-10-30,Crossmark enabled
10.7554/elife.40487,2019-2-5,Crossmark enabled
10.7554/elife.01914,2014-2-4,Crossmark enabled
10.7554/elife.31627,2017-12-4,Crossmark enabled
10.7554/elife.35383,2018-3-7,Crossmark enabled
10.7554/elife.07485,2015-11-26,Crossmark enabled
10.7554/elife.07789,2015-8-13,Crossmark enabled
10.7554/elife.55965,2020-4-27,Crossmark enabled
10.7554/elife.47088,2019-8-16,Crossmark enabled
10.7554/elife.20252,2016-10-3,Crossmark enabled
10.7554/elife.53559,2020-1-21,Crossmark enabled
10.7554/elife.19027,2016-9-30,Crossmark enabled
10.7554/elife.55613,2020-4-20,Crossmark enabled
10.7554/elife.22512,2017-3-21,Crossmark enabled
10.7554/elife.26620,2017-6-17,Crossmark enabled
10.7554/elife.48834,2019-9-17,Crossmark enabled
10.7554/elife.05464,2015-3-6,Crossmark enabled
10.7554/elife.13426,2016-3-16,Crossmark enabled
10.7554/elife.42951,2019-9-6,Crossmark enabled
10.7554/elife.21768,2017-4-13,Crossmark enabled
10.7554/elife.21734,2016-10-26,Crossmark enabled
10.7554/elife.48685,2020-3-12,Crossmark enabled
10.7554/elife.02053,2014-4-22,Crossmark enabled
10.7554/elife.38856,2018-10-2,Crossmark enabled
10.7554/elife.49416,2020-2-4,Crossmark enabled
10.7554/elife.01179,2013-12-3,Crossmark enabled
10.7554/elife.06508,2015-9-24,Crossmark enabled
10.7554/elife.32478,2018-4-27,Crossmark enabled
10.7554/elife.48190,2019-10-18,Crossmark enabled
10.7554/elife.41250,2019-1-31,Crossmark enabled
10.7554/elife.12917,2016-4-15,Crossmark enabled
10.7554/elife.26952,2017-9-11,Crossmark enabled
10.7554/elife.39907,2018-9-4,Crossmark enabled
10.7554/elife.17956,2016-9-6,Crossmark enabled
10.7554/elife.30329,2017-10-11,Crossmark enabled
10.7554/elife.23661,2017-3-7,Crossmark enabled
10.7554/elife.01936,2014-4-24,Crossmark enabled
10.7554/elife.48714,2020-3-30,Crossmark enabled
10.7554/elife.51140,2020-6-9,Crossmark enabled
10.7554/elife.31018,2018-6-7,Crossmark enabled
10.7554/elife.30842,2018-2-5,Crossmark enabled
10.7554/elife.23045,2017-5-31,Crossmark enabled
10.7554/elife.47791,2019-9-25,Crossmark enabled
10.7554/elife.31209,2018-1-10,Crossmark enabled
10.7554/elife.05682,2015-11-2,Crossmark enabled
10.7554/elife.08833,2015-12-1,Crossmark enabled
10.7554/elife.09977,2016-2-2,Crossmark enabled
10.7554/elife.04531,2014-12-9,Crossmark enabled
10.7554/elife.44248,2019-4-30,Crossmark enabled
10.7554/elife.27069,2017-8-15,Crossmark enabled
10.7554/elife.05338,2015-3-31,Crossmark enabled
10.7554/elife.01607,2014-2-4,Crossmark enabled
10.7554/elife.34870,2018-10-16,Crossmark enabled
10.7554/elife.45286,2019-4-10,Crossmark enabled
10.7554/elife.01535,2014-2-18,Crossmark enabled
10.7554/elife.27891,2017-9-6,Crossmark enabled
10.7554/elife.26642,2017-8-31,Crossmark enabled
10.7554/elife.51754,2020-1-27,Crossmark enabled
10.7554/elife.49314,2019-11-27,Crossmark enabled
10.7554/elife.10996,2016-3-7,Crossmark enabled
10.7554/elife.32288,2018-3-6,Crossmark enabled
10.7554/elife.07426,2015-5-20,Crossmark enabled
10.7554/elife.10559,2015-9-22,Crossmark enabled
10.7554/elife.16036,2016-6-24,Crossmark enabled
10.7554/elife.09083,2015-9-30,Crossmark enabled
10.7554/elife.04854,2014-12-22,Crossmark enabled
10.7554/elife.01071,2013-9-17,Crossmark enabled
10.7554/elife.52712,2020-1-3,Crossmark enabled
10.7554/elife.43226,2019-8-13,Crossmark enabled
10.7554/elife.54558,2020-4-2,Crossmark enabled
10.7554/elife.47677,2019-6-17,Crossmark enabled
10.7554/elife.38111,2018-8-2,Crossmark enabled
10.7554/elife.38869,2018-12-18,Crossmark enabled
10.7554/elife.15802,2016-4-25,Crossmark enabled
10.7554/elife.06225,2015-5-5,Crossmark enabled
10.7554/elife.52473,2020-3-24,Crossmark enabled
10.7554/elife.28935,2017-10-9,Crossmark enabled
10.7554/elife.00845,2013-7-30,Crossmark enabled
10.7554/elife.19749,2016-10-13,Crossmark enabled
10.7554/elife.33555,2018-2-27,Crossmark enabled
10.7554/elife.48528,2019-8-6,Crossmark enabled
10.7554/elife.39397,2019-3-12,Crossmark enabled
10.7554/elife.21715,2016-12-15,Crossmark enabled
10.7554/elife.49375,2019-12-16,Crossmark enabled
10.7554/elife.02637,2014-7-1,Crossmark enabled
10.7554/elife.05580,2014-12-24,Crossmark enabled
10.7554/elife.20516,2016-9-9,Crossmark enabled
10.7554/elife.36813,2018-4-27,Crossmark enabled
10.7554/elife.27085,2017-4-25,Crossmark enabled
10.7554/elife.04040,2014-8-19,Crossmark enabled
10.7554/elife.25654,2017-3-23,Crossmark enabled
10.7554/elife.18721,2016-7-15,Crossmark enabled
10.7554/elife.00491,2013-1-22,Crossmark enabled
10.7554/elife.44441,2018-12-20,Crossmark enabled
10.7554/elife.44076,2019-1-21,Crossmark enabled
10.7554/elife.54037,2020-1-16,Crossmark enabled
10.7554/elife.04901,2014-10-7,Crossmark enabled
10.7554/elife.35906,2018-3-21,Crossmark enabled
10.7554/elife.15591,2016-3-29,Crossmark enabled
10.7554/elife.05787,2015-2-17,Crossmark enabled
10.7554/elife.15957,2016-4-15,Crossmark enabled
10.7554/elife.37432,2018-4-23,Crossmark enabled
10.7554/elife.05244,2014-11-25,Crossmark enabled
10.7554/elife.07390,2015-4-8,Crossmark enabled
10.7554/elife.10785,2016-5-20,Crossmark enabled
10.7554/elife.12812,2016-5-7,Crossmark enabled
10.7554/elife.11215,2015-12-19,Crossmark enabled
10.7554/elife.45205,2019-6-14,Crossmark enabled
10.7554/elife.44964,2019-4-17,Crossmark enabled
10.7554/elife.41548,2019-1-8,Crossmark enabled
10.7554/elife.42499,2019-5-13,Crossmark enabled
10.7554/elife.04279,2014-11-24,Crossmark enabled
10.7554/elife.41162,2019-1-10,Crossmark enabled
10.7554/elife.37935,2018-11-20,Crossmark enabled
10.7554/elife.40368,2019-2-13,Crossmark enabled
10.7554/elife.38213,2018-12-5,Crossmark enabled
10.7554/elife.09462,2016-2-23,Crossmark enabled
10.7554/elife.09266,2015-11-14,Crossmark enabled
10.7554/elife.06421,2015-4-27,Crossmark enabled
10.7554/elife.32955,2018-1-31,Crossmark enabled
10.7554/elife.36491,2018-5-22,Crossmark enabled
10.7554/elife.36654,2018-8-9,Crossmark enabled
10.7554/elife.35261,2018-7-2,Crossmark enabled
10.7554/elife.35546,2019-6-7,Crossmark enabled
10.7554/elife.33402,2018-4-26,Crossmark enabled
10.7554/elife.01310,2014-3-4,Crossmark enabled
10.7554/elife.25490,2017-6-6,Crossmark enabled
10.7554/elife.25229,2017-3-15,Crossmark enabled
10.7554/elife.27347,2017-6-13,Crossmark enabled
10.7554/elife.28270,2017-10-13,Crossmark enabled
10.7554/elife.07290,2015-6-17,Crossmark enabled
10.7554/elife.50661,2019-12-23,Crossmark enabled
10.7554/elife.50654,2020-5-19,Crossmark enabled
10.7554/elife.50803,2020-1-13,Crossmark enabled
10.7554/elife.14589,2016-8-31,Crossmark enabled
10.7554/elife.14692,2016-6-28,Crossmark enabled
10.7554/elife.15416,2016-10-25,Crossmark enabled
10.7554/elife.17508,2016-8-16,Crossmark enabled
10.7554/elife.16118,2016-10-4,Crossmark enabled
10.7554/elife.18296,2016-9-30,Crossmark enabled
10.7554/elife.06195,2015-3-17,Crossmark enabled
10.7554/elife.10012,2016-2-11,Crossmark enabled
10.7554/elife.31220,2018-2-7,Crossmark enabled
10.7554/elife.09541,2016-8-26,Crossmark enabled
10.7554/elife.41002,2018-9-25,Crossmark enabled
10.7554/elife.18431,2016-7-20,Crossmark enabled
10.7554/elife.40921,2018-9-26,Crossmark enabled
10.7554/elife.25812,2017-3-28,Crossmark enabled
10.7554/elife.31307,2017-10-12,Crossmark enabled
10.7554/elife.00348,2013-2-26,Crossmark enabled
10.7554/elife.44149,2019-1-24,Crossmark enabled
10.7554/elife.50109,2020-1-8,Crossmark enabled
10.7554/elife.24325,2017-5-5,Crossmark enabled
10.7554/elife.17721,2016-8-16,Crossmark enabled
10.7554/elife.46564,2019-8-9,Crossmark enabled
10.7554/elife.02409,2014-4-25,Crossmark enabled
10.7554/elife.50832,2019-10-3,Crossmark enabled
10.7554/elife.52690,2020-2-24,Crossmark enabled
10.7554/elife.45221,2019-4-15,Crossmark enabled
10.7554/elife.37139,2018-5-15,Crossmark enabled
10.7554/elife.31326,2018-1-23,Crossmark enabled
10.7554/elife.30881,2017-12-12,Crossmark enabled
10.7554/elife.16262,2016-9-19,Crossmark enabled
10.7554/elife.20105,2016-10-4,Crossmark enabled
10.7554/elife.09376,2016-3-22,Crossmark enabled
10.7554/elife.26000,2017-5-16,Crossmark enabled
10.7554/elife.02164,2014-4-24,Crossmark enabled
10.7554/elife.01524,2014-2-25,Crossmark enabled
10.7554/elife.41328,2019-2-12,Crossmark enabled
10.7554/elife.02535,2014-6-4,Crossmark enabled
10.7554/elife.44525,2020-1-24,Crossmark enabled
10.7554/elife.28865,2017-9-15,Crossmark enabled
10.7554/elife.38555,2018-11-30,Crossmark enabled
10.7554/elife.20937,2017-5-24,Crossmark enabled
10.7554/elife.30503,2017-10-30,Crossmark enabled
10.7554/elife.40025,2019-1-9,Crossmark enabled
10.7554/elife.25174,2017-5-19,Crossmark enabled
10.7554/elife.18937,2016-10-5,Crossmark enabled
10.7554/elife.13768,2016-10-4,Crossmark enabled
10.7554/elife.53807,2020-3-19,Crossmark enabled
10.7554/elife.17936,2016-9-30,Crossmark enabled
10.7554/elife.25751,2017-7-5,Crossmark enabled
10.7554/elife.01256,2013-12-31,Crossmark enabled
10.7554/elife.36306,2018-6-26,Crossmark enabled
10.7554/elife.37689,2019-3-12,Crossmark enabled
10.7554/elife.53916,2020-4-29,Crossmark enabled
10.7554/elife.43890,2019-5-8,Crossmark enabled
10.7554/elife.14116,2016-5-25,Crossmark enabled
10.7554/elife.03697,2014-12-15,Crossmark enabled
10.7554/elife.12509,2016-3-8,Crossmark enabled
10.7554/elife.06638,2015-6-2,Crossmark enabled
10.7554/elife.16955,2016-7-30,Crossmark enabled
10.7554/elife.15890,2016-5-9,Crossmark enabled
10.7554/elife.20813,2016-12-13,Crossmark enabled
10.7554/elife.09991,2015-12-15,Crossmark enabled
10.7554/elife.15528,2016-7-2,Crossmark enabled
10.7554/elife.24059,2017-7-4,Crossmark enabled
10.7554/elife.48175,2019-10-9,Crossmark enabled
10.7554/elife.26856,2017-9-21,Crossmark enabled
10.7554/elife.31150,2018-1-8,Crossmark enabled
10.7554/elife.31216,2018-1-3,Crossmark enabled
10.7554/elife.34286,2018-5-22,Crossmark enabled
10.7554/elife.46687,2019-8-2,Crossmark enabled
10.7554/elife.52137,2020-3-31,Crossmark enabled
10.7554/elife.48448,2019-10-21,Crossmark enabled
10.7554/elife.55190,2020-4-6,Crossmark enabled
10.7554/elife.26759,2017-8-22,Crossmark enabled
10.7554/elife.26884,2017-6-29,Crossmark enabled
10.7554/elife.49834,2020-4-15,Crossmark enabled
10.7554/elife.41497,2018-11-23,Crossmark enabled
10.7554/elife.00160,2013-1-8,Crossmark enabled
10.7554/elife.21253,2017-1-19,Crossmark enabled
10.7554/elife.44239,2019-2-14,Crossmark enabled
10.7554/elife.25306,2017-6-27,Crossmark enabled
10.7554/elife.53886,2020-4-14,Crossmark enabled
10.7554/elife.44532,2019-6-11,Crossmark enabled
10.7554/elife.32963,2018-4-11,Crossmark enabled
10.7554/elife.28123,2017-11-21,Crossmark enabled
10.7554/elife.42535,2019-2-25,Crossmark enabled
10.7554/elife.19594,2017-3-7,Crossmark enabled
10.7554/elife.27421,2017-9-12,Crossmark enabled
10.7554/elife.30057,2017-10-24,Crossmark enabled
10.7554/elife.48562,2019-9-27,Crossmark enabled
10.7554/elife.47889,2019-11-11,Crossmark enabled
10.7554/elife.26652,2017-5-31,Crossmark enabled
10.7554/elife.35368,2018-5-29,Crossmark enabled
10.7554/elife.31596,2018-4-3,Crossmark enabled
10.7554/elife.48178,2019-11-19,Crossmark enabled
10.7554/elife.25260,2017-6-19,Crossmark enabled
10.7554/elife.52322,2020-4-16,Crossmark enabled
10.7554/elife.49930,2019-12-4,Crossmark enabled
10.7554/elife.53245,2020-2-4,Crossmark enabled
10.7554/elife.05166,2015-3-3,Crossmark enabled
10.7554/elife.02860,2014-6-19,Crossmark enabled
10.7554/elife.39786,2018-10-8,Crossmark enabled
10.7554/elife.53311,2020-3-9,Crossmark enabled
10.7554/elife.15272,2016-4-19,Crossmark enabled
10.7554/elife.16534,2016-10-6,Crossmark enabled
10.7554/elife.41845,2018-11-1,Crossmark enabled
10.7554/elife.49536,2019-10-17,Crossmark enabled
10.7554/elife.53072,2020-2-24,Crossmark enabled
10.7554/elife.39122,2018-10-12,Crossmark enabled
10.7554/elife.17495,2016-8-5,Crossmark enabled
10.7554/elife.02030,2014-5-1,Crossmark enabled
10.7554/elife.42256,2019-2-5,Crossmark enabled
10.7554/elife.11190,2015-12-15,Crossmark enabled
10.7554/elife.40396,2019-4-16,Crossmark enabled
10.7554/elife.04677,2015-5-5,Crossmark enabled
10.7554/elife.38052,2018-11-2,Crossmark enabled
10.7554/elife.17063,2016-7-14,Crossmark enabled
10.7554/elife.26985,2017-8-10,Crossmark enabled
10.7554/elife.12217,2016-4-22,Crossmark enabled
10.7554/elife.08519,2015-12-12,Crossmark enabled
10.7554/elife.03568,2014-11-11,Crossmark enabled
10.7554/elife.13617,2016-5-3,Crossmark enabled
10.7554/elife.06857,2015-3-24,Crossmark enabled
10.7554/elife.52882,2020-1-2,Crossmark enabled
10.7554/elife.17896,2016-11-17,Crossmark enabled
10.7554/elife.39636,2018-9-28,Crossmark enabled
10.7554/elife.35316,2018-9-21,Crossmark enabled
10.7554/elife.40228,2018-11-22,Crossmark enabled
10.7554/elife.48764,2020-1-14,Crossmark enabled
10.7554/elife.28029,2017-6-30,Crossmark enabled
10.7554/elife.47895,2020-1-24,Crossmark enabled
10.7554/elife.51276,2020-1-8,Crossmark enabled
10.7554/elife.46781,2019-4-9,Crossmark enabled
10.7554/elife.47468,2019-5-14,Crossmark enabled
10.7554/elife.48695,2019-6-28,Crossmark enabled
10.7554/elife.48493,2019-6-21,Crossmark enabled
10.7554/elife.19569,2016-9-8,Crossmark enabled
10.7554/elife.03997,2014-8-15,Crossmark enabled
10.7554/elife.30994,2017-9-12,Crossmark enabled
10.7554/elife.29944,2017-11-28,Crossmark enabled
10.7554/elife.01809,2013-12-10,Crossmark enabled
10.7554/elife.01760,2013-11-26,Crossmark enabled
10.7554/elife.07364,2015-3-30,Crossmark enabled
10.7554/elife.35238,2018-5-8,Crossmark enabled
10.7554/elife.22471,2016-12-14,Crossmark enabled
10.7554/elife.22886,2016-12-14,Crossmark enabled
10.7554/elife.23375,2016-12-12,Crossmark enabled
10.7554/elife.05846,2015-1-13,Crossmark enabled
10.7554/elife.55960,2020-3-23,Crossmark enabled
10.7554/elife.02273,2014-2-4,Crossmark enabled
10.7554/elife.03371,2014-6-24,Crossmark enabled
10.7554/elife.20755,2016-9-19,Crossmark enabled
10.7554/elife.34153,2018-1-18,Crossmark enabled
10.7554/elife.12523,2015-12-16,Crossmark enabled
10.7554/elife.28109,2017-5-30,Crossmark enabled
10.7554/elife.09556,2015-7-28,Crossmark enabled
10.7554/elife.31328,2017-10-4,Crossmark enabled
10.7554/elife.31949,2018-2-27,Crossmark enabled
10.7554/elife.32893,2018-4-11,Crossmark enabled
10.7554/elife.45057,2019-7-10,Crossmark enabled
10.7554/elife.41653,2018-11-28,Crossmark enabled
10.7554/elife.54355,2020-1-28,Crossmark enabled
10.7554/elife.53414,2020-5-12,Crossmark enabled
10.7554/elife.51179,2019-11-18,Crossmark enabled
10.7554/elife.50564,2020-2-24,Crossmark enabled
10.7554/elife.49748,2019-10-21,Crossmark enabled
10.7554/elife.50469,2020-3-9,Crossmark enabled
10.7554/elife.52589,2020-3-31,Crossmark enabled
10.7554/elife.07340,2015-9-22,Crossmark enabled
10.7554/elife.17769,2016-12-6,Crossmark enabled
10.7554/elife.16409,2016-5-13,Crossmark enabled
10.7554/elife.19907,2017-4-19,Crossmark enabled
10.7554/elife.15378,2016-7-29,Crossmark enabled
10.7554/elife.15833,2016-9-23,Crossmark enabled
10.7554/elife.15983,2016-10-14,Crossmark enabled
10.7554/elife.29312,2018-3-20,Crossmark enabled
10.7554/elife.29005,2017-12-20,Crossmark enabled
10.7554/elife.29044,2017-8-22,Crossmark enabled
10.7554/elife.40314,2018-11-27,Crossmark enabled
10.7554/elife.40576,2019-2-5,Crossmark enabled
10.7554/elife.40032,2019-2-5,Crossmark enabled
10.7554/elife.37015,2018-12-28,Crossmark enabled
10.7554/elife.39368,2018-10-16,Crossmark enabled
10.7554/elife.40981,2019-1-8,Crossmark enabled
10.7554/elife.47809,2019-11-7,Crossmark enabled
10.7554/elife.46321,2019-8-16,Crossmark enabled
10.7554/elife.46912,2019-7-17,Crossmark enabled
10.7554/elife.07048,2015-8-18,Crossmark enabled
10.7554/elife.11945,2015-12-11,Crossmark enabled
10.7554/elife.12125,2016-1-29,Crossmark enabled
10.7554/elife.10635,2015-11-17,Crossmark enabled
10.7554/elife.07378,2015-7-7,Crossmark enabled
10.7554/elife.23084,2017-3-22,Crossmark enabled
10.7554/elife.24126,2017-3-31,Crossmark enabled
10.7554/elife.23816,2017-3-13,Crossmark enabled
10.7554/elife.24869,2017-3-21,Crossmark enabled
10.7554/elife.24141,2017-3-3,Crossmark enabled
10.7554/elife.02277,2014-4-1,Crossmark enabled
10.7554/elife.04810,2015-5-1,Crossmark enabled
10.7554/elife.04037,2014-12-10,Crossmark enabled
10.7554/elife.04287,2014-11-19,Crossmark enabled
10.7554/elife.06104,2015-7-13,Crossmark enabled
10.7554/elife.06119,2015-3-27,Crossmark enabled
10.7554/elife.10982,2015-11-14,Crossmark enabled
10.7554/elife.26624,2017-6-8,Crossmark enabled
10.7554/elife.52859,2020-1-16,Crossmark enabled
10.7554/elife.20183,2017-2-13,Crossmark enabled
10.7554/elife.38493,2018-11-13,Crossmark enabled
10.7554/elife.00133,2013-3-6,Crossmark enabled
10.7554/elife.55335,2020-5-29,Crossmark enabled
10.7554/elife.15023,2016-10-6,Crossmark enabled
10.7554/elife.01519,2013-12-3,Crossmark enabled
10.7554/elife.44158,2019-2-11,Crossmark enabled
10.7554/elife.37017,2018-8-20,Crossmark enabled
10.7554/elife.44672,2019-7-22,Crossmark enabled
10.7554/elife.28629,2017-12-20,Crossmark enabled
10.7554/elife.31250,2017-12-5,Crossmark enabled
10.7554/elife.43186,2019-1-8,Crossmark enabled
10.7554/elife.52419,2020-1-24,Crossmark enabled
10.7554/elife.36204,2018-7-20,Crossmark enabled
10.7554/elife.24336,2017-4-19,Crossmark enabled
10.7554/elife.28070,2017-12-18,Crossmark enabled
10.7554/elife.47686,2019-12-5,Crossmark enabled
10.7554/elife.53227,2020-1-31,Crossmark enabled
10.7554/elife.51358,2020-5-22,Crossmark enabled
10.7554/elife.03363,2014-10-29,Crossmark enabled
10.7554/elife.34997,2018-9-11,Crossmark enabled
10.7554/elife.18197,2016-8-9,Crossmark enabled
10.7554/elife.01433,2014-4-29,Crossmark enabled
10.7554/elife.32563,2018-6-22,Crossmark enabled
10.7554/elife.13098,2016-2-27,Crossmark enabled
10.7554/elife.47300,2019-6-21,Crossmark enabled
10.7554/elife.31879,2018-5-30,Crossmark enabled
10.7554/elife.10891,2015-12-17,Crossmark enabled
10.7554/elife.00181,2012-12-18,Crossmark enabled
10.7554/elife.10870,2015-11-21,Crossmark enabled
10.7554/elife.20557,2017-1-24,Crossmark enabled
10.7554/elife.48710,2019-10-29,Crossmark enabled
10.7554/elife.26944,2018-3-13,Crossmark enabled
10.7554/elife.05506,2015-4-17,Crossmark enabled
10.7554/elife.51466,2020-3-30,Crossmark enabled
10.7554/elife.30918,2017-11-17,Crossmark enabled
10.7554/elife.22169,2017-5-15,Crossmark enabled
10.7554/elife.39939,2018-11-19,Crossmark enabled
10.7554/elife.51701,2020-1-21,Crossmark enabled
10.7554/elife.54441,2020-4-30,Crossmark enabled
10.7554/elife.13715,2016-3-17,Crossmark enabled
10.7554/elife.22750,2016-12-12,Crossmark enabled
10.7554/elife.37009,2018-5-4,Crossmark enabled
10.7554/elife.00205,2012-12-18,Crossmark enabled
10.7554/elife.18749,2016-8-3,Crossmark enabled
10.7554/elife.40671,2018-12-18,Crossmark enabled
10.7554/elife.53370,2020-6-9,Crossmark enabled
10.7554/elife.34176,2018-5-25,Crossmark enabled
10.7554/elife.31377,2018-1-24,Crossmark enabled
10.7554/elife.37815,2018-8-21,Crossmark enabled
10.7554/elife.29985,2017-10-5,Crossmark enabled
10.7554/elife.46710,2019-4-11,Crossmark enabled
10.7554/elife.46490,2019-9-10,Crossmark enabled
10.7554/elife.09849,2016-1-11,Crossmark enabled
10.7554/elife.25648,2017-5-3,Crossmark enabled
10.7554/elife.26376,2017-8-2,Crossmark enabled
10.7554/elife.01856,2014-1-21,Crossmark enabled
10.7554/elife.35720,2018-8-6,Crossmark enabled
10.7554/elife.01385,2014-1-14,Crossmark enabled
10.7554/elife.23789,2017-5-10,Crossmark enabled
10.7554/elife.07578,2015-5-20,Crossmark enabled
10.7554/elife.15461,2016-10-11,Crossmark enabled
10.7554/elife.06576,2015-5-12,Crossmark enabled
10.7554/elife.23824,2017-6-21,Crossmark enabled
10.7554/elife.31473,2018-1-29,Crossmark enabled
10.7554/elife.40364,2019-1-23,Crossmark enabled
10.7554/elife.44795,2019-7-1,Crossmark enabled
10.7554/elife.55564,2020-4-1,Crossmark enabled
10.7554/elife.26196,2017-7-3,Crossmark enabled
10.7554/elife.56611,2020-6-9,Crossmark enabled
10.7554/elife.02510,2014-5-27,Crossmark enabled
10.7554/elife.46595,2019-5-31,Crossmark enabled
10.7554/elife.11903,2016-3-14,Crossmark enabled
10.7554/elife.31873,2018-2-2,Crossmark enabled
10.7554/elife.14530,2016-4-26,Crossmark enabled
10.7554/elife.23897,2017-2-28,Crossmark enabled
10.7554/elife.23670,2017-2-1,Crossmark enabled
10.7554/elife.56301,2020-4-27,Crossmark enabled
10.7554/elife.20242,2016-11-15,Crossmark enabled
10.7554/elife.47898,2019-10-10,Crossmark enabled
10.7554/elife.13664,2016-6-14,Crossmark enabled
10.7554/elife.27369,2017-9-26,Crossmark enabled
10.7554/elife.45916,2019-7-11,Crossmark enabled
10.7554/elife.15085,2017-1-9,Crossmark enabled
10.7554/elife.40033,2019-2-5,Crossmark enabled
10.7554/elife.29198,2017-10-16,Crossmark enabled
10.7554/elife.28034,2017-8-31,Crossmark enabled
10.7554/elife.43701,2019-3-26,Crossmark enabled
10.7554/elife.31157,2018-1-24,Crossmark enabled
10.7554/elife.06414,2015-8-6,Crossmark enabled
10.7554/elife.05826,2015-3-25,Crossmark enabled
10.7554/elife.38888,2018-9-10,Crossmark enabled
10.7554/elife.22796,2017-5-24,Crossmark enabled
10.7554/elife.52813,2020-3-24,Crossmark enabled
10.7554/elife.35122,2018-5-31,Crossmark enabled
10.7554/elife.27396,2017-9-19,Crossmark enabled
10.7554/elife.55890,2020-4-7,Crossmark enabled
10.7554/elife.33572,2018-3-29,Crossmark enabled
10.7554/elife.43621,2019-2-8,Crossmark enabled
10.7554/elife.49840,2020-1-17,Crossmark enabled
10.7554/elife.07739,2015-4-28,Crossmark enabled
10.7554/elife.36401,2018-9-20,Crossmark enabled
10.7554/elife.50979,2020-1-16,Crossmark enabled
10.7554/elife.04407,2014-12-29,Crossmark enabled
10.7554/elife.00312,2013-3-20,Crossmark enabled
10.7554/elife.23961,2017-3-10,Crossmark enabled
10.7554/elife.48591,2020-4-29,Crossmark enabled
10.7554/elife.28560,2017-10-13,Crossmark enabled
10.7554/elife.13073,2016-7-26,Crossmark enabled
10.7554/elife.33052,2018-7-10,Crossmark enabled
10.7554/elife.33904,2018-5-29,Crossmark enabled
10.7554/elife.23770,2017-9-5,Crossmark enabled
10.7554/elife.37275,2018-9-20,Crossmark enabled
10.7554/elife.19298,2016-11-1,Crossmark enabled
10.7554/elife.09684,2015-12-15,Crossmark enabled
10.7554/elife.48431,2019-9-10,Crossmark enabled
10.7554/elife.44210,2019-3-27,Crossmark enabled
10.7554/elife.36187,2018-9-6,Crossmark enabled
10.7554/elife.12432,2015-12-25,Crossmark enabled
10.7554/elife.40845,2019-7-12,Crossmark enabled
10.7554/elife.14577,2016-4-6,Crossmark enabled
10.7554/elife.01949,2014-5-19,Crossmark enabled
10.7554/elife.47005,2019-10-7,Crossmark enabled
10.7554/elife.14470,2016-6-28,Crossmark enabled
10.7554/elife.52088,2019-12-6,Crossmark enabled
10.7554/elife.12112,2016-3-21,Crossmark enabled
10.7554/elife.34202,2018-6-19,Crossmark enabled
10.7554/elife.11352,2015-11-14,Crossmark enabled
10.7554/elife.24231,2017-5-9,Crossmark enabled
10.7554/elife.07091,2015-6-30,Crossmark enabled
10.7554/elife.08789,2015-9-18,Crossmark enabled
10.7554/elife.05198,2015-1-8,Crossmark enabled
10.7554/elife.15887,2016-5-23,Crossmark enabled
10.7554/elife.44454,2019-9-3,Crossmark enabled
10.7554/elife.07871,2015-10-16,Crossmark enabled
10.7554/elife.18491,2016-11-11,Crossmark enabled
10.7554/elife.20533,2016-12-10,Crossmark enabled
10.7554/elife.14320,2016-6-13,Crossmark enabled
10.7554/elife.27240,2017-7-14,Crossmark enabled
10.7554/elife.33333,2017-11-23,Crossmark enabled
10.7554/elife.49202,2019-6-14,Crossmark enabled
10.7554/elife.47815,2019-7-16,Crossmark enabled
10.7554/elife.31625,2018-2-2,Crossmark enabled
10.7554/elife.11123,2016-2-5,Crossmark enabled
10.7554/elife.53580,2020-4-3,Crossmark enabled
10.7554/elife.51971,2020-2-4,Crossmark enabled
10.7554/elife.41076,2018-9-27,Crossmark enabled
10.7554/elife.27470,2017-6-27,Crossmark enabled
10.7554/elife.01659,2014-4-8,Crossmark enabled
10.7554/elife.42974,2019-2-8,Crossmark enabled
10.7554/elife.18496,2016-11-2,Crossmark enabled
10.7554/elife.18311,2016-8-15,Crossmark enabled
10.7554/elife.09540,2016-1-7,Crossmark enabled
10.7554/elife.16800,2016-7-7,Crossmark enabled
10.7554/elife.10856,2016-1-14,Crossmark enabled
10.7554/elife.02245,2014-5-7,Crossmark enabled
10.7554/elife.31083,2017-8-17,Crossmark enabled
10.7554/elife.03756,2014-8-13,Crossmark enabled
10.7554/elife.47035,2019-11-8,Crossmark enabled
10.7554/elife.09696,2015-10-14,Crossmark enabled
10.7554/elife.35216,2018-7-17,Crossmark enabled
10.7554/elife.00400,2013-2-26,Crossmark enabled
10.7554/elife.01498,2014-2-25,Crossmark enabled
10.7554/elife.56666,2020-5-27,Crossmark enabled
10.7554/elife.07830,2015-8-24,Crossmark enabled
10.7554/elife.03609,2014-9-25,Crossmark enabled
10.7554/elife.03679,2014-10-21,Crossmark enabled
10.7554/elife.05538,2015-4-14,Crossmark enabled
10.7554/elife.03229,2014-10-15,Crossmark enabled
10.7554/elife.03952,2015-2-19,Crossmark enabled
10.7554/elife.02811,2014-5-29,Crossmark enabled
10.7554/elife.23649,2017-8-29,Crossmark enabled
10.7554/elife.25819,2017-8-11,Crossmark enabled
10.7554/elife.19874,2016-11-29,Crossmark enabled
10.7554/elife.21755,2016-12-8,Crossmark enabled
10.7554/elife.23011,2017-2-13,Crossmark enabled
10.7554/elife.18458,2016-9-30,Crossmark enabled
10.7554/elife.18691,2016-11-11,Crossmark enabled
10.7554/elife.20721,2017-1-6,Crossmark enabled
10.7554/elife.19088,2016-12-12,Crossmark enabled
10.7554/elife.17903,2016-9-20,Crossmark enabled
10.7554/elife.14601,2016-7-12,Crossmark enabled
10.7554/elife.11742,2016-2-15,Crossmark enabled
10.7554/elife.11813,2016-1-27,Crossmark enabled
10.7554/elife.12047,2016-2-27,Crossmark enabled
10.7554/elife.48246,2019-12-2,Crossmark enabled
10.7554/elife.48115,2019-9-23,Crossmark enabled
10.7554/elife.45239,2019-4-10,Crossmark enabled
10.7554/elife.45506,2019-6-7,Crossmark enabled
10.7554/elife.49500,2019-11-4,Crossmark enabled
10.7554/elife.50855,2019-11-5,Crossmark enabled
10.7554/elife.51177,2019-11-7,Crossmark enabled
10.7554/elife.43789,2019-5-14,Crossmark enabled
10.7554/elife.44146,2019-5-14,Crossmark enabled
10.7554/elife.40476,2018-12-19,Crossmark enabled
10.7554/elife.39876,2020-4-28,Crossmark enabled
10.7554/elife.38090,2018-11-28,Crossmark enabled
10.7554/elife.38455,2018-7-4,Crossmark enabled
10.7554/elife.07770,2015-10-6,Crossmark enabled
10.7554/elife.07901,2015-8-4,Crossmark enabled
10.7554/elife.29797,2017-11-22,Crossmark enabled
10.7554/elife.29880,2018-1-16,Crossmark enabled
10.7554/elife.30127,2017-8-31,Crossmark enabled
10.7554/elife.04803,2015-3-13,Crossmark enabled
10.7554/elife.33331,2018-3-5,Crossmark enabled
10.7554/elife.45207,2019-3-1,Crossmark enabled
10.7554/elife.28600,2017-6-14,Crossmark enabled
10.7554/elife.04779,2014-10-21,Crossmark enabled
10.7554/elife.22662,2017-1-19,Crossmark enabled
10.7554/elife.05614,2014-11-21,Crossmark enabled
10.7554/elife.41894,2018-10-25,Crossmark enabled
10.7554/elife.25739,2017-4-4,Crossmark enabled
10.7554/elife.02394,2014-2-11,Crossmark enabled
10.7554/elife.45809,2019-3-21,Crossmark enabled
10.7554/elife.30515,2017-9-4,Crossmark enabled
10.7554/elife.56397,2020-4-21,Crossmark enabled
10.7554/elife.52884,2019-12-2,Crossmark enabled
10.7554/elife.00563,2013-1-29,Crossmark enabled
10.7554/elife.19351,2016-8-18,Crossmark enabled
10.7554/elife.12852,2016-1-18,Crossmark enabled
10.7554/elife.06956,2015-3-25,Crossmark enabled
10.7554/elife.18108,2016-10-10,Crossmark enabled
10.7554/elife.47642,2019-8-6,Crossmark enabled
10.7554/elife.09373,2016-2-2,Crossmark enabled
10.7554/elife.36782,2018-8-28,Crossmark enabled
10.7554/elife.05842,2015-9-10,Crossmark enabled
10.7554/elife.10727,2016-1-11,Crossmark enabled
10.7554/elife.56325,2020-5-20,Crossmark enabled
10.7554/elife.28257,2017-7-18,Crossmark enabled
10.7554/elife.34793,2018-8-13,Crossmark enabled
10.7554/elife.52542,2019-11-11,Crossmark enabled
10.7554/elife.11859,2015-11-9,Crossmark enabled
10.7554/elife.04631,2014-11-19,Crossmark enabled
10.7554/elife.50041,2020-2-24,Crossmark enabled
10.7554/elife.42426,2019-1-17,Crossmark enabled
10.7554/elife.10396,2015-11-28,Crossmark enabled
10.7554/elife.47701,2019-8-22,Crossmark enabled
10.7554/elife.34960,2018-3-22,Crossmark enabled
10.7554/elife.30668,2017-12-5,Crossmark enabled
10.7554/elife.23684,2017-3-31,Crossmark enabled
10.7554/elife.14981,2016-6-10,Crossmark enabled
10.7554/elife.01469,2013-10-8,Crossmark enabled
10.7554/elife.43478,2019-4-23,Crossmark enabled
10.7554/elife.39979,2018-10-8,Crossmark enabled
10.7554/elife.01120,2013-10-1,Crossmark enabled
10.7554/elife.52984,2020-3-20,Crossmark enabled
10.7554/elife.49817,2020-1-14,Crossmark enabled
10.7554/elife.23781,2017-2-10,Crossmark enabled
10.7554/elife.55580,2020-4-16,Crossmark enabled
10.7554/elife.33685,2018-3-26,Crossmark enabled
10.7554/elife.25940,2017-6-27,Crossmark enabled
10.7554/elife.43735,2019-6-10,Crossmark enabled
10.7554/elife.44993,2019-6-11,Crossmark enabled
10.7554/elife.13964,2016-5-16,Crossmark enabled
10.7554/elife.34756,2018-2-6,Crossmark enabled
10.7554/elife.05503,2015-3-12,Crossmark enabled
10.7554/elife.37257,2018-7-17,Crossmark enabled
10.7554/elife.32073,2018-1-9,Crossmark enabled
10.7554/elife.34304,2018-4-24,Crossmark enabled
10.7554/elife.40630,2018-10-30,Crossmark enabled
10.7554/elife.46607,2019-10-30,Crossmark enabled
10.7554/elife.44489,2019-5-2,Crossmark enabled
10.7554/elife.49114,2019-12-3,Crossmark enabled
10.7554/elife.06513,2015-6-23,Crossmark enabled
10.7554/elife.06734,2015-3-30,Crossmark enabled
10.7554/elife.34323,2018-4-5,Crossmark enabled
10.7554/elife.51404,2019-12-9,Crossmark enabled
10.7554/elife.18022,2016-10-3,Crossmark enabled
10.7554/elife.14258,2016-4-7,Crossmark enabled
10.7554/elife.22509,2017-4-20,Crossmark enabled
10.7554/elife.50496,2019-11-20,Crossmark enabled
10.7554/elife.35685,2018-10-9,Crossmark enabled
10.7554/elife.08904,2015-10-14,Crossmark enabled
10.7554/elife.02615,2014-4-1,Crossmark enabled
10.7554/elife.23244,2017-6-5,Crossmark enabled
10.7554/elife.27612,2017-8-4,Crossmark enabled
10.7554/elife.31176,2018-2-6,Crossmark enabled
10.7554/elife.02104,2014-6-4,Crossmark enabled
10.7554/elife.31045,2018-3-12,Crossmark enabled
10.7554/elife.05919,2015-5-12,Crossmark enabled
10.7554/elife.06935,2015-8-14,Crossmark enabled
10.7554/elife.42135,2019-2-25,Crossmark enabled
10.7554/elife.20777,2016-12-2,Crossmark enabled
10.7554/elife.52976,2020-2-6,Crossmark enabled
10.7554/elife.09853,2015-8-5,Crossmark enabled
10.7554/elife.18716,2016-10-18,Crossmark enabled
10.7554/elife.38268,2018-7-10,Crossmark enabled
10.7554/elife.44939,2019-6-13,Crossmark enabled
10.7554/elife.24284,2017-4-25,Crossmark enabled
10.7554/elife.50973,2020-1-10,Crossmark enabled
10.7554/elife.03318,2014-12-17,Crossmark enabled
10.7554/elife.44516,2020-3-30,Crossmark enabled
10.7554/elife.19920,2016-10-22,Crossmark enabled
10.7554/elife.44425,2019-4-11,Crossmark enabled
10.7554/elife.32014,2017-9-29,Crossmark enabled
10.7554/elife.21829,2016-12-9,Crossmark enabled
10.7554/elife.55852,2020-4-27,Crossmark enabled
10.7554/elife.55275,2020-2-26,Crossmark enabled
10.7554/elife.10640,2016-3-4,Crossmark enabled
10.7554/elife.50403,2019-11-1,Crossmark enabled
10.7554/elife.17807,2016-10-10,Crossmark enabled
10.7554/elife.09584,2016-1-8,Crossmark enabled
10.7554/elife.00031,2012-10-30,Crossmark enabled
10.7554/elife.32346,2018-3-9,Crossmark enabled
10.7554/elife.53402,2020-1-17,Crossmark enabled
10.7554/elife.43333,2019-3-25,Crossmark enabled
10.7554/elife.25813,2017-6-23,Crossmark enabled
10.7554/elife.39813,2018-12-5,Crossmark enabled
10.7554/elife.02678,2014-6-10,Crossmark enabled
10.7554/elife.04463,2015-4-2,Crossmark enabled
10.7554/elife.04490,2015-4-15,Crossmark enabled
10.7554/elife.05438,2015-2-26,Crossmark enabled
10.7554/elife.03191,2014-7-8,Crossmark enabled
10.7554/elife.45002,2019-5-24,Crossmark enabled
10.7554/elife.25100,2017-7-25,Crossmark enabled
10.7554/elife.48478,2019-10-18,Crossmark enabled
10.7554/elife.36097,2018-4-23,Crossmark enabled
10.7554/elife.40765,2019-1-8,Crossmark enabled
10.7554/elife.10647,2016-3-7,Crossmark enabled
10.7554/elife.24771,2017-2-14,Crossmark enabled
10.7554/elife.01133,2013-11-5,Crossmark enabled
10.7554/elife.45396,2019-4-23,Crossmark enabled
10.7554/elife.49818,2019-12-23,Crossmark enabled
10.7554/elife.37072,2018-9-13,Crossmark enabled
10.7554/elife.10450,2015-12-9,Crossmark enabled
10.7554/elife.19130,2016-11-22,Crossmark enabled
10.7554/elife.33033,2018-3-9,Crossmark enabled
10.7554/elife.25776,2017-5-3,Crossmark enabled
10.7554/elife.46450,2019-6-17,Crossmark enabled
10.7554/elife.05361,2015-4-13,Crossmark enabled
10.7554/elife.35335,2018-5-31,Crossmark enabled
10.7554/elife.23242,2017-5-3,Crossmark enabled
10.7554/elife.14712,2016-5-16,Crossmark enabled
10.7554/elife.50482,2019-11-14,Crossmark enabled
10.7554/elife.00306,2013-2-5,Crossmark enabled
10.7554/elife.00473,2013-4-30,Crossmark enabled
10.7554/elife.17473,2016-11-18,Crossmark enabled
10.7554/elife.18858,2016-11-2,Crossmark enabled
10.7554/elife.46677,2019-8-20,Crossmark enabled
10.7554/elife.46750,2019-9-16,Crossmark enabled
10.7554/elife.19334,2016-11-22,Crossmark enabled
10.7554/elife.51037,2019-12-23,Crossmark enabled
10.7554/elife.10586,2015-11-26,Crossmark enabled
10.7554/elife.04591,2014-12-23,Crossmark enabled
10.7554/elife.07635,2015-6-19,Crossmark enabled
10.7554/elife.32839,2018-2-7,Crossmark enabled
10.7554/elife.46181,2019-5-29,Crossmark enabled
10.7554/elife.33034,2018-4-12,Crossmark enabled
10.7554/elife.45079,2019-4-30,Crossmark enabled
10.7554/elife.44522,2019-9-23,Crossmark enabled
10.7554/elife.33800,2018-6-5,Crossmark enabled
10.7554/elife.37819,2018-8-17,Crossmark enabled
10.7554/elife.50796,2019-12-31,Crossmark enabled
10.7554/elife.01439,2014-1-14,Crossmark enabled
10.7554/elife.50095,2019-12-17,Crossmark enabled
10.7554/elife.53933,2020-5-19,Crossmark enabled
10.7554/elife.24265,2017-6-3,Crossmark enabled
10.7554/elife.53178,2019-11-13,Crossmark enabled
10.7554/elife.26147,2017-8-15,Crossmark enabled
10.7554/elife.44494,2019-4-26,Crossmark enabled
10.7554/elife.26117,2017-9-5,Crossmark enabled
10.7554/elife.30241,2018-1-12,Crossmark enabled
10.7554/elife.00311,2012-12-18,Crossmark enabled
10.7554/elife.52629,2020-3-24,Crossmark enabled
10.7554/elife.19809,2016-10-25,Crossmark enabled
10.7554/elife.33442,2017-12-27,Crossmark enabled
10.7554/elife.32143,2018-3-20,Crossmark enabled
10.7554/elife.22416,2017-2-28,Crossmark enabled
10.7554/elife.28652,2017-9-26,Crossmark enabled
10.7554/elife.16950,2016-6-9,Crossmark enabled
10.7554/elife.09221,2015-8-27,Crossmark enabled
10.7554/elife.50087,2019-12-3,Crossmark enabled
10.7554/elife.37516,2018-10-16,Crossmark enabled
10.7554/elife.02115,2014-3-26,Crossmark enabled
10.7554/elife.27711,2017-8-3,Crossmark enabled
10.7554/elife.27949,2017-7-18,Crossmark enabled
10.7554/elife.46421,2019-6-26,Crossmark enabled
10.7554/elife.13876,2016-4-7,Crossmark enabled
10.7554/elife.01084,2013-8-27,Crossmark enabled
10.7554/elife.21856,2017-1-16,Crossmark enabled
10.7554/elife.14264,2016-5-25,Crossmark enabled
10.7554/elife.25736,2017-6-26,Crossmark enabled
10.7554/elife.29328,2017-11-29,Crossmark enabled
10.7554/elife.41633,2018-10-12,Crossmark enabled
10.7554/elife.16111,2016-4-27,Crossmark enabled
10.7554/elife.42033,2018-10-24,Crossmark enabled
10.7554/elife.46279,2019-3-26,Crossmark enabled
10.7554/elife.21522,2016-10-14,Crossmark enabled
10.7554/elife.03545,2014-7-1,Crossmark enabled
10.7554/elife.22661,2017-1-19,Crossmark enabled
10.7554/elife.02531,2014-3-18,Crossmark enabled
10.7554/elife.02590,2014-3-25,Crossmark enabled
10.7554/elife.00365,2012-12-13,Crossmark enabled
10.7554/elife.00515,2013-2-5,Crossmark enabled
10.7554/elife.32709,2017-11-28,Crossmark enabled
10.7554/elife.00933,2013-6-18,Crossmark enabled
10.7554/elife.57043,2020-5-7,Crossmark enabled
10.7554/elife.48654,2019-6-27,Crossmark enabled
10.7554/elife.15853,2016-4-19,Crossmark enabled
10.7554/elife.53018,2019-12-4,Crossmark enabled
10.7554/elife.19993,2016-10-8,Crossmark enabled
10.7554/elife.43284,2019-2-15,Crossmark enabled
10.7554/elife.04070,2014-10-9,Crossmark enabled
10.7554/elife.41482,2018-12-17,Crossmark enabled
10.7554/elife.55246,2020-4-23,Crossmark enabled
10.7554/elife.23049,2017-4-20,Crossmark enabled
10.7554/elife.54020,2020-4-9,Crossmark enabled
10.7554/elife.01030,2013-9-24,Crossmark enabled
10.7554/elife.29428,2017-10-24,Crossmark enabled
10.7554/elife.31955,2018-4-19,Crossmark enabled
10.7554/elife.15018,2016-7-25,Crossmark enabled
10.7554/elife.15292,2016-8-23,Crossmark enabled
10.7554/elife.20994,2017-3-8,Crossmark enabled
10.7554/elife.47615,2019-9-3,Crossmark enabled
10.7554/elife.53910,2020-1-17,Crossmark enabled
10.7554/elife.32496,2018-3-15,Crossmark enabled
10.7554/elife.11860,2016-1-12,Crossmark enabled
10.7554/elife.32724,2018-1-5,Crossmark enabled
10.7554/elife.21776,2017-1-13,Crossmark enabled
10.7554/elife.45204,2019-5-14,Crossmark enabled
10.7554/elife.24987,2017-9-11,Crossmark enabled
10.7554/elife.18541,2017-1-26,Crossmark enabled
10.7554/elife.37683,2018-9-17,Crossmark enabled
10.7554/elife.00806,2013-12-24,Crossmark enabled
10.7554/elife.52881,2019-10-23,Crossmark enabled
10.7554/elife.03043,2014-8-12,Crossmark enabled
10.7554/elife.00243,2012-10-15,Crossmark enabled
10.7554/elife.08005,2015-7-20,Crossmark enabled
10.7554/elife.13909,2016-3-14,Crossmark enabled
10.7554/elife.00633,2013-6-18,Crossmark enabled
10.7554/elife.42646,2019-3-26,Crossmark enabled
10.7554/elife.29013,2017-9-25,Crossmark enabled
10.7554/elife.27344,2017-8-15,Crossmark enabled
10.7554/elife.43599,2019-3-12,Crossmark enabled
10.7554/elife.07224,2015-7-7,Crossmark enabled
10.7554/elife.31579,2018-4-25,Crossmark enabled
10.7554/elife.17578,2016-8-31,Crossmark enabled
10.7554/elife.37349,2018-9-26,Crossmark enabled
10.7554/elife.33988,2018-6-12,Crossmark enabled
10.7554/elife.10735,2015-11-17,Crossmark enabled
10.7554/elife.05651,2015-3-20,Crossmark enabled
10.7554/elife.40214,2018-11-12,Crossmark enabled
10.7554/elife.35012,2018-6-13,Crossmark enabled
10.7554/elife.30543,2017-11-17,Crossmark enabled
10.7554/elife.23326,2017-4-20,Crossmark enabled
10.7554/elife.42455,2019-3-11,Crossmark enabled
10.7554/elife.43963,2019-5-21,Crossmark enabled
10.7554/elife.33123,2018-12-14,Crossmark enabled
10.7554/elife.26910,2017-7-31,Crossmark enabled
10.7554/elife.30498,2017-12-18,Crossmark enabled
10.7554/elife.47033,2019-8-28,Crossmark enabled
10.7554/elife.33506,2018-6-29,Crossmark enabled
10.7554/elife.40805,2019-1-4,Crossmark enabled
10.7554/elife.12552,2016-3-16,Crossmark enabled
10.7554/elife.32733,2018-2-28,Crossmark enabled
10.7554/elife.02077,2014-4-29,Crossmark enabled
10.7554/elife.20522,2016-11-11,Crossmark enabled
10.7554/elife.27155,2017-7-28,Crossmark enabled
10.7554/elife.01319,2013-11-5,Crossmark enabled
10.7554/elife.33070,2018-5-29,Crossmark enabled
10.7554/elife.52423,2019-12-17,Crossmark enabled
10.7554/elife.44771,2019-3-12,Crossmark enabled
10.7554/elife.21393,2016-11-17,Crossmark enabled
10.7554/elife.25960,2017-6-7,Crossmark enabled
10.7554/elife.20007,2017-2-10,Crossmark enabled
10.7554/elife.39611,2018-10-5,Crossmark enabled
10.7554/elife.05531,2015-4-14,Crossmark enabled
10.7554/elife.30925,2017-12-12,Crossmark enabled
10.7554/elife.06848,2015-8-11,Crossmark enabled
10.7554/elife.21337,2016-12-3,Crossmark enabled
10.7554/elife.13918,2016-9-23,Crossmark enabled
10.7554/elife.25114,2017-3-6,Crossmark enabled
10.7554/elife.53725,2020-2-5,Crossmark enabled
10.7554/elife.10956,2016-2-16,Crossmark enabled
10.7554/elife.31153,2017-9-26,Crossmark enabled
10.7554/elife.43598,2019-4-30,Crossmark enabled
10.7554/elife.34317,2018-5-24,Crossmark enabled
10.7554/elife.28111,2017-8-15,Crossmark enabled
10.7554/elife.04406,2014-10-13,Crossmark enabled
10.7554/elife.28401,2017-6-26,Crossmark enabled
10.7554/elife.46675,2019-8-27,Crossmark enabled
10.7554/elife.07000,2015-9-16,Crossmark enabled
10.7554/elife.04805,2015-6-17,Crossmark enabled
10.7554/elife.40042,2019-2-5,Crossmark enabled
10.7554/elife.21598,2016-12-21,Crossmark enabled
10.7554/elife.47433,2019-9-24,Crossmark enabled
10.7554/elife.28606,2017-9-20,Crossmark enabled
10.7554/elife.40815,2019-1-8,Crossmark enabled
10.7554/elife.12677,2016-3-17,Crossmark enabled
10.7554/elife.47788,2019-11-5,Crossmark enabled
10.7554/elife.32762,2017-11-21,Crossmark enabled
10.7554/elife.20877,2016-9-27,Crossmark enabled
10.7554/elife.05423,2015-3-19,Crossmark enabled
10.7554/elife.04970,2015-1-16,Crossmark enabled
10.7554/elife.24109,2017-5-19,Crossmark enabled
10.7554/elife.24278,2017-5-6,Crossmark enabled
10.7554/elife.24733,2017-2-7,Crossmark enabled
10.7554/elife.25850,2017-6-1,Crossmark enabled
10.7554/elife.25290,2017-6-14,Crossmark enabled
10.7554/elife.23905,2017-4-11,Crossmark enabled
10.7554/elife.26002,2017-9-6,Crossmark enabled
10.7554/elife.28387,2017-8-8,Crossmark enabled
10.7554/elife.26866,2017-8-25,Crossmark enabled
10.7554/elife.27694,2018-6-5,Crossmark enabled
10.7554/elife.41626,2019-3-15,Crossmark enabled
10.7554/elife.40970,2019-1-29,Crossmark enabled
10.7554/elife.40856,2018-12-6,Crossmark enabled
10.7554/elife.44396,2019-2-20,Crossmark enabled
10.7554/elife.42014,2019-6-6,Crossmark enabled
10.7554/elife.01197,2013-12-17,Crossmark enabled
10.7554/elife.01295,2013-11-26,Crossmark enabled
10.7554/elife.00290,2013-2-19,Crossmark enabled
10.7554/elife.11628,2015-10-22,Crossmark enabled
10.7554/elife.31225,2018-2-20,Crossmark enabled
10.7554/elife.28563,2017-10-30,Crossmark enabled
10.7554/elife.37268,2018-10-17,Crossmark enabled
10.7554/elife.19766,2016-10-25,Crossmark enabled
10.7554/elife.20272,2016-9-30,Crossmark enabled
10.7554/elife.13550,2016-5-5,Crossmark enabled
10.7554/elife.19264,2016-11-15,Crossmark enabled
10.7554/elife.17915,2017-9-12,Crossmark enabled
10.7554/elife.18426,2016-8-18,Crossmark enabled
10.7554/elife.12010,2016-1-5,Crossmark enabled
10.7554/elife.33065,2018-2-20,Crossmark enabled
10.7554/elife.34848,2018-8-14,Crossmark enabled
10.7554/elife.35816,2018-9-6,Crossmark enabled
10.7554/elife.36154,2018-7-17,Crossmark enabled
10.7554/elife.46689,2019-7-25,Crossmark enabled
10.7554/elife.45644,2019-5-7,Crossmark enabled
10.7554/elife.46050,2019-7-16,Crossmark enabled
10.7554/elife.44812,2019-6-4,Crossmark enabled
10.7554/elife.07486,2015-8-11,Crossmark enabled
10.7554/elife.08142,2015-8-22,Crossmark enabled
10.7554/elife.08149,2015-12-2,Crossmark enabled
10.7554/elife.07582,2015-10-9,Crossmark enabled
10.7554/elife.09388,2015-12-15,Crossmark enabled
10.7554/elife.27291,2017-5-12,Crossmark enabled
10.7554/elife.05615,2015-4-23,Crossmark enabled
10.7554/elife.52978,2019-12-23,Crossmark enabled
10.7554/elife.46413,2019-7-8,Crossmark enabled
10.7554/elife.51708,2020-1-9,Crossmark enabled
10.7554/elife.52189,2020-1-27,Crossmark enabled
10.7554/elife.49797,2020-1-14,Crossmark enabled
10.7554/elife.49081,2019-10-25,Crossmark enabled
10.7554/elife.53608,2020-5-29,Crossmark enabled
10.7554/elife.47667,2019-9-24,Crossmark enabled
10.7554/elife.47646,2019-8-19,Crossmark enabled
10.7554/elife.07903,2015-10-16,Crossmark enabled
10.7554/elife.52741,2020-5-11,Crossmark enabled
10.7554/elife.42869,2019-4-8,Crossmark enabled
10.7554/elife.28098,2017-10-24,Crossmark enabled
10.7554/elife.32605,2018-3-28,Crossmark enabled
10.7554/elife.42182,2019-2-26,Crossmark enabled
10.7554/elife.10514,2015-9-15,Crossmark enabled
10.7554/elife.49816,2020-1-28,Crossmark enabled
10.7554/elife.50617,2019-11-19,Crossmark enabled
10.7554/elife.32569,2018-4-13,Crossmark enabled
10.7554/elife.34087,2018-1-19,Crossmark enabled
10.7554/elife.17600,2016-7-6,Crossmark enabled
10.7554/elife.50342,2020-1-21,Crossmark enabled
10.7554/elife.08287,2015-10-9,Crossmark enabled
10.7554/elife.08954,2015-9-15,Crossmark enabled
10.7554/elife.32554,2018-6-22,Crossmark enabled
10.7554/elife.29106,2018-5-29,Crossmark enabled
10.7554/elife.36607,2018-8-28,Crossmark enabled
10.7554/elife.30463,2017-12-12,Crossmark enabled
10.7554/elife.35192,2018-6-1,Crossmark enabled
10.7554/elife.22926,2016-12-13,Crossmark enabled
10.7554/elife.44745,2019-7-16,Crossmark enabled
10.7554/elife.26255,2017-7-25,Crossmark enabled
10.7554/elife.48689,2019-9-19,Crossmark enabled
10.7554/elife.43736,2019-3-5,Crossmark enabled
10.7554/elife.50503,2019-12-31,Crossmark enabled
10.7554/elife.48408,2019-10-3,Crossmark enabled
10.7554/elife.01008,2013-9-3,Crossmark enabled
10.7554/elife.29156,2017-9-19,Crossmark enabled
10.7554/elife.47015,2019-8-21,Crossmark enabled
10.7554/elife.47654,2020-1-20,Crossmark enabled
10.7554/elife.24994,2017-9-4,Crossmark enabled
10.7554/elife.12094,2016-5-16,Crossmark enabled
10.7554/elife.39659,2018-11-5,Crossmark enabled
10.7554/elife.30391,2018-1-26,Crossmark enabled
10.7554/elife.15744,2016-5-17,Crossmark enabled
10.7554/elife.50598,2019-10-2,Crossmark enabled
10.7554/elife.37084,2018-5-29,Crossmark enabled
10.7554/elife.24196,2017-9-5,Crossmark enabled
10.7554/elife.42881,2019-4-30,Crossmark enabled
10.7554/elife.45863,2019-11-29,Crossmark enabled
10.7554/elife.52125,2020-2-10,Crossmark enabled
10.7554/elife.38827,2018-12-18,Crossmark enabled
10.7554/elife.00757,2013-5-14,Crossmark enabled
10.7554/elife.31050,2017-11-22,Crossmark enabled
10.7554/elife.45696,2019-7-12,Crossmark enabled
10.7554/elife.09943,2015-10-26,Crossmark enabled
10.7554/elife.14295,2016-4-16,Crossmark enabled
10.7554/elife.48054,2019-6-24,Crossmark enabled
10.7554/elife.46923,2019-9-10,Crossmark enabled
10.7554/elife.00947,2013-8-6,Crossmark enabled
10.7554/elife.12345,2016-1-18,Crossmark enabled
10.7554/elife.38131,2018-9-11,Crossmark enabled
10.7554/elife.41043,2019-2-1,Crossmark enabled
10.7554/elife.46075,2019-8-6,Crossmark enabled
10.7554/elife.05000,2014-11-6,Crossmark enabled
10.7554/elife.44567,2019-2-8,Crossmark enabled
10.7554/elife.30249,2017-8-9,Crossmark enabled
10.7554/elife.16797,2016-8-9,Crossmark enabled
10.7554/elife.11682,2015-12-31,Crossmark enabled
10.7554/elife.37558,2018-8-15,Crossmark enabled
10.7554/elife.45631,2019-6-13,Crossmark enabled
10.7554/elife.41690,2019-1-15,Crossmark enabled
10.7554/elife.35717,2018-7-17,Crossmark enabled
10.7554/elife.10013,2015-11-11,Crossmark enabled
10.7554/elife.25224,2017-7-3,Crossmark enabled
10.7554/elife.38970,2018-10-18,Crossmark enabled
10.7554/elife.46563,2019-3-13,Crossmark enabled
10.7554/elife.25727,2017-11-6,Crossmark enabled
10.7554/elife.44345,2019-5-20,Crossmark enabled
10.7554/elife.13214,2016-9-19,Crossmark enabled
10.7554/elife.12876,2016-3-8,Crossmark enabled
10.7554/elife.30640,2017-11-27,Crossmark enabled
10.7554/elife.36600,2018-5-1,Crossmark enabled
10.7554/elife.12966,2016-2-22,Crossmark enabled
10.7554/elife.21451,2016-12-20,Crossmark enabled
10.7554/elife.03275,2014-6-30,Crossmark enabled
10.7554/elife.12548,2015-12-15,Crossmark enabled
10.7554/elife.11214,2015-12-17,Crossmark enabled
10.7554/elife.17086,2017-4-27,Crossmark enabled
10.7554/elife.43738,2019-2-27,Crossmark enabled
10.7554/elife.32656,2018-2-13,Crossmark enabled
10.7554/elife.00780,2013-7-30,Crossmark enabled
10.7554/elife.42930,2019-4-8,Crossmark enabled
10.7554/elife.28032,2017-11-22,Crossmark enabled
10.7554/elife.11009,2015-11-27,Crossmark enabled
10.7554/elife.43938,2019-2-11,Crossmark enabled
10.7554/elife.28801,2017-10-30,Crossmark enabled
10.7554/elife.31657,2018-7-11,Crossmark enabled
10.7554/elife.12058,2015-11-21,Crossmark enabled
10.7554/elife.09672,2015-12-29,Crossmark enabled
10.7554/elife.01817,2014-5-21,Crossmark enabled
10.7554/elife.22474,2017-2-13,Crossmark enabled
10.7554/elife.35960,2018-6-15,Crossmark enabled
10.7554/elife.01438,2014-3-26,Crossmark enabled
10.7554/elife.38215,2018-9-3,Crossmark enabled
10.7554/elife.38340,2018-7-31,Crossmark enabled
10.7554/elife.18207,2016-11-30,Crossmark enabled
10.7554/elife.16105,2016-7-7,Crossmark enabled
10.7554/elife.23493,2017-3-14,Crossmark enabled
10.7554/elife.13388,2016-3-29,Crossmark enabled
10.7554/elife.10140,2015-12-28,Crossmark enabled
10.7554/elife.47155,2019-9-17,Crossmark enabled
10.7554/elife.57309,2020-4-2,Crossmark enabled
10.7554/elife.09571,2015-11-9,Crossmark enabled
10.7554/elife.42837,2019-1-29,Crossmark enabled
10.7554/elife.18574,2016-9-9,Crossmark enabled
10.7554/elife.38906,2018-10-16,Crossmark enabled
10.7554/elife.36530,2018-8-10,Crossmark enabled
10.7554/elife.09868,2015-10-13,Crossmark enabled
10.7554/elife.19466,2017-3-3,Crossmark enabled
10.7554/elife.36326,2018-11-26,Crossmark enabled
10.7554/elife.56601,2020-6-2,Crossmark enabled
10.7554/elife.32548,2018-12-14,Crossmark enabled
10.7554/elife.23971,2017-4-18,Crossmark enabled
10.7554/elife.25125,2017-8-14,Crossmark enabled
10.7554/elife.54712,2020-3-16,Crossmark enabled
10.7554/elife.32109,2018-4-17,Crossmark enabled
10.7554/elife.37663,2018-10-3,Crossmark enabled
10.7554/elife.43761,2019-6-19,Crossmark enabled
10.7554/elife.53552,2020-4-7,Crossmark enabled
10.7554/elife.06541,2015-10-13,Crossmark enabled
10.7554/elife.03126,2014-8-18,Crossmark enabled
10.7554/elife.17029,2016-7-19,Crossmark enabled
10.7554/elife.52986,2020-5-28,Crossmark enabled
10.7554/elife.06120,2015-3-19,Crossmark enabled
10.7554/elife.38065,2019-2-15,Crossmark enabled
10.7554/elife.52951,2020-3-5,Crossmark enabled
10.7554/elife.00672,2013-12-10,Crossmark enabled
10.7554/elife.18434,2016-9-14,Crossmark enabled
10.7554/elife.36520,2018-9-3,Crossmark enabled
10.7554/elife.23437,2017-3-27,Crossmark enabled
10.7554/elife.06620,2015-7-23,Crossmark enabled
10.7554/elife.40583,2018-12-6,Crossmark enabled
10.7554/elife.34831,2018-3-29,Crossmark enabled
10.7554/elife.17672,2016-9-16,Crossmark enabled
10.7554/elife.49130,2019-8-27,Crossmark enabled
10.7554/elife.22901,2017-12-5,Crossmark enabled
10.7554/elife.51089,2020-2-11,Crossmark enabled
10.7554/elife.54937,2020-3-27,Crossmark enabled
10.7554/elife.33468,2018-4-3,Crossmark enabled
10.7554/elife.43777,2019-1-10,Crossmark enabled
10.7554/elife.36882,2018-5-8,Crossmark enabled
10.7554/elife.03475,2014-7-1,Crossmark enabled
10.7554/elife.51497,2019-10-8,Crossmark enabled
10.7554/elife.52631,2019-11-14,Crossmark enabled
10.7554/elife.34923,2018-2-20,Crossmark enabled
10.7554/elife.35374,2018-3-6,Crossmark enabled
10.7554/elife.00572,2013-2-19,Crossmark enabled
10.7554/elife.10535,2015-9-9,Crossmark enabled
10.7554/elife.33591,2017-12-19,Crossmark enabled
10.7554/elife.03235,2014-6-3,Crossmark enabled
10.7554/elife.12838,2015-12-15,Crossmark enabled
10.7554/elife.04014,2014-8-20,Crossmark enabled
10.7554/elife.28152,2017-6-2,Crossmark enabled
10.7554/elife.55915,2020-3-4,Crossmark enabled
10.7554/elife.29502,2017-7-20,Crossmark enabled
10.7554/elife.23065,2016-12-13,Crossmark enabled
10.7554/elife.37888,2018-6-6,Crossmark enabled
10.7554/elife.00767,2013-4-30,Crossmark enabled
10.7554/elife.46349,2019-6-24,Crossmark enabled
10.7554/elife.17137,2017-4-20,Crossmark enabled
10.7554/elife.09976,2016-2-16,Crossmark enabled
10.7554/elife.37836,2018-9-17,Crossmark enabled
10.7554/elife.50571,2020-2-4,Crossmark enabled
10.7554/elife.51421,2019-10-15,Crossmark enabled
10.7554/elife.53362,2019-12-5,Crossmark enabled
10.7554/elife.51512,2020-3-11,Crossmark enabled
10.7554/elife.53226,2020-5-22,Crossmark enabled
10.7554/elife.49941,2020-3-20,Crossmark enabled
10.7554/elife.17464,2016-9-26,Crossmark enabled
10.7554/elife.11184,2016-3-22,Crossmark enabled
10.7554/elife.14599,2016-7-12,Crossmark enabled
10.7554/elife.17082,2016-5-16,Crossmark enabled
10.7554/elife.25327,2017-5-19,Crossmark enabled
10.7554/elife.25541,2017-6-8,Crossmark enabled
10.7554/elife.29878,2017-10-23,Crossmark enabled
10.7554/elife.30135,2017-10-23,Crossmark enabled
10.7554/elife.28626,2017-12-5,Crossmark enabled
10.7554/elife.44032,2019-3-14,Crossmark enabled
10.7554/elife.41728,2019-1-18,Crossmark enabled
10.7554/elife.44352,2019-5-7,Crossmark enabled
10.7554/elife.10206,2015-9-11,Crossmark enabled
10.7554/elife.34186,2018-4-17,Crossmark enabled
10.7554/elife.34032,2018-10-8,Crossmark enabled
10.7554/elife.35407,2018-7-12,Crossmark enabled
10.7554/elife.45187,2019-7-18,Crossmark enabled
10.7554/elife.46839,2019-7-2,Crossmark enabled
10.7554/elife.46962,2019-3-27,Crossmark enabled
10.7554/elife.47216,2019-9-17,Crossmark enabled
10.7554/elife.46359,2019-6-21,Crossmark enabled
10.7554/elife.46135,2019-5-8,Crossmark enabled
10.7554/elife.48594,2019-6-21,Crossmark enabled
10.7554/elife.21884,2017-2-23,Crossmark enabled
10.7554/elife.22599,2017-9-11,Crossmark enabled
10.7554/elife.22225,2017-9-7,Crossmark enabled
10.7554/elife.22207,2017-3-13,Crossmark enabled
10.7554/elife.21629,2017-5-23,Crossmark enabled
10.7554/elife.23013,2017-3-10,Crossmark enabled
10.7554/elife.27701,2017-9-4,Crossmark enabled
10.7554/elife.27166,2018-1-9,Crossmark enabled
10.7554/elife.10807,2016-2-4,Crossmark enabled
10.7554/elife.07046,2015-5-8,Crossmark enabled
10.7554/elife.06774,2015-5-7,Crossmark enabled
10.7554/elife.05196,2015-5-19,Crossmark enabled
10.7554/elife.00924,2013-11-5,Crossmark enabled
10.7554/elife.04008,2014-12-23,Crossmark enabled
10.7554/elife.07702,2015-11-17,Crossmark enabled
10.7554/elife.08733,2015-8-11,Crossmark enabled
10.7554/elife.39518,2018-9-25,Crossmark enabled
10.7554/elife.55526,2020-6-9,Crossmark enabled
10.7554/elife.18165,2016-8-1,Crossmark enabled
10.7554/elife.30246,2018-1-23,Crossmark enabled
10.7554/elife.13273,2016-4-26,Crossmark enabled
10.7554/elife.51810,2020-1-7,Crossmark enabled
10.7554/elife.10115,2015-11-27,Crossmark enabled
10.7554/elife.07335,2015-8-4,Crossmark enabled
10.7554/elife.49831,2019-8-8,Crossmark enabled
10.7554/elife.40675,2018-11-14,Crossmark enabled
10.7554/elife.25141,2017-9-11,Crossmark enabled
10.7554/elife.53085,2020-4-14,Crossmark enabled
10.7554/elife.40754,2019-4-9,Crossmark enabled
10.7554/elife.53868,2020-3-6,Crossmark enabled
10.7554/elife.51473,2020-5-20,Crossmark enabled
10.7554/elife.13470,2016-4-6,Crossmark enabled
10.7554/elife.06126,2015-12-10,Crossmark enabled
10.7554/elife.06683,2015-4-21,Crossmark enabled
10.7554/elife.23858,2017-4-10,Crossmark enabled
10.7554/elife.52612,2020-2-5,Crossmark enabled
10.7554/elife.02025,2014-4-8,Crossmark enabled
10.7554/elife.03604,2014-7-31,Crossmark enabled
10.7554/elife.49544,2020-2-11,Crossmark enabled
10.7554/elife.32056,2017-10-23,Crossmark enabled
10.7554/elife.03573,2014-11-19,Crossmark enabled
10.7554/elife.52787,2020-5-19,Crossmark enabled
10.7554/elife.03075,2014-7-14,Crossmark enabled
10.7554/elife.05868,2015-3-5,Crossmark enabled
10.7554/elife.27829,2018-5-24,Crossmark enabled
10.7554/elife.25496,2017-11-1,Crossmark enabled
10.7554/elife.52358,2020-3-30,Crossmark enabled
10.7554/elife.43088,2019-2-27,Crossmark enabled
10.7554/elife.30274,2018-1-9,Crossmark enabled
10.7554/elife.26857,2017-8-8,Crossmark enabled
10.7554/elife.03851,2014-10-23,Crossmark enabled
10.7554/elife.52560,2020-2-27,Crossmark enabled
10.7554/elife.40560,2019-2-12,Crossmark enabled
10.7554/elife.02009,2014-5-27,Crossmark enabled
10.7554/elife.49915,2019-11-27,Crossmark enabled
10.7554/elife.21166,2017-1-24,Crossmark enabled
10.7554/elife.30150,2018-1-9,Crossmark enabled
10.7554/elife.03180,2014-10-27,Crossmark enabled
10.7554/elife.27702,2017-9-8,Crossmark enabled
10.7554/elife.53810,2020-3-4,Crossmark enabled
10.7554/elife.43551,2019-5-20,Crossmark enabled
10.7554/elife.00007,2012-10-15,Crossmark enabled
10.7554/elife.03497,2014-8-26,Crossmark enabled
10.7554/elife.50063,2019-11-8,Crossmark enabled
10.7554/elife.34349,2018-5-29,Crossmark enabled
10.7554/elife.52220,2019-12-24,Crossmark enabled
10.7554/elife.27283,2017-7-26,Crossmark enabled
10.7554/elife.14036,2016-5-11,Crossmark enabled
10.7554/elife.49180,2019-9-24,Crossmark enabled
10.7554/elife.06659,2015-5-7,Crossmark enabled
10.7554/elife.43499,2019-8-20,Crossmark enabled
10.7554/elife.24466,2017-5-2,Crossmark enabled
10.7554/elife.41415,2019-1-16,Crossmark enabled
10.7554/elife.20851,2017-3-22,Crossmark enabled
10.7554/elife.51996,2020-2-13,Crossmark enabled
10.7554/elife.08440,2015-9-7,Crossmark enabled
10.7554/elife.40164,2019-6-17,Crossmark enabled
10.7554/elife.45047,2020-1-29,Crossmark enabled
10.7554/elife.18009,2016-11-23,Crossmark enabled
10.7554/elife.15039,2016-5-5,Crossmark enabled
10.7554/elife.55325,2020-5-22,Crossmark enabled
10.7554/elife.48983,2019-9-23,Crossmark enabled
10.7554/elife.50988,2020-3-10,Crossmark enabled
10.7554/elife.30822,2017-10-6,Crossmark enabled
10.7554/elife.43788,2019-1-17,Crossmark enabled
10.7554/elife.31636,2018-6-21,Crossmark enabled
10.7554/elife.02634,2014-5-2,Crossmark enabled
10.7554/elife.19595,2017-1-28,Crossmark enabled
10.7554/elife.20882,2017-3-15,Crossmark enabled
10.7554/elife.27082,2017-10-13,Crossmark enabled
10.7554/elife.04659,2015-4-8,Crossmark enabled
10.7554/elife.09648,2015-11-17,Crossmark enabled
10.7554/elife.15392,2016-9-26,Crossmark enabled
10.7554/elife.31989,2018-3-5,Crossmark enabled
10.7554/elife.20934,2016-10-26,Crossmark enabled
10.7554/elife.03606,2014-12-23,Crossmark enabled
10.7554/elife.11396,2015-12-1,Crossmark enabled
10.7554/elife.25423,2017-12-18,Crossmark enabled
10.7554/elife.40316,2019-4-4,Crossmark enabled
10.7554/elife.34395,2018-4-5,Crossmark enabled
10.7554/elife.53865,2020-2-13,Crossmark enabled
10.7554/elife.54265,2020-1-14,Crossmark enabled
10.7554/elife.02061,2014-1-28,Crossmark enabled
10.7554/elife.02515,2014-3-18,Crossmark enabled
10.7554/elife.27198,2017-5-12,Crossmark enabled
10.7554/elife.18037,2016-6-23,Crossmark enabled
10.7554/elife.36707,2018-4-4,Crossmark enabled
10.7554/elife.37641,2018-5-22,Crossmark enabled
10.7554/elife.43666,2018-12-3,Crossmark enabled
10.7554/elife.12615,2016-1-8,Crossmark enabled
10.7554/elife.41041,2018-9-14,Crossmark enabled
10.7554/elife.19360,2016-10-27,Crossmark enabled
10.7554/elife.01305,2013-12-24,Crossmark enabled
10.7554/elife.39748,2019-3-21,Crossmark enabled
10.7554/elife.27444,2017-12-12,Crossmark enabled
10.7554/elife.06866,2015-7-29,Crossmark enabled
10.7554/elife.27192,2017-8-11,Crossmark enabled
10.7554/elife.07247,2015-8-3,Crossmark enabled
10.7554/elife.41461,2019-4-25,Crossmark enabled
10.7554/elife.01355,2014-1-28,Crossmark enabled
10.7554/elife.26067,2017-7-28,Crossmark enabled
10.7554/elife.34292,2018-4-26,Crossmark enabled
10.7554/elife.54096,2020-3-16,Crossmark enabled
10.7554/elife.37345,2018-9-4,Crossmark enabled
10.7554/elife.48609,2019-8-13,Crossmark enabled
10.7554/elife.25782,2017-6-6,Crossmark enabled
10.7554/elife.32517,2018-2-6,Crossmark enabled
10.7554/elife.04241,2015-3-11,Crossmark enabled
10.7554/elife.28889,2017-9-12,Crossmark enabled
10.7554/elife.00726,2013-9-3,Crossmark enabled
10.7554/elife.24836,2017-7-3,Crossmark enabled
10.7554/elife.43191,2019-6-24,Crossmark enabled
10.7554/elife.41535,2019-2-28,Crossmark enabled
10.7554/elife.27109,2017-9-7,Crossmark enabled
10.7554/elife.13833,2016-7-5,Crossmark enabled
10.7554/elife.24903,2017-6-27,Crossmark enabled
10.7554/elife.31993,2017-12-21,Crossmark enabled
10.7554/elife.29173,2017-9-27,Crossmark enabled
10.7554/elife.18675,2016-8-23,Crossmark enabled
10.7554/elife.43542,2019-3-4,Crossmark enabled
10.7554/elife.37321,2019-2-6,Crossmark enabled
10.7554/elife.41223,2019-3-11,Crossmark enabled
10.7554/elife.43620,2019-6-12,Crossmark enabled
10.7554/elife.02313,2014-3-12,Crossmark enabled
10.7554/elife.19092,2016-10-25,Crossmark enabled
10.7554/elife.44941,2019-12-10,Crossmark enabled
10.7554/elife.17636,2016-10-1,Crossmark enabled
10.7554/elife.27480,2017-9-12,Crossmark enabled
10.7554/elife.05048,2015-1-19,Crossmark enabled
10.7554/elife.25197,2017-10-12,Crossmark enabled
10.7554/elife.02078,2014-5-8,Crossmark enabled
10.7554/elife.47279,2019-6-10,Crossmark enabled
10.7554/elife.42209,2018-12-6,Crossmark enabled
10.7554/elife.35796,2018-4-19,Crossmark enabled
10.7554/elife.51963,2020-2-11,Crossmark enabled
10.7554/elife.30862,2017-11-16,Crossmark enabled
10.7554/elife.53074,2020-5-26,Crossmark enabled
10.7554/elife.42918,2019-4-11,Crossmark enabled
10.7554/elife.06942,2015-7-6,Crossmark enabled
10.7554/elife.17716,2016-9-22,Crossmark enabled
10.7554/elife.48063,2019-11-11,Crossmark enabled
10.7554/elife.44799,2019-1-23,Crossmark enabled
10.7554/elife.01893,2013-12-24,Crossmark enabled
10.7554/elife.29285,2017-11-14,Crossmark enabled
10.7554/elife.30018,2018-2-28,Crossmark enabled
10.7554/elife.29915,2018-1-23,Crossmark enabled
10.7554/elife.27038,2017-9-5,Crossmark enabled
10.7554/elife.13620,2016-6-23,Crossmark enabled
10.7554/elife.15915,2016-6-10,Crossmark enabled
10.7554/elife.14203,2016-6-14,Crossmark enabled
10.7554/elife.26898,2017-8-22,Crossmark enabled
10.7554/elife.20003,2017-1-31,Crossmark enabled
10.7554/elife.20640,2016-12-23,Crossmark enabled
10.7554/elife.20069,2016-10-1,Crossmark enabled
10.7554/elife.58436,2020-6-1,Crossmark enabled
10.7554/elife.52466,2020-2-20,Crossmark enabled
10.7554/elife.54867,2020-2-21,Crossmark enabled
10.7554/elife.55132,2020-5-29,Crossmark enabled
10.7554/elife.03650,2014-9-2,Crossmark enabled
10.7554/elife.02372,2014-6-18,Crossmark enabled
10.7554/elife.08261,2015-7-28,Crossmark enabled
10.7554/elife.07935,2015-8-24,Crossmark enabled
10.7554/elife.10111,2015-11-9,Crossmark enabled
10.7554/elife.04745,2015-3-25,Crossmark enabled
10.7554/elife.06462,2015-5-30,Crossmark enabled
10.7554/elife.06303,2015-2-11,Crossmark enabled
10.7554/elife.25139,2017-6-14,Crossmark enabled
10.7554/elife.46165,2019-6-11,Crossmark enabled
10.7554/elife.45658,2019-4-17,Crossmark enabled
10.7554/elife.42078,2019-1-1,Crossmark enabled
10.7554/elife.42282,2019-2-27,Crossmark enabled
10.7554/elife.40171,2019-1-14,Crossmark enabled
10.7554/elife.41673,2019-1-8,Crossmark enabled
10.7554/elife.41741,2019-1-7,Crossmark enabled
10.7554/elife.40854,2018-11-20,Crossmark enabled
10.7554/elife.48788,2019-7-29,Crossmark enabled
10.7554/elife.48686,2019-9-23,Crossmark enabled
10.7554/elife.49917,2020-2-25,Crossmark enabled
10.7554/elife.50530,2019-9-20,Crossmark enabled
10.7554/elife.50568,2020-3-16,Crossmark enabled
10.7554/elife.49494,2019-12-2,Crossmark enabled
10.7554/elife.21687,2017-1-12,Crossmark enabled
10.7554/elife.36645,2018-9-17,Crossmark enabled
10.7554/elife.35755,2018-7-30,Crossmark enabled
10.7554/elife.38790,2018-11-2,Crossmark enabled
10.7554/elife.38346,2018-10-23,Crossmark enabled
10.7554/elife.18109,2016-11-24,Crossmark enabled
10.7554/elife.32354,2018-3-5,Crossmark enabled
10.7554/elife.32490,2018-5-1,Crossmark enabled
10.7554/elife.34404,2018-7-23,Crossmark enabled
10.7554/elife.35037,2018-4-17,Crossmark enabled
10.7554/elife.47150,2019-10-17,Crossmark enabled
10.7554/elife.47117,2019-7-16,Crossmark enabled
10.7554/elife.02641,2014-6-10,Crossmark enabled
10.7554/elife.24660,2017-7-12,Crossmark enabled
10.7554/elife.36697,2018-10-30,Crossmark enabled
10.7554/elife.34362,2018-4-12,Crossmark enabled
10.7554/elife.17438,2016-8-3,Crossmark enabled
10.7554/elife.46312,2019-8-13,Crossmark enabled
10.7554/elife.40266,2018-11-26,Crossmark enabled
10.7554/elife.05161,2015-1-20,Crossmark enabled
10.7554/elife.14120,2016-3-14,Crossmark enabled
10.7554/elife.49630,2019-12-11,Crossmark enabled
10.7554/elife.30325,2018-9-17,Crossmark enabled
10.7554/elife.32437,2017-10-24,Crossmark enabled
10.7554/elife.47579,2019-10-15,Crossmark enabled
10.7554/elife.55252,2020-5-26,Crossmark enabled
10.7554/elife.21409,2017-4-18,Crossmark enabled
10.7554/elife.01569,2014-2-11,Crossmark enabled
10.7554/elife.20444,2017-2-14,Crossmark enabled
10.7554/elife.44436,2019-5-10,Crossmark enabled
10.7554/elife.44985,2019-4-16,Crossmark enabled
10.7554/elife.36209,2018-3-27,Crossmark enabled
10.7554/elife.00699,2013-7-23,Crossmark enabled
10.7554/elife.45957,2019-6-17,Crossmark enabled
10.7554/elife.28440,2017-8-9,Crossmark enabled
10.7554/elife.53639,2020-5-18,Crossmark enabled
10.7554/elife.49187,2019-7-18,Crossmark enabled
10.7554/elife.15991,2016-8-17,Crossmark enabled
10.7554/elife.23156,2016-12-30,Crossmark enabled
10.7554/elife.06722,2015-4-23,Crossmark enabled
10.7554/elife.54318,2020-4-28,Crossmark enabled
10.7554/elife.03695,2014-10-15,Crossmark enabled
10.7554/elife.01916,2014-2-11,Crossmark enabled
10.7554/elife.20621,2016-12-1,Crossmark enabled
10.7554/elife.30916,2018-4-17,Crossmark enabled
10.7554/elife.36248,2018-11-14,Crossmark enabled
10.7554/elife.39468,2018-8-29,Crossmark enabled
10.7554/elife.19552,2017-5-12,Crossmark enabled
10.7554/elife.40392,2018-12-5,Crossmark enabled
10.7554/elife.46440,2019-4-30,Crossmark enabled
10.7554/elife.02324,2014-5-20,Crossmark enabled
10.7554/elife.44433,2019-4-30,Crossmark enabled
10.7554/elife.31652,2017-10-11,Crossmark enabled
10.7554/elife.16673,2016-8-17,Crossmark enabled
10.7554/elife.08712,2015-9-10,Crossmark enabled
10.7554/elife.14029,2016-5-9,Crossmark enabled
10.7554/elife.42761,2019-2-5,Crossmark enabled
10.7554/elife.05835,2015-3-25,Crossmark enabled
10.7554/elife.36523,2018-7-27,Crossmark enabled
10.7554/elife.37550,2018-11-1,Crossmark enabled
10.7554/elife.42486,2019-2-22,Crossmark enabled
10.7554/elife.14846,2016-5-17,Crossmark enabled
10.7554/elife.00421,2013-5-14,Crossmark enabled
10.7554/elife.01820,2013-12-11,Crossmark enabled
10.7554/elife.24318,2017-5-15,Crossmark enabled
10.7554/elife.54434,2020-6-8,Crossmark enabled
10.7554/elife.13764,2016-8-4,Crossmark enabled
10.7554/elife.41050,2018-12-14,Crossmark enabled
10.7554/elife.43128,2019-2-6,Crossmark enabled
10.7554/elife.49717,2020-1-23,Crossmark enabled
10.7554/elife.04580,2014-12-23,Crossmark enabled
10.7554/elife.19430,2016-12-6,Crossmark enabled
10.7554/elife.12245,2016-1-26,Crossmark enabled
10.7554/elife.47293,2020-1-20,Crossmark enabled
10.7554/elife.39842,2019-3-15,Crossmark enabled
10.7554/elife.35684,2018-7-25,Crossmark enabled
10.7554/elife.03737,2014-10-14,Crossmark enabled
10.7554/elife.36739,2018-6-13,Crossmark enabled
10.7554/elife.19850,2016-12-6,Crossmark enabled
10.7554/elife.08935,2015-10-20,Crossmark enabled
10.7554/elife.15166,2016-6-14,Crossmark enabled
10.7554/elife.28671,2017-9-16,Crossmark enabled
10.7554/elife.22264,2017-1-16,Crossmark enabled
10.7554/elife.19127,2016-9-19,Crossmark enabled
10.7554/elife.26733,2017-7-24,Crossmark enabled
10.7554/elife.22939,2017-5-2,Crossmark enabled
10.7554/elife.51700,2019-12-31,Crossmark enabled
10.7554/elife.04640,2015-8-18,Crossmark enabled
10.7554/elife.10308,2015-10-5,Crossmark enabled
10.7554/elife.30506,2017-10-2,Crossmark enabled
10.7554/elife.49672,2019-11-26,Crossmark enabled
10.7554/elife.21926,2017-3-23,Crossmark enabled
10.7554/elife.31661,2017-12-15,Crossmark enabled
10.7554/elife.07727,2016-2-4,Crossmark enabled
10.7554/elife.48120,2019-10-3,Crossmark enabled
10.7554/elife.05055,2015-1-16,Crossmark enabled
10.7554/elife.48630,2019-8-22,Crossmark enabled
10.7554/elife.41152,2018-11-19,Crossmark enabled
10.7554/elife.43224,2018-12-17,Crossmark enabled
10.7554/elife.10592,2015-12-23,Crossmark enabled
10.7554/elife.11612,2016-2-19,Crossmark enabled
10.7554/elife.52063,2020-1-7,Crossmark enabled
10.7554/elife.52774,2020-2-28,Crossmark enabled
10.7554/elife.32110,2018-3-9,Crossmark enabled
10.7554/elife.48571,2019-10-4,Crossmark enabled
10.7554/elife.51507,2020-2-11,Crossmark enabled
10.7554/elife.01901,2014-2-25,Crossmark enabled
10.7554/elife.48660,2019-8-23,Crossmark enabled
10.7554/elife.46842,2019-12-6,Crossmark enabled
10.7554/elife.24146,2017-4-7,Crossmark enabled
10.7554/elife.46500,2019-7-30,Crossmark enabled
10.7554/elife.32764,2018-2-20,Crossmark enabled
10.7554/elife.11476,2016-3-7,Crossmark enabled
10.7554/elife.05563,2015-8-6,Crossmark enabled
10.7554/elife.52067,2020-1-23,Crossmark enabled
10.7554/elife.13720,2016-6-29,Crossmark enabled
10.7554/elife.11182,2015-12-1,Crossmark enabled
10.7554/elife.00658,2013-5-28,Crossmark enabled
10.7554/elife.41139,2019-1-23,Crossmark enabled
10.7554/elife.09652,2015-10-8,Crossmark enabled
10.7554/elife.01483,2014-2-4,Crossmark enabled
10.7554/elife.54157,2020-3-6,Crossmark enabled
10.7554/elife.37567,2018-8-21,Crossmark enabled
10.7554/elife.36329,2018-6-21,Crossmark enabled
10.7554/elife.50777,2019-11-4,Crossmark enabled
10.7554/elife.33480,2018-5-8,Crossmark enabled
10.7554/elife.44288,2019-7-11,Crossmark enabled
10.7554/elife.40325,2018-11-26,Crossmark enabled
10.7554/elife.26248,2017-6-22,Crossmark enabled
10.7554/elife.42388,2019-2-8,Crossmark enabled
10.7554/elife.14330,2016-5-17,Crossmark enabled
10.7554/elife.24080,2017-6-13,Crossmark enabled
10.7554/elife.10116,2016-1-5,Crossmark enabled